relpath,dataset_source,class,duplicate_of,pixel_hash
data\raw\dataset1\Osteoporosis Knee X-ray\normal\N21.jpg,dataset1,normal,data\raw\dataset1\Osteoporosis Knee X-ray\normal\N16.jpg,47d14413b9b114f0d63df3d6eff87552085da299dc826030e7afa8fa9b4ff0d5
data\raw\dataset1\Osteoporosis Knee X-ray\normal\N27.jpg,dataset1,normal,data\raw\dataset1\Osteoporosis Knee X-ray\normal\N22.jpg,f831e9fe5cfca0d6e1981de9d85e12ba76c080ceede25407cb43a68d16c1f6ff
data\raw\dataset1\Osteoporosis Knee X-ray\normal\N32.jpg,dataset1,normal,data\raw\dataset1\Osteoporosis Knee X-ray\normal\N28.jpg,8f14213133352c984e3aaa97ce6bf7e78253363ba8fb38fedbdd9fcac316e2fa
data\raw\dataset1\Osteoporosis Knee X-ray\osteopenia\OP107.jpg,dataset1,osteopenia,data\raw\dataset1\Osteoporosis Knee X-ray\normal\N23.jpg,e99ffeb687ae5359c79c4a2773fffbfaadb3af8b2a0dca5600c7214593296eed
data\raw\dataset1\Osteoporosis Knee X-ray\osteopenia\OP112.jpg,dataset1,osteopenia,data\raw\dataset1\Osteoporosis Knee X-ray\osteopenia\OP100.jpg,468c347f98610d68a3c64336342ac75cd152737fe0965e40d074ad813295022f
data\raw\dataset1\Osteoporosis Knee X-ray\osteopenia\OP13.JPEG,dataset1,osteopenia,data\raw\dataset1\Osteoporosis Knee X-ray\normal\N1.JPEG,60f2f84b887de1b496cf7999a412bc5022994bf2464f4371b4f8b6c682fab390
data\raw\dataset1\Osteoporosis Knee X-ray\osteopenia\OP131.jpg,dataset1,osteopenia,data\raw\dataset1\Osteoporosis Knee X-ray\osteopenia\OP108.jpg,f2b26afb2182ccb37f7c30aa3e337e037830e09c087455babe867c37e4a22495
data\raw\dataset1\Osteoporosis Knee X-ray\osteopenia\OP135.jpg,dataset1,osteopenia,data\raw\dataset1\Osteoporosis Knee X-ray\osteopenia\OP101.jpg,cd6f232d9431a8c901c9e353ece86b4b26f328055c28e43b335d8936e4976b80
data\raw\dataset1\Osteoporosis Knee X-ray\osteopenia\OP139.jpg,dataset1,osteopenia,data\raw\dataset1\Osteoporosis Knee X-ray\osteopenia\OP103.jpg,7de6792b26a8735f2ad87479c653243446469a71bdb06db7b695edcb001a2031
data\raw\dataset1\Osteoporosis Knee X-ray\osteopenia\OP21.JPEG,dataset1,osteopenia,data\raw\dataset1\Osteoporosis Knee X-ray\osteopenia\OP20.JPEG,009c5ff50173a0e785e98827ad15de8a38ccc915d194e7f9d132e4629d0ee7e4
data\raw\dataset1\Osteoporosis Knee X-ray\osteopenia\OP27.JPEG,dataset1,osteopenia,data\raw\dataset1\Osteoporosis Knee X-ray\osteopenia\OP22.JPEG,1e73b40fd77d6b8db995831a505d61d49e449c2c8b2d48b905e6b95112be88fd
data\raw\dataset1\Osteoporosis Knee X-ray\osteopenia\OP28.JPEG,dataset1,osteopenia,data\raw\dataset1\Osteoporosis Knee X-ray\osteopenia\OP2.JPEG,c5842cd693c8d6bb096106efbde3ce3c3a092604d038db7843fe720cd7953567
data\raw\dataset1\Osteoporosis Knee X-ray\osteopenia\OP72.jpg,dataset1,osteopenia,data\raw\dataset1\Osteoporosis Knee X-ray\osteopenia\OP56.jpg,d7a10c90e2f5e1cc37ae8edd3ae74c6179c5500d006d2da11180ec0bfa0c4517
data\raw\dataset1\Osteoporosis Knee X-ray\osteopenia\OP73.jpg,dataset1,osteopenia,data\raw\dataset1\Osteoporosis Knee X-ray\normal\N15.jpg,c7fe3f16b277b0e36c851a0c0aa5b8c01f472cf0f1a40556d9ca2993f4d58c47
data\raw\dataset1\Osteoporosis Knee X-ray\osteopenia\OP82.jpg,dataset1,osteopenia,data\raw\dataset1\Osteoporosis Knee X-ray\osteopenia\OP145.jpg,3df517b39a7a2e6f6b0511ee61e5dcb0c9fa36ae6aeb721a76c3346e84fcbbf9
data\raw\dataset1\Osteoporosis Knee X-ray\osteopenia\OP99.jpg,dataset1,osteopenia,data\raw\dataset1\Osteoporosis Knee X-ray\osteopenia\OP105.jpg,3dd07964241016d2c37608ed8ddf823fd013f507b23beee94dfc888a8db19c1d
data\raw\dataset1\Osteoporosis Knee X-ray\osteoporosis\OS24.jpg,dataset1,osteoporosis,data\raw\dataset1\Osteoporosis Knee X-ray\osteopenia\OP96.jpg,971a7d0755240e3526442a6ca9e970e904d2128b9deb67a1e6b40bf81fdbcead
data\raw\dataset1\Osteoporosis Knee X-ray\osteoporosis\OS32.jpg,dataset1,osteoporosis,data\raw\dataset1\Osteoporosis Knee X-ray\osteopenia\OP144.jpg,9273b952d1ea90b80259b81ae03cc6c5ca6d541f08223485fc690cbe64f2ff5f
data\raw\dataset1\Osteoporosis Knee X-ray\osteoporosis\OS40.jpg,dataset1,osteoporosis,data\raw\dataset1\Osteoporosis Knee X-ray\osteopenia\OP102.jpg,1493de60135f80c0bbdc19155615a346b573e99c98d943f60af6c452c47a042c
data\raw\dataset1\Osteoporosis Knee X-ray\osteoporosis\OS49.jpg,dataset1,osteoporosis,data\raw\dataset1\Osteoporosis Knee X-ray\osteoporosis\OS25.jpg,cb2befddd8bf6491cc0cfcdb64948a7e8f0fe99583fbc7d9470fec36b39b8a86
data\raw\dataset1\Osteoporosis Knee X-ray\osteoporosis\OS8.jpg,dataset1,osteoporosis,data\raw\dataset1\Osteoporosis Knee X-ray\osteopenia\OP53.jpg,4f1b3406511d3845fc36a7c5ca8bcdea0c2ef2b9a75cf16ad29abdf7779d2a5b
data\raw\dataset1\Osteoporosis Knee X-ray\osteoporosis\OS9.jpg,dataset1,osteoporosis,data\raw\dataset1\Osteoporosis Knee X-ray\osteopenia\OP53.jpg,4f1b3406511d3845fc36a7c5ca8bcdea0c2ef2b9a75cf16ad29abdf7779d2a5b
data\raw\dataset2\osteoporosis\osteoporosis\143.jpg,dataset2,osteopenia,data\raw\dataset1\Osteoporosis Knee X-ray\osteopenia\OP94.jpg,a204edb9219377d5b619f3fa99e1815d427a2752b7bb74ba942fd2842329a157
data\raw\dataset2\osteoporosis\osteoporosis\145.jpg,dataset2,osteopenia,data\raw\dataset1\Osteoporosis Knee X-ray\osteopenia\OP95.jpg,382a5a96923d735af6a69191f3b811eca39c900b6276b160419190fccf0ba508
data\raw\dataset2\osteoporosis\osteoporosis\149.jpg,dataset2,osteopenia,data\raw\dataset1\Osteoporosis Knee X-ray\osteopenia\OP97.jpg,b3597794d7874360b736ce80adb07abac06dec62c6cd1665f30c076193324d20
data\raw\dataset2\osteoporosis\osteoporosis\151.jpg,dataset2,osteopenia,data\raw\dataset1\Osteoporosis Knee X-ray\osteopenia\OP98.jpg,cbed43b7d7d1eb1240b19091bbf93d3263e5c176b391f9a5dbcefddd3effbca8
data\raw\dataset2\osteoporosis\osteoporosis\153.jpg,dataset2,osteopenia,data\raw\dataset1\Osteoporosis Knee X-ray\osteopenia\OP105.jpg,3dd07964241016d2c37608ed8ddf823fd013f507b23beee94dfc888a8db19c1d
data\raw\dataset2\osteoporosis\normal\155n.jpg,dataset2,osteopenia,data\raw\dataset1\Osteoporosis Knee X-ray\osteopenia\OP100.jpg,468c347f98610d68a3c64336342ac75cd152737fe0965e40d074ad813295022f
data\raw\dataset2\osteoporosis\normal\157n.jpg,dataset2,osteopenia,data\raw\dataset1\Osteoporosis Knee X-ray\osteopenia\OP101.jpg,cd6f232d9431a8c901c9e353ece86b4b26f328055c28e43b335d8936e4976b80
data\raw\dataset2\osteoporosis\osteoporosis\161.jpg,dataset2,osteopenia,data\raw\dataset1\Osteoporosis Knee X-ray\osteopenia\OP103.jpg,7de6792b26a8735f2ad87479c653243446469a71bdb06db7b695edcb001a2031
data\raw\dataset2\osteoporosis\osteoporosis\163.jpg,dataset2,osteopenia,data\raw\dataset1\Osteoporosis Knee X-ray\osteopenia\OP104.jpg,c80df008a5465c756ab52c549edeb605ab68e69b7bfdc7711337db74fc195fd9
data\raw\dataset2\osteoporosis\osteoporosis\165.jpg,dataset2,osteopenia,data\raw\dataset1\Osteoporosis Knee X-ray\osteopenia\OP105.jpg,3dd07964241016d2c37608ed8ddf823fd013f507b23beee94dfc888a8db19c1d
data\raw\dataset2\osteoporosis\osteoporosis\167.jpg,dataset2,osteopenia,data\raw\dataset1\Osteoporosis Knee X-ray\osteopenia\OP106.jpg,fd4bdca0feae92a44596a705a885791416ce41652fe2ea7c397f0d472d2eb85c
data\raw\dataset2\osteoporosis\osteoporosis\171.jpg,dataset2,osteopenia,data\raw\dataset1\Osteoporosis Knee X-ray\osteopenia\OP108.jpg,f2b26afb2182ccb37f7c30aa3e337e037830e09c087455babe867c37e4a22495
data\raw\dataset2\osteoporosis\osteoporosis\173.jpg,dataset2,osteopenia,data\raw\dataset1\Osteoporosis Knee X-ray\osteopenia\OP109.jpg,78a74fa4114840accd34ac9e044c74d0ab0b46bf1b45b1449e70cfe1bf4f5ee0
data\raw\dataset2\osteoporosis\osteoporosis\175.jpg,dataset2,osteopenia,data\raw\dataset1\Osteoporosis Knee X-ray\osteopenia\OP110.jpg,fb43949d2ea612286f94adb10e3de9cf38a55b973bfac401bfc534fc6a203ee4
data\raw\dataset2\osteoporosis\osteoporosis\177.jpg,dataset2,osteopenia,data\raw\dataset1\Osteoporosis Knee X-ray\osteopenia\OP111.jpg,089ae5ec92172569ffeb2cc78eec1028e5bd2af93d318cdbac31abeeb36b1b3f
data\raw\dataset2\osteoporosis\osteoporosis\179.jpg,dataset2,osteopenia,data\raw\dataset1\Osteoporosis Knee X-ray\osteopenia\OP100.jpg,468c347f98610d68a3c64336342ac75cd152737fe0965e40d074ad813295022f
data\raw\dataset2\osteoporosis\osteoporosis\181.jpg,dataset2,osteopenia,data\raw\dataset1\Osteoporosis Knee X-ray\osteopenia\OP113.jpg,588e628615cd409da5f3b739bd02e16191cb21298e99308a6d09febf34824da2
data\raw\dataset2\osteoporosis\osteoporosis\183.jpg,dataset2,osteopenia,data\raw\dataset1\Osteoporosis Knee X-ray\osteopenia\OP114.jpg,37fab5c1c4b053ec70abc0a8a6ef4d140edbe4e5aa6383d4a824abf20c0efef1
data\raw\dataset2\osteoporosis\osteoporosis\185.jpg,dataset2,osteopenia,data\raw\dataset1\Osteoporosis Knee X-ray\osteopenia\OP115.jpg,bb3eb2218cdcdc47d9eaa9d81e795f63dab50f9bdc5e0e482bd4bfb1afa41972
data\raw\dataset2\osteoporosis\normal\187n.jpg,dataset2,osteopenia,data\raw\dataset1\Osteoporosis Knee X-ray\osteopenia\OP116.jpg,cce641da8154b5e8c1b444d271ebaad621f348380f85a0607676e6d68672eb38
data\raw\dataset2\osteoporosis\osteoporosis\189.jpg,dataset2,osteopenia,data\raw\dataset1\Osteoporosis Knee X-ray\osteopenia\OP117.jpg,f02f5e4ed47dc865d4446498f13e8df36b4b5eb1d84791604b641d224b00633c
data\raw\dataset2\osteoporosis\osteoporosis\191.jpg,dataset2,osteopenia,data\raw\dataset1\Osteoporosis Knee X-ray\osteopenia\OP118.jpg,8b088b047ca4922459e265fe4a7908ca7528924ece5cc92d9bd7f7b1c6d89532
data\raw\dataset2\osteoporosis\osteoporosis\193.jpg,dataset2,osteopenia,data\raw\dataset1\Osteoporosis Knee X-ray\osteopenia\OP119.jpg,1644f58215000e04b98e737e380a268724dcaacd04a1783f94178e3799373d56
data\raw\dataset2\osteoporosis\osteoporosis\195.jpg,dataset2,osteopenia,data\raw\dataset1\Osteoporosis Knee X-ray\osteopenia\OP120.jpg,3fc03983ad1ccc0e2c6bda473f73a733883d5641f8a19a57929e6c8412da9be0
data\raw\dataset2\osteoporosis\osteoporosis\197.jpg,dataset2,osteopenia,data\raw\dataset1\Osteoporosis Knee X-ray\osteopenia\OP121.jpg,5f7ffc41b1f54f63a1caaa12f714e25e344bc55b65d355d1f0b77994e8d7db08
data\raw\dataset2\osteoporosis\osteoporosis\20.png,dataset2,osteoporosis,data\raw\dataset2\osteoporosis\normal\20.png,77b70de7be1b755a5cf6fe11d1e8739d7bf8e4d9ddaab642fe1c96c0f38a96c4
data\raw\dataset2\osteoporosis\osteoporosis\203.jpg,dataset2,osteopenia,data\raw\dataset1\Osteoporosis Knee X-ray\osteopenia\OP124.jpg,20533ac58114d9d3223fa4a42f5efafcc856872e8c8db1f4d75baa4f08cbde44
data\raw\dataset2\osteoporosis\normal\205n.jpg,dataset2,osteopenia,data\raw\dataset1\Osteoporosis Knee X-ray\osteopenia\OP125.jpg,17901bac2b2e20e281b96ef4463766c9c09200bfa357230779e86fd43537e6d3
data\raw\dataset2\osteoporosis\osteoporosis\207.jpg,dataset2,osteopenia,data\raw\dataset1\Osteoporosis Knee X-ray\osteopenia\OP126.jpg,01ea1aab6cb9e85ad33b52ddb7f770439cdfb07bec8fdede65b5c02eb8ea59ca
data\raw\dataset2\osteoporosis\osteoporosis\209.jpg,dataset2,osteopenia,data\raw\dataset1\Osteoporosis Knee X-ray\osteopenia\OP127.jpg,91836302454fe7d80c64ad6fe5a56980c2527fee870f9d71e7688397af817d28
data\raw\dataset2\osteoporosis\osteoporosis\211.jpg,dataset2,osteopenia,data\raw\dataset1\Osteoporosis Knee X-ray\osteopenia\OP128.jpg,29bc3549344c53ed0133b65c81129d699219746ee626fb963dac46d597ba4c89
data\raw\dataset2\osteoporosis\osteoporosis\213.jpg,dataset2,osteopenia,data\raw\dataset1\Osteoporosis Knee X-ray\osteopenia\OP129.jpg,db14266678e9b8f941016c38cf1978c885f7aff3b4b928f5d8c8fded111156f4
data\raw\dataset2\osteoporosis\osteoporosis\215.jpg,dataset2,osteopenia,data\raw\dataset1\Osteoporosis Knee X-ray\osteopenia\OP130.jpg,5b6f6fc6978f0b20575724ece46d3bbdb276cca75462a7da6871cd53e9f97854
data\raw\dataset2\osteoporosis\osteoporosis\217.jpg,dataset2,osteopenia,data\raw\dataset1\Osteoporosis Knee X-ray\osteopenia\OP108.jpg,f2b26afb2182ccb37f7c30aa3e337e037830e09c087455babe867c37e4a22495
data\raw\dataset2\osteoporosis\osteoporosis\219.jpg,dataset2,osteopenia,data\raw\dataset1\Osteoporosis Knee X-ray\osteopenia\OP132.jpg,d16764d8570ae834d21b6109b9eb994b7e260942cc67af0c6029fa157c3052bd
data\raw\dataset2\osteoporosis\osteoporosis\221.jpg,dataset2,osteopenia,data\raw\dataset1\Osteoporosis Knee X-ray\osteopenia\OP133.jpg,fca2693152dc8c0ac5906f1c72deaf8df2f9668fb2794b9f66fb02f6cc476b1b
data\raw\dataset2\osteoporosis\osteoporosis\223.jpg,dataset2,osteopenia,data\raw\dataset1\Osteoporosis Knee X-ray\osteopenia\OP134.jpg,70db513d375f3b1f43b8f436097ba3e0e8ae352c57065757bd98ce1624d2702e
data\raw\dataset2\osteoporosis\normal\225.jpg,dataset2,osteopenia,data\raw\dataset1\Osteoporosis Knee X-ray\osteopenia\OP101.jpg,cd6f232d9431a8c901c9e353ece86b4b26f328055c28e43b335d8936e4976b80
data\raw\dataset2\osteoporosis\osteoporosis\227.jpg,dataset2,osteopenia,data\raw\dataset1\Osteoporosis Knee X-ray\osteopenia\OP136.jpg,d72bb23565e0de2864216f9848aa32691fb71af91ac91fd6805b0c1ae0bd9a4f
data\raw\dataset2\osteoporosis\osteoporosis\229.jpg,dataset2,osteopenia,data\raw\dataset1\Osteoporosis Knee X-ray\osteopenia\OP137.jpg,5614747839a6263a87f37cd09a7df43cd71f0485f2dc63b0638b21fda50a8b20
data\raw\dataset2\osteoporosis\normal\23.jpg,dataset2,osteopenia,data\raw\dataset1\Osteoporosis Knee X-ray\osteopenia\OP52.jpg,a6cfeff6235d1d84315199e57b5efd0d54cce9f6f5c8094901f9b111b3fa62a3
data\raw\dataset2\osteoporosis\osteoporosis\231.jpg,dataset2,osteopenia,data\raw\dataset1\Osteoporosis Knee X-ray\osteopenia\OP138.jpg,4de4d020b66d72803734646a68737a0acf9f1f2f68fdb74dd36d24327f41a967
data\raw\dataset2\osteoporosis\normal\233n.jpg,dataset2,osteopenia,data\raw\dataset1\Osteoporosis Knee X-ray\osteopenia\OP103.jpg,7de6792b26a8735f2ad87479c653243446469a71bdb06db7b695edcb001a2031
data\raw\dataset2\osteoporosis\normal\234n.jpg,dataset2,osteopenia,data\raw\dataset1\Osteoporosis Knee X-ray\osteopenia\OP140.jpg,4ea974b6bfc6d799241d359b447c45efaa4c280df597eef74829268424bd42a1
data\raw\dataset2\osteoporosis\osteoporosis\235.jpg,dataset2,osteopenia,data\raw\dataset1\Osteoporosis Knee X-ray\osteopenia\OP141.jpg,07838d5fae1e41cffffe13afe546e179649b9be1ee34236abe2b4516427f6839
data\raw\dataset2\osteoporosis\osteoporosis\236.jpg,dataset2,osteopenia,data\raw\dataset1\Osteoporosis Knee X-ray\osteopenia\OP142.jpg,c601dfdad5b61a80d7dc04458165a60847be4d1c79a4c9b5dcddbc5ea1a65f22
data\raw\dataset2\osteoporosis\normal\237n.jpg,dataset2,osteopenia,data\raw\dataset1\Osteoporosis Knee X-ray\osteopenia\OP143.jpg,9608e034a8b0ffedb5eac0b3275f19584d51be97fe73d7e609a6deb41438d273
data\raw\dataset2\osteoporosis\osteoporosis\238.jpg,dataset2,osteoporosis,data\raw\dataset1\Osteoporosis Knee X-ray\osteopenia\OP144.jpg,9273b952d1ea90b80259b81ae03cc6c5ca6d541f08223485fc690cbe64f2ff5f
data\raw\dataset2\osteoporosis\normal\23nn.JPEG,dataset2,normal,data\raw\dataset1\Osteoporosis Knee X-ray\normal\N2.JPEG,882a193152c875dfad781d6cf4f732d89a1d468bbe60ffac7ba0c085c9bad9ec
data\raw\dataset2\osteoporosis\osteoporosis\240.jpg,dataset2,osteopenia,data\raw\dataset1\Osteoporosis Knee X-ray\osteopenia\OP146.jpg,94c22f8ed5cefbc3716b563a022b6cc444fc5f3662f16ab0aef0925fd12e66f0
data\raw\dataset2\osteoporosis\osteoporosis\241.jpg,dataset2,osteopenia,data\raw\dataset1\Osteoporosis Knee X-ray\osteopenia\OP147.jpg,9c885a84b76553e41ba09b505ec733efca4c37aebb8142820c4c50025942f049
data\raw\dataset2\osteoporosis\osteoporosis\242.jpg,dataset2,osteopenia,data\raw\dataset1\Osteoporosis Knee X-ray\osteopenia\OP148.jpg,43b5a8e8bdcb519a39fcb8c698ff44181257b0f48975627937135a385ef25d9f
data\raw\dataset2\osteoporosis\osteoporosis\243.jpg,dataset2,osteopenia,data\raw\dataset1\Osteoporosis Knee X-ray\osteopenia\OP149.jpg,5f0b622dbb9f391b83cb64199d9dbdfaf479a40ec8e0d8b532e22e6536d9764f
data\raw\dataset2\osteoporosis\osteoporosis\244.jpg,dataset2,osteopenia,data\raw\dataset1\Osteoporosis Knee X-ray\osteopenia\OP150.jpg,a1f0174c5ab85a73435bbf1842f67f377ef8b608229000f0e1cf7590924bc929
data\raw\dataset2\osteoporosis\osteoporosis\245.jpg,dataset2,osteopenia,data\raw\dataset1\Osteoporosis Knee X-ray\osteopenia\OP151.jpg,eec36f11cccd0deb92e0253da3f4ef4c3db879b11805067a2a79ac4140c3dfa3
data\raw\dataset2\osteoporosis\osteoporosis\246.jpg,dataset2,osteopenia,data\raw\dataset1\Osteoporosis Knee X-ray\osteopenia\OP152.jpg,850a7705b097d160d9cc46e23da071c8acf3df6767694dc31d987b54f1749299
data\raw\dataset2\osteoporosis\osteoporosis\247.jpg,dataset2,osteopenia,data\raw\dataset1\Osteoporosis Knee X-ray\osteopenia\OP153.jpg,2bab8ac86af7fee0861bf4e00583bf207cf746ac265201caca82b164d65412aa
data\raw\dataset2\osteoporosis\osteoporosis\248.jpg,dataset2,osteopenia,data\raw\dataset1\Osteoporosis Knee X-ray\osteopenia\OP154.jpg,4d4d57ffde5715422b25d380ea5a8a6d3edd1f68c52461790c734807ee6aa5a9
data\raw\dataset2\osteoporosis\normal\26nn.JPEG,dataset2,normal,data\raw\dataset2\osteoporosis\osteoporosis\26.JPEG,15df2092a51992c3a84bac825dbda60fe461813d1d6594813ee523d0a2dee0fd
data\raw\dataset2\osteoporosis\osteoporosis\29.JPEG,dataset2,osteoporosis,data\raw\dataset2\osteoporosis\normal\29.JPEG,6455816f77efd69166ed0eb235ec863bc3a7b912bd57c3a300c1ea31bb52bbf2
data\raw\dataset2\osteoporosis\osteoporosis\297.jpg,dataset2,osteoporosis,data\raw\dataset1\Osteoporosis Knee X-ray\osteoporosis\OS23.jpg,96b625e23cb0fb2e1d8a516b889018b9e4e3b07ed2a2898cfc4b870e84a4a518
data\raw\dataset2\osteoporosis\normal\299n.jpg,dataset2,osteoporosis,data\raw\dataset1\Osteoporosis Knee X-ray\osteoporosis\OS25.jpg,cb2befddd8bf6491cc0cfcdb64948a7e8f0fe99583fbc7d9470fec36b39b8a86
data\raw\dataset2\osteoporosis\normal\300n.jpg,dataset2,osteoporosis,data\raw\dataset1\Osteoporosis Knee X-ray\osteoporosis\OS26.jpg,480450b54c0c605f851b1ba25bc5e4551c9df6a6d3110d2a962aa471ece68158
data\raw\dataset2\osteoporosis\osteoporosis\301.jpg,dataset2,osteoporosis,data\raw\dataset1\Osteoporosis Knee X-ray\osteoporosis\OS27.jpg,15426594bedc9adf5aa304c83c36cc42614c41e4545b245cda1340da7bd82b89
data\raw\dataset2\osteoporosis\osteoporosis\302.jpg,dataset2,osteoporosis,data\raw\dataset1\Osteoporosis Knee X-ray\osteoporosis\OS28.jpg,6a0469657853fbab3471f092c535841943e10b243db1aff652ec2f3cc4163bad
data\raw\dataset2\osteoporosis\osteoporosis\304.jpg,dataset2,osteoporosis,data\raw\dataset1\Osteoporosis Knee X-ray\osteoporosis\OS30.jpg,255593598fe95c30100c720ce4018fbb7d775b214a89a6113048c85187d905cd
data\raw\dataset2\osteoporosis\osteoporosis\305.jpg,dataset2,osteoporosis,data\raw\dataset1\Osteoporosis Knee X-ray\osteoporosis\OS31.jpg,616913340b3d8d2b82998c614b73fdb205a0fab245a7144752b3a636b5b9270b
data\raw\dataset2\osteoporosis\osteoporosis\306.jpg,dataset2,osteoporosis,data\raw\dataset1\Osteoporosis Knee X-ray\osteopenia\OP144.jpg,9273b952d1ea90b80259b81ae03cc6c5ca6d541f08223485fc690cbe64f2ff5f
data\raw\dataset2\osteoporosis\osteoporosis\308.jpg,dataset2,osteoporosis,data\raw\dataset1\Osteoporosis Knee X-ray\osteoporosis\OS34.jpg,47647b50c01382e120d167cd84e44ccb7af79cfcba6b9462dc51a1d23e668bcd
data\raw\dataset2\osteoporosis\osteoporosis\309.jpg,dataset2,osteoporosis,data\raw\dataset1\Osteoporosis Knee X-ray\osteoporosis\OS35.jpg,9159f3095ffe11b541eea0dfd9c49ec85c58fe40c05eca5ede3a3c6014ce9740
data\raw\dataset2\osteoporosis\osteoporosis\310.jpg,dataset2,osteoporosis,data\raw\dataset1\Osteoporosis Knee X-ray\osteoporosis\OS36.jpg,033511b7a9650ef1387ec988261d8bb284430a1e2153ea52edd1d47596b71243
data\raw\dataset2\osteoporosis\normal\311n.jpg,dataset2,osteoporosis,data\raw\dataset1\Osteoporosis Knee X-ray\osteoporosis\OS37.jpg,a7ded2068c37af30498e5c581017331a036d44b956a7d005fd799199b35ee5dc
data\raw\dataset2\osteoporosis\normal\313n.jpg,dataset2,osteoporosis,data\raw\dataset1\Osteoporosis Knee X-ray\osteoporosis\OS39.jpg,2e00b7694a81f95b9c3b8349d7e7c1ed93c7c0bb163db5a86f0720267dfeae7d
data\raw\dataset2\osteoporosis\osteoporosis\314.jpg,dataset2,osteoporosis,data\raw\dataset1\Osteoporosis Knee X-ray\osteopenia\OP102.jpg,1493de60135f80c0bbdc19155615a346b573e99c98d943f60af6c452c47a042c
data\raw\dataset2\osteoporosis\osteoporosis\315.jpg,dataset2,osteoporosis,data\raw\dataset1\Osteoporosis Knee X-ray\osteoporosis\OS41.jpg,afdc953b14fd02d23f3057e7761b62bc1073e4db74f410af1541a683736bc2c7
data\raw\dataset2\osteoporosis\normal\315n.jpg,dataset2,osteoporosis,data\raw\dataset1\Osteoporosis Knee X-ray\osteoporosis\OS33.jpg,aa1d486f1aa4dc56a73795c597c3f3b459be911acf40e3dc905f7fdb6dc6455d
data\raw\dataset2\osteoporosis\osteoporosis\316.jpg,dataset2,osteoporosis,data\raw\dataset1\Osteoporosis Knee X-ray\osteoporosis\OS42.jpg,9a37c2f57d2e662056b7dadd833a39f5218fed8c7938c89a04da2d5b560303d8
data\raw\dataset2\osteoporosis\osteoporosis\317.jpg,dataset2,osteoporosis,data\raw\dataset1\Osteoporosis Knee X-ray\osteoporosis\OS43.jpg,ca7c33de67e744af83836356c854a782cd27ae61ace2409b84849985f821e83c
data\raw\dataset2\osteoporosis\osteoporosis\318.jpg,dataset2,osteoporosis,data\raw\dataset1\Osteoporosis Knee X-ray\osteoporosis\OS44.jpg,846d94fcccc4566fe45d3fb78d1f5f52bc0addf6a17900c56927655846205d40
data\raw\dataset2\osteoporosis\osteoporosis\319.jpg,dataset2,osteoporosis,data\raw\dataset1\Osteoporosis Knee X-ray\osteoporosis\OS45.jpg,0fb056fc92776f44bbe59d01de48e43874b9300370b7cfd58478a57f8f47506a
data\raw\dataset2\osteoporosis\osteoporosis\321.jpg,dataset2,osteoporosis,data\raw\dataset1\Osteoporosis Knee X-ray\osteoporosis\OS47.jpg,87ba8d9e3b1772a4c4a1fd744479f67696eb652d7b90c24c9d490e72a6e7d0d3
data\raw\dataset2\osteoporosis\osteoporosis\322.jpg,dataset2,osteoporosis,data\raw\dataset1\Osteoporosis Knee X-ray\osteoporosis\OS48.jpg,070b83d21ca1ac9d25dc7de04a05dd062e026b2a9c4f7495748c9443665fad65
data\raw\dataset2\osteoporosis\osteoporosis\323.jpg,dataset2,osteoporosis,data\raw\dataset1\Osteoporosis Knee X-ray\osteoporosis\OS25.jpg,cb2befddd8bf6491cc0cfcdb64948a7e8f0fe99583fbc7d9470fec36b39b8a86
data\raw\dataset2\osteoporosis\normal\36n.jpg,dataset2,normal,data\raw\dataset2\osteoporosis\normal\36.jpg,7b8d2aed0d94f1b9a93b811236e308d47a63c664ca81fda9a19194554cf96f62
data\raw\dataset2\osteoporosis\normal\39.jpg,dataset2,normal,data\raw\dataset1\Osteoporosis Knee X-ray\normal\N18.jpg,7b0750d8a2e4e36271b3a19db0414eb681c412e804c2331cde45d8705b0933a0
data\raw\dataset2\osteoporosis\osteoporosis\4.png,dataset2,osteoporosis,data\raw\dataset2\osteoporosis\normal\4.png,2c199e35cf8aa5c18f0888260e3c7c6bedabfa193fc16eae01d5fe2ed7bf258d
data\raw\dataset2\osteoporosis\normal\41n.jpg,dataset2,osteopenia,data\raw\dataset1\Osteoporosis Knee X-ray\osteopenia\OP58.jpg,fc648843d1b51655bb60c0f4a5847c2f31a22fb9f7bf2ed78ae799efb9f725ed
data\raw\dataset2\osteoporosis\normal\43.jpg,dataset2,normal,data\raw\dataset1\Osteoporosis Knee X-ray\normal\N22.jpg,f831e9fe5cfca0d6e1981de9d85e12ba76c080ceede25407cb43a68d16c1f6ff
data\raw\dataset2\osteoporosis\normal\45.jpg,dataset2,normal,data\raw\dataset1\Osteoporosis Knee X-ray\normal\N24.jpg,4b211a60b15d1fc833185875d0094fdd5653e1cbe4f9e5fd1ff85b6b6862c23c
data\raw\dataset2\osteoporosis\osteoporosis\45o.jpg,dataset2,normal,data\raw\dataset1\Osteoporosis Knee X-ray\normal\N24.jpg,4b211a60b15d1fc833185875d0094fdd5653e1cbe4f9e5fd1ff85b6b6862c23c
data\raw\dataset2\osteoporosis\normal\46.jpg,dataset2,normal,data\raw\dataset1\Osteoporosis Knee X-ray\normal\N25.jpg,80d6ce3d21c95a89dc034b87a37c932ec095bad09cd6c7dbae26340f1cc71297
data\raw\dataset2\osteoporosis\normal\47.jpg,dataset2,normal,data\raw\dataset1\Osteoporosis Knee X-ray\normal\N26.jpg,0073a5535efbb9847861dd52b8831e433375feb0c734782c91f9c4f536eec3c5
data\raw\dataset2\osteoporosis\normal\48.jpg,dataset2,normal,data\raw\dataset1\Osteoporosis Knee X-ray\normal\N22.jpg,f831e9fe5cfca0d6e1981de9d85e12ba76c080ceede25407cb43a68d16c1f6ff
data\raw\dataset2\osteoporosis\normal\49.jpg,dataset2,normal,data\raw\dataset1\Osteoporosis Knee X-ray\normal\N28.jpg,8f14213133352c984e3aaa97ce6bf7e78253363ba8fb38fedbdd9fcac316e2fa
data\raw\dataset2\osteoporosis\normal\50.jpg,dataset2,normal,data\raw\dataset1\Osteoporosis Knee X-ray\normal\N29.jpg,bcd0f479c76eaad27c7635612e85c61901be05c36ac7d6e2bb890f96b4482592
data\raw\dataset2\osteoporosis\normal\52.jpg,dataset2,normal,data\raw\dataset1\Osteoporosis Knee X-ray\normal\N31.jpg,ea7981416d6152ce0199cba1cb09f20541dd43196fda4337746f309d82f07680
data\raw\dataset2\osteoporosis\normal\53.jpg,dataset2,normal,data\raw\dataset1\Osteoporosis Knee X-ray\normal\N28.jpg,8f14213133352c984e3aaa97ce6bf7e78253363ba8fb38fedbdd9fcac316e2fa
data\raw\dataset2\osteoporosis\normal\54.jpg,dataset2,normal,data\raw\dataset1\Osteoporosis Knee X-ray\normal\N33.jpg,28880e698995c636c99601d839e308609b75f54b6d2c46f72ccab99a326ac440
data\raw\dataset2\osteoporosis\normal\55.jpg,dataset2,normal,data\raw\dataset1\Osteoporosis Knee X-ray\normal\N34.jpg,51140763e205ca9f2b41838445d8a0eeacfa410f311a78efe4f3218561e90e74
data\raw\dataset2\osteoporosis\normal\56.jpg,dataset2,normal,data\raw\dataset1\Osteoporosis Knee X-ray\normal\N35.jpg,8ec4f55e043e7a4ced66d62682a0e6f14411d4ca8d0f9958924aef343cf92f36
data\raw\dataset2\osteoporosis\normal\57.jpg,dataset2,normal,data\raw\dataset1\Osteoporosis Knee X-ray\normal\N36.jpg,6f7e319420fde9d35379938255cb2e7297e34c82ffff734e5b9e5baf012552a9
data\raw\dataset2\osteoporosis\normal\7nn.png,dataset2,normal,data\raw\dataset2\osteoporosis\osteoporosis\7.png,e6801fd2a889c7cb01b917655e28018fbf2c0007229f0245f760615154aebd11
data\raw\dataset2\osteoporosis\normal\Normal_156.jpg,dataset2,osteopenia,data\raw\dataset2\osteoporosis\normal\Normal_122.jpg,ca7963b83f47b2c8b662a436ae0c908559e311c95d50f4014ddcbaa7ca2e2642
data\raw\dataset2\osteoporosis\normal\Normal_46.jpg,dataset2,normal,data\raw\dataset2\osteoporosis\normal\Normal_45.jpg,d48469f5dc304793ae529cf725873d848be4cc0ba603a4b557f32fe1a1c0e8dd
data\raw\dataset2\osteoporosis\normal\Normal_63.jpg,dataset2,normal,data\raw\dataset2\osteoporosis\normal\Normal_56.jpg,d7c2a7b78f952a74e20279891d4184744d6d0555acae47673ba8ade80ca20e8e
data\raw\dataset2\osteoporosis\normal\Normal_69.jpg,dataset2,normal,data\raw\dataset2\osteoporosis\normal\Normal_64.jpg,4d40d9446bc58e598c1d61b0663fa513adf81ff8f176052980b26b586f4dd130
data\raw\dataset2\osteoporosis\osteoporosis\Osteoporosis_16.jpg,dataset2,osteoporosis,data\raw\dataset2\osteoporosis\normal\Normal_19.jpg,3f831f29515360aa168f5f2a17d41ac5e2b713b89bd5248d00bc84f982dddf6f
data\raw\dataset2\osteoporosis\osteoporosis\Osteoporosis_172.jpg,dataset2,osteoporosis,data\raw\dataset2\osteoporosis\osteoporosis\Osteoporosis_129.jpg,c0ec868ba25ec46a37b6bb8933e6c0e934571340be4c2f69fcf57f69a1ef7dbe
data\raw\dataset2\osteoporosis\osteoporosis\Osteoporosis_177.jpg,dataset2,osteoporosis,data\raw\dataset2\osteoporosis\normal\Normal_186.jpg,8031e7a93340090bb498cebe7a9bae1e4a2a0cbf0742e372801863cfd84ad2ab
data\raw\dataset2\osteoporosis\osteoporosis\Osteoporosis_186.jpg,dataset2,osteoporosis,data\raw\dataset2\osteoporosis\normal\Normal_179.jpg,f56cc4f4aa34bf8a289365b3046ed34822ad0b15f2c452c41304a98ae85973e9
data\raw\dataset2\osteoporosis\osteoporosis\Osteoporosis_20.jpg,dataset2,osteoporosis,data\raw\dataset2\osteoporosis\normal\Normal_29.jpg,7d513b2c55e247d823bf9da018b53e27f7321eeee7d00d1c3530a636032d0060
data\raw\dataset2\osteoporosis\osteoporosis\Osteoporosis_22.jpg,dataset2,osteoporosis,data\raw\dataset2\osteoporosis\normal\Normal_33.jpg,c1aca8635617a17781e342a07b13eb908818714dfd033cb056e2f35bdf3480e1
data\raw\dataset2\osteoporosis\osteoporosis\Osteoporosis_3.jpg,dataset2,osteoporosis,data\raw\dataset2\osteoporosis\normal\Normal_3.jpg,03bb632bb86b77d5f6f5575913b5af2f4e433a556aac2f1a50eac2f8e9991403
data\raw\dataset2\osteoporosis\osteoporosis\Osteoporosis_30.jpg,dataset2,normal,data\raw\dataset2\osteoporosis\normal\Normal_59.jpg,5272aca7e58e0be3cba5c07c8364344ace5ff376d81614ba93edcf9b53ec79b4
data\raw\dataset2\osteoporosis\osteoporosis\Osteoporosis_6.jpg,dataset2,osteoporosis,data\raw\dataset2\osteoporosis\normal\Normal_7.jpg,4a7c0b042647904eb2e91b63cf28c98bca10cae8ef1720c4446e867db84eaa1e
data\raw\dataset2\osteoporosis\osteoporosis\Osteoporosis_88.jpg,dataset2,osteopenia,data\raw\dataset2\osteoporosis\normal\Normal_158.jpg,1c70f3ed4b48e97a52fcfbcffc5da47ff45c73b988ec0d262fc8c985270d008a
data\raw\dataset2\osteoporosis\osteoporosis\Osteoporosis_90.jpg,dataset2,osteopenia,data\raw\dataset2\osteoporosis\osteoporosis\Osteoporosis_87.jpg,5099a6ddf93b1394bbb07054df273c74aa605ab02ec06429d1a0848381ebe564
data\raw\dataset2\osteoporosis\osteoporosis\Osteoporosis_93.jpg,dataset2,osteopenia,data\raw\dataset2\osteoporosis\osteoporosis\Osteoporosis_116.jpg,b6921a510b4f04c0ba7785a83a2a2ccd2fca45d6640c1173e2dc400db595f839
data\raw\dataset2\osteoporosis\osteoporosis\Osteoporosis_97.jpg,dataset2,osteopenia,data\raw\dataset2\osteoporosis\normal\Normal_120.jpg,5226208c04ea3d42ae65482cd03df5ddd4b0e03d05613240b95e2e0bc7096e50
data\raw\dataset2\osteoporosis\normal\n19.jpg,dataset2,normal,data\raw\dataset1\Osteoporosis Knee X-ray\osteopenia\OP102.jpg,1493de60135f80c0bbdc19155615a346b573e99c98d943f60af6c452c47a042c
data\raw\dataset3\Osteoporosis Knee Dataset\Normal\Normal.jpg,dataset3,normal,data\raw\dataset2\osteoporosis\normal\Normal.jpg,bf166b554125597e55b992f6dcf11d2c02f1a0146641cc6b4edb839a577fcc77
data\raw\dataset3\Osteoporosis Knee Dataset\Normal\Normal_10.jpg,dataset3,normal,data\raw\dataset2\osteoporosis\normal\Normal_10.jpg,272161d5e56d1444338cfb5c51950ac0a5d0e25c5432c4c2ab1b038de788d8ba
data\raw\dataset3\Osteoporosis Knee Dataset\Normal\Normal_100.jpg,dataset3,normal,data\raw\dataset2\osteoporosis\normal\Normal_100.jpg,14ee794db105e0a95a1c96df6780ceb53d99881f3a0e16846aff6daf446df5c5
data\raw\dataset3\Osteoporosis Knee Dataset\Normal\Normal_101.jpg,dataset3,normal,data\raw\dataset2\osteoporosis\normal\Normal_101.jpg,9ed23a3ace4d44f6f39643bcb2198dd176a4cf07d963eacafe0135345c2500c1
data\raw\dataset3\Osteoporosis Knee Dataset\Normal\Normal_102.jpg,dataset3,normal,data\raw\dataset2\osteoporosis\normal\Normal_102.jpg,fce2cdc62d8d06f97e2d29e0f19ec178c42d07403e40a7865c56f6c9b2301b87
data\raw\dataset3\Osteoporosis Knee Dataset\Normal\Normal_103.jpg,dataset3,normal,data\raw\dataset2\osteoporosis\normal\Normal_103.jpg,cdee71eb442f964992257ec740e755e7b2df83080c9e38dec5dfaccf5218bc3d
data\raw\dataset3\Osteoporosis Knee Dataset\Normal\Normal_104.jpg,dataset3,normal,data\raw\dataset2\osteoporosis\normal\Normal_104.jpg,1bc770f28c1bf848f7bc5a94a918d9af7f0987a8349568249b678dd784ac1cc4
data\raw\dataset3\Osteoporosis Knee Dataset\Normal\Normal_105.jpg,dataset3,normal,data\raw\dataset2\osteoporosis\normal\Normal_105.jpg,91584f38b62817a61394070c7f3e0447764983ac99fb17705c7ca80543dd6a46
data\raw\dataset3\Osteoporosis Knee Dataset\Normal\Normal_106.jpg,dataset3,normal,data\raw\dataset2\osteoporosis\normal\Normal_106.jpg,fb00544bbc07701bd9cfeb082752c06c6178736b3be4228ed29408b14c2dc5f1
data\raw\dataset3\Osteoporosis Knee Dataset\Normal\Normal_107.jpg,dataset3,normal,data\raw\dataset2\osteoporosis\normal\Normal_107.jpg,4f212eb39e654d7c71cf6f18b0d1002c60af5a3fc75bb2862b22cab021aa9cdb
data\raw\dataset3\Osteoporosis Knee Dataset\Normal\Normal_108.jpg,dataset3,normal,data\raw\dataset2\osteoporosis\normal\Normal_108.jpg,f2f455898a88264d959f0426fdf349067df57abfbcbea506325660a8e00b1e3e
data\raw\dataset3\Osteoporosis Knee Dataset\Normal\Normal_109.jpg,dataset3,normal,data\raw\dataset2\osteoporosis\normal\Normal_109.jpg,6c18bc77a54a4f870a8df19d5e4c96b5c1c915f0a254d26511ac93a6a079cb12
data\raw\dataset3\Osteoporosis Knee Dataset\Normal\Normal_11.jpg,dataset3,normal,data\raw\dataset2\osteoporosis\normal\Normal_11.jpg,c8c5e388e32b196c4b3d379eb038a567f11e5cc750cf7941e6e1e90c4332478e
data\raw\dataset3\Osteoporosis Knee Dataset\Normal\Normal_110.jpg,dataset3,normal,data\raw\dataset2\osteoporosis\normal\Normal_110.jpg,f45c9638b851a8b967729e4bf7459101ea8997878f83084edcc6a2d34e65c3ca
data\raw\dataset3\Osteoporosis Knee Dataset\Normal\Normal_111.jpg,dataset3,normal,data\raw\dataset2\osteoporosis\normal\Normal_111.jpg,9a71731de46b9d025555b7dd97fdc3e06db02792f0eb826a11411aa2f2681269
data\raw\dataset3\Osteoporosis Knee Dataset\Normal\Normal_112.jpg,dataset3,normal,data\raw\dataset2\osteoporosis\normal\Normal_112.jpg,b92be895d5b7698f678abd6fec9ddd77d6563ba5df0d84fbf6da01856f95d024
data\raw\dataset3\Osteoporosis Knee Dataset\Normal\Normal_113.jpg,dataset3,normal,data\raw\dataset2\osteoporosis\normal\Normal_113.jpg,22d21d553355a106c2fb26c56bd09df46296ae5a6d536dec858daac04deff17f
data\raw\dataset3\Osteoporosis Knee Dataset\Normal\Normal_114.jpg,dataset3,normal,data\raw\dataset2\osteoporosis\normal\Normal_114.jpg,5e657c5d011b471f9814ec8b96216b0ddcef2b1a922c856c946821580f8aec3e
data\raw\dataset3\Osteoporosis Knee Dataset\Normal\Normal_115.jpg,dataset3,normal,data\raw\dataset2\osteoporosis\normal\Normal_115.jpg,3052c29cd40403d907753fee8749364be0491fc3d77fc77b1b83adb410282666
data\raw\dataset3\Osteoporosis Knee Dataset\Normal\Normal_116.jpg,dataset3,normal,data\raw\dataset2\osteoporosis\normal\Normal_116.jpg,0194014a3a12153fd9bc9f7fc481abdb66907d40ca3d81e4b26a72b0e633ac27
data\raw\dataset3\Osteoporosis Knee Dataset\Normal\Normal_117.jpg,dataset3,normal,data\raw\dataset2\osteoporosis\normal\Normal_117.jpg,5409f9d3d1c6a58020efe693d19baee8fe8614058aeb803122cfc667d6d3a99f
data\raw\dataset3\Osteoporosis Knee Dataset\Normal\Normal_118.jpg,dataset3,normal,data\raw\dataset2\osteoporosis\normal\Normal_118.jpg,742c3743713b04043ec72df40223d5f572ba2460dfa63f72b46db8d862cebbb8
data\raw\dataset3\Osteoporosis Knee Dataset\Normal\Normal_119.jpg,dataset3,normal,data\raw\dataset2\osteoporosis\normal\Normal_119.jpg,f02cf0924d874055067699b4336fafaaa329a5570480d4080de7fe212a1c49e6
data\raw\dataset3\Osteoporosis Knee Dataset\Normal\Normal_12.jpg,dataset3,normal,data\raw\dataset2\osteoporosis\normal\Normal_12.jpg,98bd8cf2a8eeddde395d87c1724ecc8440163248cbb7615b3431a5e59599fe75
data\raw\dataset3\Osteoporosis Knee Dataset\Normal\Normal_120.jpg,dataset3,osteopenia,data\raw\dataset2\osteoporosis\normal\Normal_120.jpg,5226208c04ea3d42ae65482cd03df5ddd4b0e03d05613240b95e2e0bc7096e50
data\raw\dataset3\Osteoporosis Knee Dataset\Normal\Normal_121.jpg,dataset3,normal,data\raw\dataset2\osteoporosis\normal\Normal_121.jpg,66aa907a119a1c347d2aa8e2fb04b77b4aafa664af34a0c5fc436febd0bede01
data\raw\dataset3\Osteoporosis Knee Dataset\Normal\Normal_122.jpg,dataset3,osteopenia,data\raw\dataset2\osteoporosis\normal\Normal_122.jpg,ca7963b83f47b2c8b662a436ae0c908559e311c95d50f4014ddcbaa7ca2e2642
data\raw\dataset3\Osteoporosis Knee Dataset\Normal\Normal_123.jpg,dataset3,normal,data\raw\dataset2\osteoporosis\normal\Normal_123.jpg,696ea22a8d1f2adbbd8e4039213a858b4922e958cefa15e788a44169eb2c23cf
data\raw\dataset3\Osteoporosis Knee Dataset\Normal\Normal_124.jpg,dataset3,normal,data\raw\dataset2\osteoporosis\normal\Normal_124.jpg,67b7a9ff35bbf556226e9bee68c25dc2dcad9888b7b7065c97e817770b707db2
data\raw\dataset3\Osteoporosis Knee Dataset\Normal\Normal_125.jpg,dataset3,normal,data\raw\dataset2\osteoporosis\normal\Normal_125.jpg,5c7e4e2908a2950a9d14cb9cf91557546334a6c06420d7e61cc35813fc7ccc1b
data\raw\dataset3\Osteoporosis Knee Dataset\Normal\Normal_126.jpg,dataset3,normal,data\raw\dataset2\osteoporosis\normal\Normal_126.jpg,7cdf408f35eecf1e8db7528c13f9aba868cd8186d63016626ca7df8a487e70f5
data\raw\dataset3\Osteoporosis Knee Dataset\Normal\Normal_127.jpg,dataset3,normal,data\raw\dataset2\osteoporosis\normal\Normal_127.jpg,bd31f3e73b44148482fdffc2e4d4b59431bd7b8ab4d824838997bb0c15838c3a
data\raw\dataset3\Osteoporosis Knee Dataset\Normal\Normal_128.jpg,dataset3,normal,data\raw\dataset2\osteoporosis\normal\Normal_128.jpg,0e7e608f8a00483263a37a950c72d6c71e8f81976a3d7dcbad1553c7ae0abcdf
data\raw\dataset3\Osteoporosis Knee Dataset\Normal\Normal_129.jpg,dataset3,normal,data\raw\dataset2\osteoporosis\normal\Normal_129.jpg,62ba2447dd54ba4fe42f2003d40d69232eca8466dffa3038df7aa178f38f8f06
data\raw\dataset3\Osteoporosis Knee Dataset\Normal\Normal_13.jpg,dataset3,normal,data\raw\dataset2\osteoporosis\normal\Normal_13.jpg,a3de0a3dd9507d54868e5fe1fb3fe306e5dd485a8989bca443dcd23428c287c8
data\raw\dataset3\Osteoporosis Knee Dataset\Normal\Normal_130.jpg,dataset3,normal,data\raw\dataset2\osteoporosis\normal\Normal_130.jpg,aad7bee17a9983ac970f740348c4d246140ced9d50b7a7b2b71fa042353dc374
data\raw\dataset3\Osteoporosis Knee Dataset\Normal\Normal_131.jpg,dataset3,normal,data\raw\dataset2\osteoporosis\normal\Normal_131.jpg,80de8ce991d668ad7916f09dda8a5001bee46809d2b44020fe637c1ed2259628
data\raw\dataset3\Osteoporosis Knee Dataset\Normal\Normal_132.jpg,dataset3,normal,data\raw\dataset2\osteoporosis\normal\Normal_132.jpg,7b0793d8917437a524b56c745aed0fee0b9f3a83f10d1748a7beebee15e4fa50
data\raw\dataset3\Osteoporosis Knee Dataset\Normal\Normal_133.jpg,dataset3,normal,data\raw\dataset2\osteoporosis\normal\Normal_133.jpg,9ff3899735a5a1498d03585895818fd2e098391830750a1104965d39f0b9ba20
data\raw\dataset3\Osteoporosis Knee Dataset\Normal\Normal_134.jpg,dataset3,normal,data\raw\dataset2\osteoporosis\normal\Normal_134.jpg,669a781256e23f08bcc1380b20028bd32c0fce8eaffe5654fc6bc008320240bb
data\raw\dataset3\Osteoporosis Knee Dataset\Normal\Normal_135.jpg,dataset3,normal,data\raw\dataset2\osteoporosis\normal\Normal_135.jpg,e8ea7269e07aab7c54044bb31449d69e114c9e83532916f4fe12630b70c50e1e
data\raw\dataset3\Osteoporosis Knee Dataset\Normal\Normal_136.jpg,dataset3,normal,data\raw\dataset2\osteoporosis\normal\Normal_136.jpg,4f1ccda581bcd824b82ba2974170c350c1560583234ebe5c5dfae9d1df11b2a1
data\raw\dataset3\Osteoporosis Knee Dataset\Normal\Normal_137.jpg,dataset3,normal,data\raw\dataset2\osteoporosis\normal\Normal_137.jpg,b868ada79f0bd86e8418ba489f3a0ae4c75f3e6386b8e29503f18642088ddef1
data\raw\dataset3\Osteoporosis Knee Dataset\Normal\Normal_138.jpg,dataset3,osteopenia,data\raw\dataset2\osteoporosis\normal\Normal_138.jpg,8e65f51dd22ccda453b3b07be4b62b4648fa257bd2d3d1b21605f9366b8d7bd6
data\raw\dataset3\Osteoporosis Knee Dataset\Normal\Normal_139.jpg,dataset3,normal,data\raw\dataset2\osteoporosis\normal\Normal_139.jpg,8c8d8442b9379e866b3844033afea35a5334ecce35383a7864629a0b42dfddf0
data\raw\dataset3\Osteoporosis Knee Dataset\Normal\Normal_14.jpg,dataset3,normal,data\raw\dataset2\osteoporosis\normal\Normal_14.jpg,458db7c644f389ba681411002aff33e00ffe394fe261d017a1a4d4f2243bb2f7
data\raw\dataset3\Osteoporosis Knee Dataset\Normal\Normal_140.jpg,dataset3,normal,data\raw\dataset2\osteoporosis\normal\Normal_140.jpg,5ec19cbee1078bb857cac43e97926778f0886bafefa0b9b4c7b943a4d185ef5b
data\raw\dataset3\Osteoporosis Knee Dataset\Normal\Normal_141.jpg,dataset3,normal,data\raw\dataset2\osteoporosis\normal\Normal_141.jpg,976b9a280ec7e88352f5e9ac095a0bd965176a21c40b595b1f705800f99b4c3f
data\raw\dataset3\Osteoporosis Knee Dataset\Normal\Normal_142.jpg,dataset3,normal,data\raw\dataset2\osteoporosis\normal\Normal_142.jpg,b486827cb942743c40bb850d60a5c039825b50569f0a23f5a98ddd9b9b83185f
data\raw\dataset3\Osteoporosis Knee Dataset\Normal\Normal_143.jpg,dataset3,normal,data\raw\dataset2\osteoporosis\normal\Normal_143.jpg,c7740aa5448d99bcc31e216ed896bd1fe37bb91d26d0c1f5f8b3ba97b74adae3
data\raw\dataset3\Osteoporosis Knee Dataset\Normal\Normal_144.jpg,dataset3,normal,data\raw\dataset2\osteoporosis\normal\Normal_144.jpg,4e01b693f514cba23ca63156c773b69e84286d859ae1331ac8df41d077be400f
data\raw\dataset3\Osteoporosis Knee Dataset\Normal\Normal_145.jpg,dataset3,normal,data\raw\dataset2\osteoporosis\normal\Normal_145.jpg,580665615cc3c388af2246ed200874c66f1de94ddfae2397b5901879a07d1030
data\raw\dataset3\Osteoporosis Knee Dataset\Normal\Normal_146.jpg,dataset3,normal,data\raw\dataset2\osteoporosis\normal\Normal_146.jpg,1cab5370ca1a3f1a99fa3b856aee8fadd5564a16f3593a974fa2545bcc713c11
data\raw\dataset3\Osteoporosis Knee Dataset\Normal\Normal_147.jpg,dataset3,normal,data\raw\dataset2\osteoporosis\normal\Normal_147.jpg,417f6801e2a6a867b9da557c987f48c0b361fc9e23a44c37dd0ba944ea3fd8ad
data\raw\dataset3\Osteoporosis Knee Dataset\Normal\Normal_148.jpg,dataset3,osteopenia,data\raw\dataset2\osteoporosis\normal\Normal_148.jpg,cc4389ea6c9e27d521e5600f64f57d843c61f59e9ca12e8bbbe353d1c7d24548
data\raw\dataset3\Osteoporosis Knee Dataset\Normal\Normal_149.jpg,dataset3,normal,data\raw\dataset2\osteoporosis\normal\Normal_149.jpg,7c92f5f99e0423ba2df74149d8ad9746994857e024b23618cef7e97485bc8484
data\raw\dataset3\Osteoporosis Knee Dataset\Normal\Normal_15.jpg,dataset3,normal,data\raw\dataset2\osteoporosis\normal\Normal_15.jpg,7830e886dc8f17e70dc24139bd7abbc7450ab7f5a32681a20601dd5976f90c72
data\raw\dataset3\Osteoporosis Knee Dataset\Normal\Normal_150.jpg,dataset3,normal,data\raw\dataset2\osteoporosis\normal\Normal_150.jpg,29b4053ea5fa5f55662eb469fa31ec1bbc296674a84fce8143bed0e4a5ba992c
data\raw\dataset3\Osteoporosis Knee Dataset\Normal\Normal_151.jpg,dataset3,normal,data\raw\dataset2\osteoporosis\normal\Normal_151.jpg,e96f84457f810e9d0e3c56c0f47f57e402c97a059d02134ef0cbf9448f7c75ad
data\raw\dataset3\Osteoporosis Knee Dataset\Normal\Normal_152.jpg,dataset3,normal,data\raw\dataset2\osteoporosis\normal\Normal_152.jpg,0ce2927459ac715023af72bb0c15b31fb11933ae7e366197f495db510975f842
data\raw\dataset3\Osteoporosis Knee Dataset\Normal\Normal_153.jpg,dataset3,normal,data\raw\dataset2\osteoporosis\normal\Normal_153.jpg,731f65c30f1b3881077210906f7251ef641fade6153300a747b889ffa1a68ea4
data\raw\dataset3\Osteoporosis Knee Dataset\Normal\Normal_154.jpg,dataset3,normal,data\raw\dataset2\osteoporosis\normal\Normal_154.jpg,95f8bb3b317185591f903036bf803354ef8b247ceab59d811a058818a9ed102f
data\raw\dataset3\Osteoporosis Knee Dataset\Normal\Normal_155.jpg,dataset3,normal,data\raw\dataset2\osteoporosis\normal\Normal_155.jpg,e6c42cbd49226c92d8fdae6fa934144edb9d9bc563d0c06f026cc019b5c5b60b
data\raw\dataset3\Osteoporosis Knee Dataset\Normal\Normal_156.jpg,dataset3,osteopenia,data\raw\dataset2\osteoporosis\normal\Normal_122.jpg,ca7963b83f47b2c8b662a436ae0c908559e311c95d50f4014ddcbaa7ca2e2642
data\raw\dataset3\Osteoporosis Knee Dataset\Normal\Normal_157.jpg,dataset3,normal,data\raw\dataset2\osteoporosis\normal\Normal_157.jpg,ff3e57ff6d6f614d001a173ee6b198b897b84d4ee75e25c156c24441b62bba25
data\raw\dataset3\Osteoporosis Knee Dataset\Normal\Normal_158.jpg,dataset3,osteopenia,data\raw\dataset2\osteoporosis\normal\Normal_158.jpg,1c70f3ed4b48e97a52fcfbcffc5da47ff45c73b988ec0d262fc8c985270d008a
data\raw\dataset3\Osteoporosis Knee Dataset\Normal\Normal_159.jpg,dataset3,osteopenia,data\raw\dataset2\osteoporosis\normal\Normal_159.jpg,b3e732dc1dac1f7a764678fc562d589b63e355ebc29665d57031e2460d0de38e
data\raw\dataset3\Osteoporosis Knee Dataset\Normal\Normal_16.jpg,dataset3,normal,data\raw\dataset2\osteoporosis\normal\Normal_16.jpg,1a8ed3ff2f5359a88a3c6cdfdade850e7e509d2ac89ca0723b1febb9bbf38031
data\raw\dataset3\Osteoporosis Knee Dataset\Normal\Normal_160.jpg,dataset3,osteopenia,data\raw\dataset2\osteoporosis\normal\Normal_160.jpg,1d18a24a2ff2b31593a8288eb8eaffb2084d0c4fdc178e5fead0e34e4ded3f26
data\raw\dataset3\Osteoporosis Knee Dataset\Normal\Normal_161.jpg,dataset3,normal,data\raw\dataset2\osteoporosis\normal\Normal_161.jpg,95fc44e109138bc1eed9ff0f9e8ed1a8539194923a1bbd1ae808fb8a2a49aa66
data\raw\dataset3\Osteoporosis Knee Dataset\Normal\Normal_162.jpg,dataset3,normal,data\raw\dataset2\osteoporosis\normal\Normal_162.jpg,96b4297711dfac127696a0fc40a62313f2b9d2ecbe6393335fd018985caaadc0
data\raw\dataset3\Osteoporosis Knee Dataset\Normal\Normal_163.jpg,dataset3,normal,data\raw\dataset2\osteoporosis\normal\Normal_163.jpg,3fce76e4c3beb8089f7299d2ffde41dede31aa9b6373ae589f511f83da7faa8c
data\raw\dataset3\Osteoporosis Knee Dataset\Normal\Normal_164.jpg,dataset3,normal,data\raw\dataset2\osteoporosis\normal\Normal_164.jpg,a7318291aa9870338c5efb5c01f97dc0c65ab45f4f0c78d57456444225aa0825
data\raw\dataset3\Osteoporosis Knee Dataset\Normal\Normal_165.jpg,dataset3,normal,data\raw\dataset2\osteoporosis\normal\Normal_165.jpg,c4b293e5927e2d3292cb037dfcc6f1177096749dec76bad1d2936f0b2119d32d
data\raw\dataset3\Osteoporosis Knee Dataset\Normal\Normal_166.jpg,dataset3,normal,data\raw\dataset2\osteoporosis\normal\Normal_166.jpg,ecedd15c552009476e7c74bcd1ced1e05a1843516a54c32e404b1ac761e922d8
data\raw\dataset3\Osteoporosis Knee Dataset\Normal\Normal_167.jpg,dataset3,normal,data\raw\dataset2\osteoporosis\normal\Normal_167.jpg,46d4fe14db45b024b3708ffe17d43efac54cadb4e6816b70d976123c4d94d77a
data\raw\dataset3\Osteoporosis Knee Dataset\Normal\Normal_168.jpg,dataset3,normal,data\raw\dataset2\osteoporosis\normal\Normal_168.jpg,b354fac9c377c45e8d61611f18c31eaacafa8b0ae384498673dbf8f24dc4f93b
data\raw\dataset3\Osteoporosis Knee Dataset\Normal\Normal_169.jpg,dataset3,normal,data\raw\dataset2\osteoporosis\normal\Normal_169.jpg,1c4973cc1fd8ff48717107464ae33251add64fcf0b68f4dbc7653505a99b8853
data\raw\dataset3\Osteoporosis Knee Dataset\Normal\Normal_17.jpg,dataset3,normal,data\raw\dataset2\osteoporosis\normal\Normal_17.jpg,129278902cc7046467f169e1bbf9af91f74f579d339ba3bdde8ac772bf03158a
data\raw\dataset3\Osteoporosis Knee Dataset\Normal\Normal_170.jpg,dataset3,normal,data\raw\dataset2\osteoporosis\normal\Normal_170.jpg,5a4e36a01f926aeffa38dd29d6eab5f091515d32b0df42feec0e530d636195ad
data\raw\dataset3\Osteoporosis Knee Dataset\Normal\Normal_171.jpg,dataset3,normal,data\raw\dataset2\osteoporosis\normal\Normal_171.jpg,1cc14f1ce9b618ca38e98c0811926e0f466a4d9bcf0bd03500a51c32f3f86dc4
data\raw\dataset3\Osteoporosis Knee Dataset\Normal\Normal_172.jpg,dataset3,normal,data\raw\dataset2\osteoporosis\normal\Normal_172.jpg,68d5cb7ba5b870aba25a61412aae85d3361cec790ef1c793991d1c48645e73b3
data\raw\dataset3\Osteoporosis Knee Dataset\Normal\Normal_173.jpg,dataset3,normal,data\raw\dataset2\osteoporosis\normal\Normal_173.jpg,66b4a7296d05487b5947f1b36cb1855696ab4698d555a79b74166c47c504c208
data\raw\dataset3\Osteoporosis Knee Dataset\Normal\Normal_174.jpg,dataset3,normal,data\raw\dataset2\osteoporosis\normal\Normal_174.jpg,f3f99c891fca62d07b77c275a8436fb5843217fae8d27d7a2d9054f1cb648e73
data\raw\dataset3\Osteoporosis Knee Dataset\Normal\Normal_175.jpg,dataset3,normal,data\raw\dataset2\osteoporosis\normal\Normal_175.jpg,ab6e0ad2a5c193457272791b65cd0a10212b862742a006bb5cf1fdf511a6ed6a
data\raw\dataset3\Osteoporosis Knee Dataset\Normal\Normal_176.jpg,dataset3,normal,data\raw\dataset2\osteoporosis\normal\Normal_176.jpg,6878e911f6f3bccdb6a68f2e1972eb542dfafde7cec960859d5dbd1c33a35479
data\raw\dataset3\Osteoporosis Knee Dataset\Normal\Normal_177.jpg,dataset3,normal,data\raw\dataset2\osteoporosis\normal\Normal_177.jpg,4a06904d3dd2cf80fa56c3448a96fff730577b79a8878795df04685bda19049c
data\raw\dataset3\Osteoporosis Knee Dataset\Normal\Normal_178.jpg,dataset3,normal,data\raw\dataset2\osteoporosis\normal\Normal_178.jpg,291a4fc1f7ffb3922011a9fd5e601c6eeaf5240e16f09a0a3201ef749bdc8fdc
data\raw\dataset3\Osteoporosis Knee Dataset\Normal\Normal_179.jpg,dataset3,osteoporosis,data\raw\dataset2\osteoporosis\normal\Normal_179.jpg,f56cc4f4aa34bf8a289365b3046ed34822ad0b15f2c452c41304a98ae85973e9
data\raw\dataset3\Osteoporosis Knee Dataset\Normal\Normal_18.jpg,dataset3,normal,data\raw\dataset2\osteoporosis\normal\Normal_18.jpg,c382f95dca6263a0c271842b8dcde41f9a925a83b3c9583710fe88e82e70584e
data\raw\dataset3\Osteoporosis Knee Dataset\Normal\Normal_180.jpg,dataset3,osteoporosis,data\raw\dataset2\osteoporosis\normal\Normal_180.jpg,c0e2e3a02ef335779dc7eca9beffa830973c38793781fd3ffa2aac59f8b9ded1
data\raw\dataset3\Osteoporosis Knee Dataset\Normal\Normal_181.jpg,dataset3,normal,data\raw\dataset2\osteoporosis\normal\Normal_181.jpg,6dadc7d8d5fed2206466397aedfb0e3b16c732b55012e59fb2bf29819ba14993
data\raw\dataset3\Osteoporosis Knee Dataset\Normal\Normal_182.jpg,dataset3,osteoporosis,data\raw\dataset2\osteoporosis\normal\Normal_182.jpg,c2dfc5163d25186fb07cd4d9bd0a42345ca34ae7141593d9c27041480bcee147
data\raw\dataset3\Osteoporosis Knee Dataset\Normal\Normal_183.jpg,dataset3,osteoporosis,data\raw\dataset2\osteoporosis\normal\Normal_183.jpg,949dd0b413bdc43d00dc8d1df01d22574e6a7b2f90ca47356771624d22e12ef1
data\raw\dataset3\Osteoporosis Knee Dataset\Normal\Normal_184.jpg,dataset3,osteoporosis,data\raw\dataset2\osteoporosis\normal\Normal_184.jpg,256ccf40395d14b7eae07558254ce2ab6e73e78cd94ebdf4d8d8b864f89d4830
data\raw\dataset3\Osteoporosis Knee Dataset\Normal\Normal_185.jpg,dataset3,normal,data\raw\dataset2\osteoporosis\normal\Normal_185.jpg,92d3d8983224e4062d92428ab3abb0e3bba529246a44c4a1ab11959ecec68271
data\raw\dataset3\Osteoporosis Knee Dataset\Normal\Normal_186.jpg,dataset3,normal,data\raw\dataset2\osteoporosis\normal\Normal_186.jpg,8031e7a93340090bb498cebe7a9bae1e4a2a0cbf0742e372801863cfd84ad2ab
data\raw\dataset3\Osteoporosis Knee Dataset\Normal\Normal_19.jpg,dataset3,normal,data\raw\dataset2\osteoporosis\normal\Normal_19.jpg,3f831f29515360aa168f5f2a17d41ac5e2b713b89bd5248d00bc84f982dddf6f
data\raw\dataset3\Osteoporosis Knee Dataset\Normal\Normal_2.jpg,dataset3,normal,data\raw\dataset2\osteoporosis\normal\Normal_2.jpg,85fd16b2070c7cbd675c9c7341592dc1345ad0a191f19c1264b463a1906e6e3c
data\raw\dataset3\Osteoporosis Knee Dataset\Normal\Normal_20.jpg,dataset3,normal,data\raw\dataset2\osteoporosis\normal\Normal_20.jpg,aa6efb533f1ded78d3fb3239ae33eccbd1b05470124267fd3226e3d6b1cfe8d1
data\raw\dataset3\Osteoporosis Knee Dataset\Normal\Normal_21.jpg,dataset3,normal,data\raw\dataset2\osteoporosis\normal\Normal_21.jpg,209056c01965de93bc7290ac753987112e29769a51288b7950d7bc0ac475eeb9
data\raw\dataset3\Osteoporosis Knee Dataset\Normal\Normal_22.jpg,dataset3,normal,data\raw\dataset2\osteoporosis\normal\Normal_22.jpg,3607e3483decc7abb412715b6b608cf0f0d2f016327a6f9d7b0a3ce41a6c4d9e
data\raw\dataset3\Osteoporosis Knee Dataset\Normal\Normal_23.jpg,dataset3,osteopenia,data\raw\dataset2\osteoporosis\normal\Normal_23.jpg,95924a4256cf8e5a45dfd6db48536dd484f6fbf75a523ec0dfe1ec272267f1d4
data\raw\dataset3\Osteoporosis Knee Dataset\Normal\Normal_24.jpg,dataset3,normal,data\raw\dataset2\osteoporosis\normal\Normal_24.jpg,8deadb4b245c616b2b253f2e45dd8ac096455e3ede7e41526dc86963512eac59
data\raw\dataset3\Osteoporosis Knee Dataset\Normal\Normal_25.jpg,dataset3,normal,data\raw\dataset2\osteoporosis\normal\Normal_25.jpg,98a61dfd5a10226a28773652dacdde709ed1ce0a0c834559b6de482100d7b6a4
data\raw\dataset3\Osteoporosis Knee Dataset\Normal\Normal_26.jpg,dataset3,normal,data\raw\dataset2\osteoporosis\normal\Normal_26.jpg,bb7fee2c58c2c3d393cf2aeb42eb46444a901fb11113a6b1af25cf829f93bcc7
data\raw\dataset3\Osteoporosis Knee Dataset\Normal\Normal_27.jpg,dataset3,normal,data\raw\dataset2\osteoporosis\normal\Normal_27.jpg,0fac73172fa6386dd05ff8dad9a39e4b86c9ad28670f0be91226f38a18a93b3d
data\raw\dataset3\Osteoporosis Knee Dataset\Normal\Normal_28.jpg,dataset3,normal,data\raw\dataset2\osteoporosis\normal\Normal_28.jpg,5177f4b37bd45fdb6c1a6eb9d0aab9fe4fa22ccf2084a489fe1c8b1df11c574f
data\raw\dataset3\Osteoporosis Knee Dataset\Normal\Normal_29.jpg,dataset3,normal,data\raw\dataset2\osteoporosis\normal\Normal_29.jpg,7d513b2c55e247d823bf9da018b53e27f7321eeee7d00d1c3530a636032d0060
data\raw\dataset3\Osteoporosis Knee Dataset\Normal\Normal_3.jpg,dataset3,normal,data\raw\dataset2\osteoporosis\normal\Normal_3.jpg,03bb632bb86b77d5f6f5575913b5af2f4e433a556aac2f1a50eac2f8e9991403
data\raw\dataset3\Osteoporosis Knee Dataset\Normal\Normal_30.jpg,dataset3,normal,data\raw\dataset2\osteoporosis\normal\Normal_30.jpg,8afb392b8effacb780c295be1c1910c00516460c00f7e0c7ba6b47ffb67cbc40
data\raw\dataset3\Osteoporosis Knee Dataset\Normal\Normal_31.jpg,dataset3,normal,data\raw\dataset2\osteoporosis\normal\Normal_31.jpg,d6a4ec86450cfac6d1aa04e09826714baf2a05bf69c60e96d70e4b7b20db9801
data\raw\dataset3\Osteoporosis Knee Dataset\Normal\Normal_32.jpg,dataset3,normal,data\raw\dataset2\osteoporosis\normal\Normal_32.jpg,2fb031f511fecdf1241755ae1d7523bd7b475c66dc3869bfad9408c81b34da03
data\raw\dataset3\Osteoporosis Knee Dataset\Normal\Normal_33.jpg,dataset3,normal,data\raw\dataset2\osteoporosis\normal\Normal_33.jpg,c1aca8635617a17781e342a07b13eb908818714dfd033cb056e2f35bdf3480e1
data\raw\dataset3\Osteoporosis Knee Dataset\Normal\Normal_34.jpg,dataset3,normal,data\raw\dataset2\osteoporosis\normal\Normal_34.jpg,3d444818301c816dcb7fc3a3ed461879cda1df5c544077c062459ceb11234e08
data\raw\dataset3\Osteoporosis Knee Dataset\Normal\Normal_35.jpg,dataset3,normal,data\raw\dataset2\osteoporosis\normal\Normal_35.jpg,b633fe312319ec3eaadbfc583fe0be89fd7a81ce30f9f8ced5ef2d95d7a1274b
data\raw\dataset3\Osteoporosis Knee Dataset\Normal\Normal_36.jpg,dataset3,normal,data\raw\dataset2\osteoporosis\normal\Normal_36.jpg,2c3cea32a927ed62192d944411418195761b5efb1825f950affc4dfe49d2338b
data\raw\dataset3\Osteoporosis Knee Dataset\Normal\Normal_37.jpg,dataset3,normal,data\raw\dataset2\osteoporosis\normal\Normal_37.jpg,233801bdb16fa2eb2fddafe4b78c3670ddd2cb851ca20435c693f3fd4c765985
data\raw\dataset3\Osteoporosis Knee Dataset\Normal\Normal_38.jpg,dataset3,normal,data\raw\dataset2\osteoporosis\normal\Normal_38.jpg,8da4493bdf9199436988ce15e40e8666036619e7599830ef54e938ab06335659
data\raw\dataset3\Osteoporosis Knee Dataset\Normal\Normal_39.jpg,dataset3,normal,data\raw\dataset2\osteoporosis\normal\Normal_39.jpg,2b28ebbd37bd5ae8b014cdaf8801c9180c2822df44c0249009a05881454e38a5
data\raw\dataset3\Osteoporosis Knee Dataset\Normal\Normal_4.jpg,dataset3,normal,data\raw\dataset2\osteoporosis\normal\Normal_4.jpg,ee9050bbab114a1778e67488519fcbff102e74dbeef16deee641bdd7403a6bf5
data\raw\dataset3\Osteoporosis Knee Dataset\Normal\Normal_40.jpg,dataset3,normal,data\raw\dataset2\osteoporosis\normal\Normal_40.jpg,399f218b12e9c276cc493c2464081f4958b15d437c380f7699b10cec71fba07e
data\raw\dataset3\Osteoporosis Knee Dataset\Normal\Normal_41.jpg,dataset3,normal,data\raw\dataset2\osteoporosis\normal\Normal_41.jpg,f77c31e739ec3bc1764b6460928e8d6cfbd2bd4bb82443f2e8b2480c7d819a40
data\raw\dataset3\Osteoporosis Knee Dataset\Normal\Normal_42.jpg,dataset3,normal,data\raw\dataset2\osteoporosis\normal\Normal_42.jpg,faae1a51bd041ac52f084f4e727374a91fec6ae2236d0d59929ed8000c847c63
data\raw\dataset3\Osteoporosis Knee Dataset\Normal\Normal_43.jpg,dataset3,normal,data\raw\dataset2\osteoporosis\normal\Normal_43.jpg,d6205466467383a8f750c4b5ae3cca4e5f12edbff6909f16fdf0dcfe87f59969
data\raw\dataset3\Osteoporosis Knee Dataset\Normal\Normal_44.jpg,dataset3,normal,data\raw\dataset2\osteoporosis\normal\Normal_44.jpg,ac300f602c1bff5cf3452f14064ea3a79d59d393ecf6cb066a92870b605d052b
data\raw\dataset3\Osteoporosis Knee Dataset\Normal\Normal_45.jpg,dataset3,normal,data\raw\dataset2\osteoporosis\normal\Normal_45.jpg,d48469f5dc304793ae529cf725873d848be4cc0ba603a4b557f32fe1a1c0e8dd
data\raw\dataset3\Osteoporosis Knee Dataset\Normal\Normal_46.jpg,dataset3,normal,data\raw\dataset2\osteoporosis\normal\Normal_45.jpg,d48469f5dc304793ae529cf725873d848be4cc0ba603a4b557f32fe1a1c0e8dd
data\raw\dataset3\Osteoporosis Knee Dataset\Normal\Normal_47.jpg,dataset3,normal,data\raw\dataset2\osteoporosis\normal\Normal_47.jpg,a07716502590e1103e3f8cbc803a33f583634f82f1d64dd7e1a5b26b4c70b976
data\raw\dataset3\Osteoporosis Knee Dataset\Normal\Normal_48.jpg,dataset3,normal,data\raw\dataset2\osteoporosis\normal\Normal_48.jpg,f954345854c6976b9e55196ff95e0b1bb93c6fd4cecce3c95bc0ecf2f14203df
data\raw\dataset3\Osteoporosis Knee Dataset\Normal\Normal_49.jpg,dataset3,normal,data\raw\dataset2\osteoporosis\normal\Normal_49.jpg,4255dbc6c6ee93c63f2ac05d32609473787bc39aad7a0f190eadf42bd40d77b5
data\raw\dataset3\Osteoporosis Knee Dataset\Normal\Normal_5.jpg,dataset3,normal,data\raw\dataset2\osteoporosis\normal\Normal_5.jpg,f5e51d3473933a20863014d77c86700c732f86d394f4df70354a70ad350aa69c
data\raw\dataset3\Osteoporosis Knee Dataset\Normal\Normal_50.jpg,dataset3,normal,data\raw\dataset2\osteoporosis\normal\Normal_50.jpg,d5f6950f858b9faee2deba1fc667808afff87141e9695185afdf2d25a288bab8
data\raw\dataset3\Osteoporosis Knee Dataset\Normal\Normal_51.jpg,dataset3,normal,data\raw\dataset2\osteoporosis\normal\Normal_51.jpg,afea86522ecbd188c8619c62cb52d75cf0b8508db0e53e193a349584266bbd87
data\raw\dataset3\Osteoporosis Knee Dataset\Normal\Normal_52.jpg,dataset3,normal,data\raw\dataset2\osteoporosis\normal\Normal_52.jpg,b05b04d794d71a5c971e9afcf1c6191e7fb8adfecd004c0c9241040dbccd276f
data\raw\dataset3\Osteoporosis Knee Dataset\Normal\Normal_53.jpg,dataset3,normal,data\raw\dataset2\osteoporosis\normal\Normal_53.jpg,7520d6d9805f477db489c9fd7142dd79b2b2cedc7364ba79b1293aa557508e79
data\raw\dataset3\Osteoporosis Knee Dataset\Normal\Normal_54.jpg,dataset3,osteopenia,data\raw\dataset2\osteoporosis\normal\Normal_54.jpg,ba3221fba244155d373b6f9f656d0010566c6273f9d0beb62f31e2e1ffb0d569
data\raw\dataset3\Osteoporosis Knee Dataset\Normal\Normal_55.jpg,dataset3,normal,data\raw\dataset2\osteoporosis\normal\Normal_55.jpg,3fc8d8ac089ee6f8ae2c2a2aab9d0be1c59e9a2aabd64804c51f40cbafa51f63
data\raw\dataset3\Osteoporosis Knee Dataset\Normal\Normal_56.jpg,dataset3,normal,data\raw\dataset2\osteoporosis\normal\Normal_56.jpg,d7c2a7b78f952a74e20279891d4184744d6d0555acae47673ba8ade80ca20e8e
data\raw\dataset3\Osteoporosis Knee Dataset\Normal\Normal_57.jpg,dataset3,normal,data\raw\dataset2\osteoporosis\normal\Normal_57.jpg,6c4f7aa13337c8d2b541fb7a339bbb6a2874e34fac91c48944652a249c6a5aa2
data\raw\dataset3\Osteoporosis Knee Dataset\Normal\Normal_58.jpg,dataset3,normal,data\raw\dataset2\osteoporosis\normal\Normal_58.jpg,c3892b5f4f11cd825864f7b06379bf18f69c1872dbd53a4a22d011c3bc90db0f
data\raw\dataset3\Osteoporosis Knee Dataset\Normal\Normal_59.jpg,dataset3,normal,data\raw\dataset2\osteoporosis\normal\Normal_59.jpg,5272aca7e58e0be3cba5c07c8364344ace5ff376d81614ba93edcf9b53ec79b4
data\raw\dataset3\Osteoporosis Knee Dataset\Normal\Normal_6.jpg,dataset3,normal,data\raw\dataset2\osteoporosis\normal\Normal_6.jpg,22f24cc2bb4ce2d858e748384b1276a1a6bfc9864a0ae8064ebbc0f54bc5fb58
data\raw\dataset3\Osteoporosis Knee Dataset\Normal\Normal_60.jpg,dataset3,normal,data\raw\dataset2\osteoporosis\normal\Normal_60.jpg,b25424335a2f4d7942e55513ee79da6364d97e53aa557551d3e45970e2612b3c
data\raw\dataset3\Osteoporosis Knee Dataset\Normal\Normal_61.jpg,dataset3,normal,data\raw\dataset2\osteoporosis\normal\Normal_61.jpg,049999b71fb02c2973965086db6373e793446fdb9593709cedbc18003db6825b
data\raw\dataset3\Osteoporosis Knee Dataset\Normal\Normal_62.jpg,dataset3,normal,data\raw\dataset2\osteoporosis\normal\Normal_62.jpg,4c3ddaa0f746938b3efb1779b7f76438fef6bbdd89665862d29117a09fb2af59
data\raw\dataset3\Osteoporosis Knee Dataset\Normal\Normal_63.jpg,dataset3,normal,data\raw\dataset2\osteoporosis\normal\Normal_56.jpg,d7c2a7b78f952a74e20279891d4184744d6d0555acae47673ba8ade80ca20e8e
data\raw\dataset3\Osteoporosis Knee Dataset\Normal\Normal_64.jpg,dataset3,normal,data\raw\dataset2\osteoporosis\normal\Normal_64.jpg,4d40d9446bc58e598c1d61b0663fa513adf81ff8f176052980b26b586f4dd130
data\raw\dataset3\Osteoporosis Knee Dataset\Normal\Normal_65.jpg,dataset3,normal,data\raw\dataset2\osteoporosis\normal\Normal_65.jpg,2b6f1fc63b3fb61b227bda04122285c302474348acb9d579fb00627f14478de2
data\raw\dataset3\Osteoporosis Knee Dataset\Normal\Normal_66.jpg,dataset3,normal,data\raw\dataset2\osteoporosis\normal\Normal_66.jpg,f1c496cf09a6b1e501405e80a9de2a22595739d243422ab377dc801d0422ca1f
data\raw\dataset3\Osteoporosis Knee Dataset\Normal\Normal_67.jpg,dataset3,normal,data\raw\dataset2\osteoporosis\normal\Normal_67.jpg,8d32b1bf6fca15ae273c55c00c422afd2d6ccd3222a0cf5eceea5ba337bf9d09
data\raw\dataset3\Osteoporosis Knee Dataset\Normal\Normal_68.jpg,dataset3,normal,data\raw\dataset2\osteoporosis\normal\Normal_68.jpg,e081d837b3d8b3743d7b0ae173224a599f373f6e99f69c372006fcea9562a932
data\raw\dataset3\Osteoporosis Knee Dataset\Normal\Normal_69.jpg,dataset3,normal,data\raw\dataset2\osteoporosis\normal\Normal_64.jpg,4d40d9446bc58e598c1d61b0663fa513adf81ff8f176052980b26b586f4dd130
data\raw\dataset3\Osteoporosis Knee Dataset\Normal\Normal_7.jpg,dataset3,normal,data\raw\dataset2\osteoporosis\normal\Normal_7.jpg,4a7c0b042647904eb2e91b63cf28c98bca10cae8ef1720c4446e867db84eaa1e
data\raw\dataset3\Osteoporosis Knee Dataset\Normal\Normal_70.jpg,dataset3,normal,data\raw\dataset2\osteoporosis\normal\Normal_70.jpg,13a109152910a46a58c0d2fb4287146e2a26862f691870a4983bc2dbb29a0da5
data\raw\dataset3\Osteoporosis Knee Dataset\Normal\Normal_71.jpg,dataset3,normal,data\raw\dataset2\osteoporosis\normal\Normal_71.jpg,88c1331bbaf02f76432c2cee07deb4911a0ae1d6573d851edb4078f00a366fca
data\raw\dataset3\Osteoporosis Knee Dataset\Normal\Normal_72.jpg,dataset3,normal,data\raw\dataset2\osteoporosis\normal\Normal_72.jpg,28a2b1eb74f19e90d194429cd27c2e6b1906b20c9c55a1e8eba6265564a1f454
data\raw\dataset3\Osteoporosis Knee Dataset\Normal\Normal_73.jpg,dataset3,normal,data\raw\dataset2\osteoporosis\normal\Normal_73.jpg,78d51a99bea19dcadbc29ad11d14074db59486c58958dfcfbcea5bed3337556a
data\raw\dataset3\Osteoporosis Knee Dataset\Normal\Normal_74.jpg,dataset3,normal,data\raw\dataset2\osteoporosis\normal\Normal_74.jpg,3f830f000084e74882a75d81b662ca4b4187095b2a69abb1b442094f2108217a
data\raw\dataset3\Osteoporosis Knee Dataset\Normal\Normal_75.jpg,dataset3,normal,data\raw\dataset2\osteoporosis\normal\Normal_75.jpg,0f81b6f10966506d3bb71f681925730d90e2fa6c2ebed59295ee722781453665
data\raw\dataset3\Osteoporosis Knee Dataset\Normal\Normal_76.jpg,dataset3,normal,data\raw\dataset2\osteoporosis\normal\Normal_76.jpg,1c824e64ac17ef4a4a93c73442384ac40d0a11b6f0fd24eac9928107e16350be
data\raw\dataset3\Osteoporosis Knee Dataset\Normal\Normal_77.jpg,dataset3,normal,data\raw\dataset2\osteoporosis\normal\Normal_77.jpg,e623bddfee131a1e6bb1263fbaf3954efce9a8b56ebe27751f49f256f0f7f212
data\raw\dataset3\Osteoporosis Knee Dataset\Normal\Normal_78.jpg,dataset3,normal,data\raw\dataset2\osteoporosis\normal\Normal_78.jpg,250d4fcf99d9cf749cd11f5832b311791e44c1ba5d9a047beaf997cf63359fc8
data\raw\dataset3\Osteoporosis Knee Dataset\Normal\Normal_79.jpg,dataset3,normal,data\raw\dataset2\osteoporosis\normal\Normal_79.jpg,e4f30a4fcd116d9f4f506612dfe0324673b937e19e865e8b05cec26ee89d0dda
data\raw\dataset3\Osteoporosis Knee Dataset\Normal\Normal_8.jpg,dataset3,normal,data\raw\dataset2\osteoporosis\normal\Normal_8.jpg,4aed5031d69f60b575c163c8a66b3de1fe6e21812b387c5ac1cb7eae1d288b4b
data\raw\dataset3\Osteoporosis Knee Dataset\Normal\Normal_80.jpg,dataset3,normal,data\raw\dataset2\osteoporosis\normal\Normal_80.jpg,bea9238c4a1a1f5d8413840e96b20d90f36784142914a7f8fb53a098993f6aa5
data\raw\dataset3\Osteoporosis Knee Dataset\Normal\Normal_81.jpg,dataset3,normal,data\raw\dataset2\osteoporosis\normal\Normal_81.jpg,909002d3e595dd39e5301905f84de577e0e6db7b95265dc8ea77bc7e75d3d47c
data\raw\dataset3\Osteoporosis Knee Dataset\Normal\Normal_82.jpg,dataset3,normal,data\raw\dataset2\osteoporosis\normal\Normal_82.jpg,92f0dc53f91bec092c90fe6dd3a24f4891adcb1749691a3cbd02bd90d7535236
data\raw\dataset3\Osteoporosis Knee Dataset\Normal\Normal_83.jpg,dataset3,normal,data\raw\dataset2\osteoporosis\normal\Normal_83.jpg,92e7860f3ebf6986695a5529439021852a10c035f9663d221546a35d8839db95
data\raw\dataset3\Osteoporosis Knee Dataset\Normal\Normal_84.jpg,dataset3,normal,data\raw\dataset2\osteoporosis\normal\Normal_84.jpg,a16044e88e2945fc9dcd0b2bfdac48430b9c565c9f6f36e16f30b1feccf06258
data\raw\dataset3\Osteoporosis Knee Dataset\Normal\Normal_85.jpg,dataset3,normal,data\raw\dataset2\osteoporosis\normal\Normal_85.jpg,e113cb37fd51409d037000f70aab95c84f71879da13e219d1fdc3fa8274e30ad
data\raw\dataset3\Osteoporosis Knee Dataset\Normal\Normal_86.jpg,dataset3,normal,data\raw\dataset2\osteoporosis\normal\Normal_86.jpg,db11edd6ebcc595fc6ad4c9d028a099ddd96612dbe59ef6970f03985bf3ec0c4
data\raw\dataset3\Osteoporosis Knee Dataset\Normal\Normal_87.jpg,dataset3,normal,data\raw\dataset2\osteoporosis\normal\Normal_87.jpg,162f045e2e2b5234e6cc0145aafdea222b6094ed6f16f0575e32bbbd54396061
data\raw\dataset3\Osteoporosis Knee Dataset\Normal\Normal_88.jpg,dataset3,normal,data\raw\dataset2\osteoporosis\normal\Normal_88.jpg,76cef6e47c6bcb7c422453762364904cd12c82f1c7a90fa7dd29f8ffc187768e
data\raw\dataset3\Osteoporosis Knee Dataset\Normal\Normal_89.jpg,dataset3,normal,data\raw\dataset2\osteoporosis\normal\Normal_89.jpg,1c1f8caf6f7a0c767b4c92e9689992e246b87bf60ca37963c907783244397c65
data\raw\dataset3\Osteoporosis Knee Dataset\Normal\Normal_9.jpg,dataset3,normal,data\raw\dataset2\osteoporosis\normal\Normal_9.jpg,5e8cfd439eb41bcd73e4c22289fc26a48d4fdb420a5641243c96b892d98f38ad
data\raw\dataset3\Osteoporosis Knee Dataset\Normal\Normal_90.jpg,dataset3,normal,data\raw\dataset2\osteoporosis\normal\Normal_90.jpg,64f905f43a36e9bf6f2dd93d43a02998ab47157cd5b323338d364b6bf80cdb23
data\raw\dataset3\Osteoporosis Knee Dataset\Normal\Normal_91.jpg,dataset3,normal,data\raw\dataset2\osteoporosis\normal\Normal_91.jpg,e843b19b2fdd703179edb6292eb3b2b88612d06746d83bfc852997d2223956a1
data\raw\dataset3\Osteoporosis Knee Dataset\Normal\Normal_92.jpg,dataset3,normal,data\raw\dataset2\osteoporosis\normal\Normal_92.jpg,9e191e94947878dca476727d459036bd3d784a98b98072be874731fba3e9065f
data\raw\dataset3\Osteoporosis Knee Dataset\Normal\Normal_93.jpg,dataset3,normal,data\raw\dataset2\osteoporosis\normal\Normal_93.jpg,b4c16637245400b1e0e6eecafe716342ccb8f075001f6152519ac429bdf78263
data\raw\dataset3\Osteoporosis Knee Dataset\Normal\Normal_94.jpg,dataset3,normal,data\raw\dataset2\osteoporosis\normal\Normal_94.jpg,87b697e99a422b541f5f015468706da95f74e7c3dce7c4e0a8d9f8f242702898
data\raw\dataset3\Osteoporosis Knee Dataset\Normal\Normal_95.jpg,dataset3,normal,data\raw\dataset2\osteoporosis\normal\Normal_95.jpg,889486ec06128bed096ed2ad0d06d935657b89376c502de08f62f6b30b4f33d7
data\raw\dataset3\Osteoporosis Knee Dataset\Normal\Normal_96.jpg,dataset3,normal,data\raw\dataset2\osteoporosis\normal\Normal_96.jpg,e803200543c97dd7d42758e4a5e148ea5937ad242be13bfc23c3470c2b02c72c
data\raw\dataset3\Osteoporosis Knee Dataset\Normal\Normal_97.jpg,dataset3,normal,data\raw\dataset2\osteoporosis\normal\Normal_97.jpg,e881718c025bd0e2ba00320d43c989ebf4d8052d4d9b5f32e2010ddb3cd25a67
data\raw\dataset3\Osteoporosis Knee Dataset\Normal\Normal_98.jpg,dataset3,normal,data\raw\dataset2\osteoporosis\normal\Normal_98.jpg,7cb917e1e0f7d5b3d709fde99d571c8634cace4012e952fde8f5f1883162cb8a
data\raw\dataset3\Osteoporosis Knee Dataset\Normal\Normal_99.jpg,dataset3,normal,data\raw\dataset2\osteoporosis\normal\Normal_99.jpg,4bfdace9fead6128e19bf65afdf2f8bfe14ccffe11086337e8d50c446e4dce94
data\raw\dataset3\Osteoporosis Knee Dataset\Osteoporosis\Osteoporosis.jpg,dataset3,osteoporosis,data\raw\dataset2\osteoporosis\osteoporosis\Osteoporosis.jpg,53b9f136b98ed9a9f486cce096f2231b382f828b58f38b07279c6d3c93731000
data\raw\dataset3\Osteoporosis Knee Dataset\Osteoporosis\Osteoporosis_10.jpg,dataset3,osteoporosis,data\raw\dataset2\osteoporosis\osteoporosis\Osteoporosis_10.jpg,24acd4b12b04b913fa9450f7951969e57fb00b16f70fd86d53b271490278363b
data\raw\dataset3\Osteoporosis Knee Dataset\Osteoporosis\Osteoporosis_100.jpg,dataset3,osteopenia,data\raw\dataset2\osteoporosis\osteoporosis\Osteoporosis_100.jpg,c132d533a714f323d8c4f1b22ae2f64852475e06cc00a65216ace22d75083d39
data\raw\dataset3\Osteoporosis Knee Dataset\Osteoporosis\Osteoporosis_101.jpg,dataset3,osteopenia,data\raw\dataset2\osteoporosis\osteoporosis\Osteoporosis_101.jpg,2beeb22d334b3bdd0b321a72ee7bea8096e375d0ff4e5bab0f37b4bb8fa60e84
data\raw\dataset3\Osteoporosis Knee Dataset\Osteoporosis\Osteoporosis_102.jpg,dataset3,osteopenia,data\raw\dataset2\osteoporosis\osteoporosis\Osteoporosis_102.jpg,48f1c59c4d4ff1e45b7e386d7a0efa9d06a2c9a3aa37d815e63f99ba04b89808
data\raw\dataset3\Osteoporosis Knee Dataset\Osteoporosis\Osteoporosis_103.jpg,dataset3,osteopenia,data\raw\dataset2\osteoporosis\osteoporosis\Osteoporosis_103.jpg,8d01eb3865b9681c37146583c22f306ab25cb12aac288fcf815988c0ae70e1ff
data\raw\dataset3\Osteoporosis Knee Dataset\Osteoporosis\Osteoporosis_104.jpg,dataset3,osteopenia,data\raw\dataset2\osteoporosis\osteoporosis\Osteoporosis_104.jpg,27374721ed9948a7152969fd7eb58e9098f1668dab5c6d9a88f2399512b38d4a
data\raw\dataset3\Osteoporosis Knee Dataset\Osteoporosis\Osteoporosis_105.jpg,dataset3,osteopenia,data\raw\dataset2\osteoporosis\osteoporosis\Osteoporosis_105.jpg,147294e8a75add46470307ec0fb7cb9e2eb2afe846646649ba2e580e2abcb7aa
data\raw\dataset3\Osteoporosis Knee Dataset\Osteoporosis\Osteoporosis_106.jpg,dataset3,osteoporosis,data\raw\dataset2\osteoporosis\osteoporosis\Osteoporosis_106.jpg,172f2778bb44840962b9eeab0d428b00d95c6e30f4708a1e66b78b7540216bf6
data\raw\dataset3\Osteoporosis Knee Dataset\Osteoporosis\Osteoporosis_107.jpg,dataset3,osteoporosis,data\raw\dataset2\osteoporosis\osteoporosis\Osteoporosis_107.jpg,316864fbb569ca1e2d75debaa2d96e31ec13bcda511295b4f6ad36f9a3cdf9be
data\raw\dataset3\Osteoporosis Knee Dataset\Osteoporosis\Osteoporosis_108.jpg,dataset3,osteopenia,data\raw\dataset2\osteoporosis\osteoporosis\Osteoporosis_108.jpg,813660140872d4d658ad6ff5377668d2b6a4ac5fa280e1b76825b29d37c0ac05
data\raw\dataset3\Osteoporosis Knee Dataset\Osteoporosis\Osteoporosis_109.jpg,dataset3,osteoporosis,data\raw\dataset2\osteoporosis\osteoporosis\Osteoporosis_109.jpg,01ba0a13b8d65632b35d77384ec99ccd906f65f0a5e84a31df18e91b9f880cfe
data\raw\dataset3\Osteoporosis Knee Dataset\Osteoporosis\Osteoporosis_11.jpg,dataset3,osteoporosis,data\raw\dataset2\osteoporosis\osteoporosis\Osteoporosis_11.jpg,ef2264cc6f8c10438566be2884c3a9c2a84b95897c4bc22d6ce1ed4af9114563
data\raw\dataset3\Osteoporosis Knee Dataset\Osteoporosis\Osteoporosis_110.jpg,dataset3,osteopenia,data\raw\dataset2\osteoporosis\osteoporosis\Osteoporosis_110.jpg,ac1d6e0671dabee475913661dac2498d00432e696e21baf6a731513bb135cbb0
data\raw\dataset3\Osteoporosis Knee Dataset\Osteoporosis\Osteoporosis_111.jpg,dataset3,osteoporosis,data\raw\dataset2\osteoporosis\osteoporosis\Osteoporosis_111.jpg,cab2e7d812566c5b4e739cca4969a55a995af74a2280d61c23f338430e8a8e80
data\raw\dataset3\Osteoporosis Knee Dataset\Osteoporosis\Osteoporosis_112.jpg,dataset3,osteopenia,data\raw\dataset2\osteoporosis\osteoporosis\Osteoporosis_112.jpg,87ee11e187e7de39df8cb016c613ee25f9a19f901b9ddfcdf10cb2d2e287302e
data\raw\dataset3\Osteoporosis Knee Dataset\Osteoporosis\Osteoporosis_113.jpg,dataset3,osteopenia,data\raw\dataset2\osteoporosis\osteoporosis\Osteoporosis_113.jpg,85406088a93c614f1e6ff146a52e64aa4ae17eb99a3ec72e9c5c452a55d652d8
data\raw\dataset3\Osteoporosis Knee Dataset\Osteoporosis\Osteoporosis_114.jpg,dataset3,osteopenia,data\raw\dataset2\osteoporosis\osteoporosis\Osteoporosis_114.jpg,3abc9ea04ad6cbdaa9e7776d63bf8e003b014b8e028da3e204fdb6249c275268
data\raw\dataset3\Osteoporosis Knee Dataset\Osteoporosis\Osteoporosis_115.jpg,dataset3,osteopenia,data\raw\dataset2\osteoporosis\osteoporosis\Osteoporosis_115.jpg,d3071feadca637643e15f357d40b39803ada3d40d5c3fe6aaeb5b27cea8c0e0a
data\raw\dataset3\Osteoporosis Knee Dataset\Osteoporosis\Osteoporosis_116.jpg,dataset3,osteopenia,data\raw\dataset2\osteoporosis\osteoporosis\Osteoporosis_116.jpg,b6921a510b4f04c0ba7785a83a2a2ccd2fca45d6640c1173e2dc400db595f839
data\raw\dataset3\Osteoporosis Knee Dataset\Osteoporosis\Osteoporosis_117.jpg,dataset3,osteopenia,data\raw\dataset2\osteoporosis\osteoporosis\Osteoporosis_117.jpg,365076f2a33c49c1ecabcb80f233fc138f92df63faa67f3cc3c942665ee21c3e
data\raw\dataset3\Osteoporosis Knee Dataset\Osteoporosis\Osteoporosis_118.jpg,dataset3,osteopenia,data\raw\dataset2\osteoporosis\osteoporosis\Osteoporosis_118.jpg,825b86a9ed0d9db480df55b1cc368efd9e0dea93a512ca567f5ae9a7cb14c890
data\raw\dataset3\Osteoporosis Knee Dataset\Osteoporosis\Osteoporosis_119.jpg,dataset3,osteopenia,data\raw\dataset2\osteoporosis\osteoporosis\Osteoporosis_119.jpg,fad86ecf9c5ed156c2138ea72d06435af06f2863e8326384c58eea368f29b227
data\raw\dataset3\Osteoporosis Knee Dataset\Osteoporosis\Osteoporosis_12.jpg,dataset3,osteoporosis,data\raw\dataset2\osteoporosis\osteoporosis\Osteoporosis_12.jpg,4643618f1ea1cb89b19a950abd63cbcb18caeed15eceb8fdec9fbfb750cce9b6
data\raw\dataset3\Osteoporosis Knee Dataset\Osteoporosis\Osteoporosis_120.jpg,dataset3,osteoporosis,data\raw\dataset2\osteoporosis\osteoporosis\Osteoporosis_120.jpg,7594ee660fa8a8a6aceb7ae2cc3322ab187695deb7c4c8377116acbcb0412fc7
data\raw\dataset3\Osteoporosis Knee Dataset\Osteoporosis\Osteoporosis_121.jpg,dataset3,osteoporosis,data\raw\dataset2\osteoporosis\osteoporosis\Osteoporosis_121.jpg,99779c00f4f3a1c02a9b2bce9b6b04d6b10e2e89d088ea07af12c338a342b7df
data\raw\dataset3\Osteoporosis Knee Dataset\Osteoporosis\Osteoporosis_122.jpg,dataset3,osteopenia,data\raw\dataset2\osteoporosis\osteoporosis\Osteoporosis_122.jpg,17761ae859ddc0f6faebce20db8bdea448081417753244ee1f007c438676494f
data\raw\dataset3\Osteoporosis Knee Dataset\Osteoporosis\Osteoporosis_123.jpg,dataset3,osteoporosis,data\raw\dataset2\osteoporosis\osteoporosis\Osteoporosis_123.jpg,7d5ddfbc0412f447e6e59fcfeec8c6914208ab356522c9f3d7228b5263529241
data\raw\dataset3\Osteoporosis Knee Dataset\Osteoporosis\Osteoporosis_124.jpg,dataset3,osteopenia,data\raw\dataset2\osteoporosis\osteoporosis\Osteoporosis_124.jpg,8a441e558a617b200aee70e42cad84eb9c040a2caf632f2aee702f26592ea2cb
data\raw\dataset3\Osteoporosis Knee Dataset\Osteoporosis\Osteoporosis_125.jpg,dataset3,osteopenia,data\raw\dataset2\osteoporosis\osteoporosis\Osteoporosis_125.jpg,7aeb7e3eed314d722bf39fb53a587292b67faad1bce349d5e501bc1c2b8f0139
data\raw\dataset3\Osteoporosis Knee Dataset\Osteoporosis\Osteoporosis_126.jpg,dataset3,osteoporosis,data\raw\dataset2\osteoporosis\osteoporosis\Osteoporosis_126.jpg,e16d01a95848b4db562850e824dd328501080786d6999569df3be34acccdfc0c
data\raw\dataset3\Osteoporosis Knee Dataset\Osteoporosis\Osteoporosis_127.jpg,dataset3,osteopenia,data\raw\dataset2\osteoporosis\osteoporosis\Osteoporosis_127.jpg,af2bf5b8d5fbedd99532a7f84763a45acdccc1fccb50042b3479812f0fdaa26e
data\raw\dataset3\Osteoporosis Knee Dataset\Osteoporosis\Osteoporosis_128.jpg,dataset3,osteopenia,data\raw\dataset2\osteoporosis\osteoporosis\Osteoporosis_128.jpg,1273ad41448ac3c42c40f7515c0c32bd9192f1795ebae93704d1b0007acf3d54
data\raw\dataset3\Osteoporosis Knee Dataset\Osteoporosis\Osteoporosis_129.jpg,dataset3,osteoporosis,data\raw\dataset2\osteoporosis\osteoporosis\Osteoporosis_129.jpg,c0ec868ba25ec46a37b6bb8933e6c0e934571340be4c2f69fcf57f69a1ef7dbe
data\raw\dataset3\Osteoporosis Knee Dataset\Osteoporosis\Osteoporosis_13.jpg,dataset3,osteoporosis,data\raw\dataset2\osteoporosis\osteoporosis\Osteoporosis_13.jpg,2911d4d8928102ad5c096ce4c963fdf8919ec75232c30cf12fae0cb7844dcbca
data\raw\dataset3\Osteoporosis Knee Dataset\Osteoporosis\Osteoporosis_130.jpg,dataset3,osteoporosis,data\raw\dataset2\osteoporosis\osteoporosis\Osteoporosis_130.jpg,400e1a5fb7b356ab819d5a129e9a45b828c2f45c07fd502cde45122e91568d64
data\raw\dataset3\Osteoporosis Knee Dataset\Osteoporosis\Osteoporosis_131.jpg,dataset3,osteopenia,data\raw\dataset2\osteoporosis\osteoporosis\Osteoporosis_131.jpg,a49a98022bde2f527022bcfe2967680e00d2792f5d4ee79b03d73f96ab199b5a
data\raw\dataset3\Osteoporosis Knee Dataset\Osteoporosis\Osteoporosis_132.jpg,dataset3,osteopenia,data\raw\dataset2\osteoporosis\osteoporosis\Osteoporosis_132.jpg,9be7725c347f0967135c3352da800e2d69bb31c64df9a58c70c457e272c19213
data\raw\dataset3\Osteoporosis Knee Dataset\Osteoporosis\Osteoporosis_133.jpg,dataset3,osteopenia,data\raw\dataset2\osteoporosis\osteoporosis\Osteoporosis_133.jpg,89f9dbeb7cda1a0a8ca4da99d2457e5d0388afac6ac29ea5ef0a6740290c1427
data\raw\dataset3\Osteoporosis Knee Dataset\Osteoporosis\Osteoporosis_134.jpg,dataset3,osteopenia,data\raw\dataset2\osteoporosis\osteoporosis\Osteoporosis_134.jpg,9dd42b62d3d43336a6d9dd8bf77170047493ee056d7f6f11a0a77987372e0d30
data\raw\dataset3\Osteoporosis Knee Dataset\Osteoporosis\Osteoporosis_135.jpg,dataset3,osteopenia,data\raw\dataset2\osteoporosis\osteoporosis\Osteoporosis_135.jpg,08c65574b8c44afaa927caa98e02e7619a02ac2899f0b3738e566f24609dccca
data\raw\dataset3\Osteoporosis Knee Dataset\Osteoporosis\Osteoporosis_136.jpg,dataset3,osteopenia,data\raw\dataset2\osteoporosis\osteoporosis\Osteoporosis_136.jpg,e84ef61f932213aed1ed3f48ea08bdfabace01628913123bf5cc97676e719b07
data\raw\dataset3\Osteoporosis Knee Dataset\Osteoporosis\Osteoporosis_137.jpg,dataset3,osteopenia,data\raw\dataset2\osteoporosis\osteoporosis\Osteoporosis_137.jpg,dfb7b92b599f50083ab6547911e170b7b82573fe0fe17bb0c25ae20c99f0c37e
data\raw\dataset3\Osteoporosis Knee Dataset\Osteoporosis\Osteoporosis_138.jpg,dataset3,osteopenia,data\raw\dataset2\osteoporosis\osteoporosis\Osteoporosis_138.jpg,5066079c8185ecc720c6299ad96ae5550fb0aa312f9bbf274a446557dd7f4e97
data\raw\dataset3\Osteoporosis Knee Dataset\Osteoporosis\Osteoporosis_139.jpg,dataset3,osteopenia,data\raw\dataset2\osteoporosis\osteoporosis\Osteoporosis_139.jpg,ee2899d569cdf3e6d7c7857844b7c308da3bf95b2795bcd619c33477e8dc5117
data\raw\dataset3\Osteoporosis Knee Dataset\Osteoporosis\Osteoporosis_14.jpg,dataset3,osteoporosis,data\raw\dataset2\osteoporosis\osteoporosis\Osteoporosis_14.jpg,64b9d71f5caa70c6cf19096bc387da871d269f8dc1b635c49c738b4b4433172c
data\raw\dataset3\Osteoporosis Knee Dataset\Osteoporosis\Osteoporosis_140.jpg,dataset3,osteoporosis,data\raw\dataset2\osteoporosis\osteoporosis\Osteoporosis_140.jpg,3789d94e1f767f3491c9704b7cdc82092f09f5cac2c134a9210ee020cc250f2c
data\raw\dataset3\Osteoporosis Knee Dataset\Osteoporosis\Osteoporosis_141.jpg,dataset3,osteoporosis,data\raw\dataset2\osteoporosis\osteoporosis\Osteoporosis_141.jpg,206947cb3c63d5b764881ba935b3f9dd5afafdaf5a1ee50cede25eeed5f8264c
data\raw\dataset3\Osteoporosis Knee Dataset\Osteoporosis\Osteoporosis_142.jpg,dataset3,osteoporosis,data\raw\dataset2\osteoporosis\osteoporosis\Osteoporosis_142.jpg,6db695a4d1c172320904b531277c5c88c8aa9c1e51438e03f8ad6dd66cf3c59e
data\raw\dataset3\Osteoporosis Knee Dataset\Osteoporosis\Osteoporosis_143.jpg,dataset3,osteoporosis,data\raw\dataset2\osteoporosis\osteoporosis\Osteoporosis_143.jpg,715a97464f808ee26ffedc63e1443b7f62cda033f7200f15a7fba6aeeeb1d186
data\raw\dataset3\Osteoporosis Knee Dataset\Osteoporosis\Osteoporosis_144.jpg,dataset3,osteoporosis,data\raw\dataset2\osteoporosis\osteoporosis\Osteoporosis_144.jpg,896368e62cc2580f229c7e6237318f6980b4d440065396f1dc1c1290bb0018f8
data\raw\dataset3\Osteoporosis Knee Dataset\Osteoporosis\Osteoporosis_145.jpg,dataset3,osteoporosis,data\raw\dataset2\osteoporosis\osteoporosis\Osteoporosis_145.jpg,1e2b1d43008c3d971712d6182d334f7d47c8063c8c3f115b13258fd5039823de
data\raw\dataset3\Osteoporosis Knee Dataset\Osteoporosis\Osteoporosis_146.jpg,dataset3,osteoporosis,data\raw\dataset2\osteoporosis\osteoporosis\Osteoporosis_146.jpg,2a7c5cf7639143cdf2cac785d22f316f94ce579ee0d65212d14f85f58d2bb137
data\raw\dataset3\Osteoporosis Knee Dataset\Osteoporosis\Osteoporosis_147.jpg,dataset3,osteoporosis,data\raw\dataset2\osteoporosis\osteoporosis\Osteoporosis_147.jpg,ddcbf6d1d5f0b15e7f88c750e7a3def6470f54a2bb217bebf4ee0f64f9044e36
data\raw\dataset3\Osteoporosis Knee Dataset\Osteoporosis\Osteoporosis_148.jpg,dataset3,osteoporosis,data\raw\dataset2\osteoporosis\osteoporosis\Osteoporosis_148.jpg,a639a94127b4981c6995aa276d9f0da6db2e96a12dcb08bfbba34dd65a5f5d52
data\raw\dataset3\Osteoporosis Knee Dataset\Osteoporosis\Osteoporosis_149.jpg,dataset3,osteoporosis,data\raw\dataset2\osteoporosis\osteoporosis\Osteoporosis_149.jpg,84f1f393cfc48ae750ad4f29ecfc1dc1a5299494a2ac755eca37917f881dac2c
data\raw\dataset3\Osteoporosis Knee Dataset\Osteoporosis\Osteoporosis_15.jpg,dataset3,osteoporosis,data\raw\dataset2\osteoporosis\osteoporosis\Osteoporosis_15.jpg,99066a2137fd8639811cb516a1df69d852e896476ac7394edc078167011b9436
data\raw\dataset3\Osteoporosis Knee Dataset\Osteoporosis\Osteoporosis_150.jpg,dataset3,osteoporosis,data\raw\dataset2\osteoporosis\osteoporosis\Osteoporosis_150.jpg,4b28d6a98c08c81f9577360aa68ea494fb7e99ec478e6ea19cbc69051debd5c3
data\raw\dataset3\Osteoporosis Knee Dataset\Osteoporosis\Osteoporosis_151.jpg,dataset3,osteoporosis,data\raw\dataset2\osteoporosis\osteoporosis\Osteoporosis_151.jpg,254b0d7c59ce17454abd605ce8e31848966423c9e91c1d7bec7b26a08f49dcc2
data\raw\dataset3\Osteoporosis Knee Dataset\Osteoporosis\Osteoporosis_152.jpg,dataset3,osteoporosis,data\raw\dataset2\osteoporosis\osteoporosis\Osteoporosis_152.jpg,638a479e3069577097da4a031d727d40f504de55d6f59159dfe5865a2cf2e5f2
data\raw\dataset3\Osteoporosis Knee Dataset\Osteoporosis\Osteoporosis_153.jpg,dataset3,osteoporosis,data\raw\dataset2\osteoporosis\osteoporosis\Osteoporosis_153.jpg,7243dcb0eb72f7ffa051efda19521931e78708c246b4fea061166d5a41371352
data\raw\dataset3\Osteoporosis Knee Dataset\Osteoporosis\Osteoporosis_154.jpg,dataset3,osteoporosis,data\raw\dataset2\osteoporosis\osteoporosis\Osteoporosis_154.jpg,5878b4086e20de371981ba5f24001a48d7fe10d2be6a9130c6aabb968bf348e8
data\raw\dataset3\Osteoporosis Knee Dataset\Osteoporosis\Osteoporosis_155.jpg,dataset3,osteoporosis,data\raw\dataset2\osteoporosis\osteoporosis\Osteoporosis_155.jpg,8dd6b17ffe26d528489d9e02fdbeebefe84a1c306ed5a02c3db711bce7c2c14a
data\raw\dataset3\Osteoporosis Knee Dataset\Osteoporosis\Osteoporosis_156.jpg,dataset3,osteoporosis,data\raw\dataset2\osteoporosis\osteoporosis\Osteoporosis_156.jpg,191fa9265664dc89236cf9e071070e64d32b466ef76ad9680f6c6c399fa13b3d
data\raw\dataset3\Osteoporosis Knee Dataset\Osteoporosis\Osteoporosis_157.jpg,dataset3,osteoporosis,data\raw\dataset2\osteoporosis\osteoporosis\Osteoporosis_157.jpg,8c8ee1b1fbe0916d8e7aecb233d8a5d3a1ea880bf6c5ca0b1a066ac90a30b709
data\raw\dataset3\Osteoporosis Knee Dataset\Osteoporosis\Osteoporosis_158.jpg,dataset3,osteoporosis,data\raw\dataset2\osteoporosis\osteoporosis\Osteoporosis_158.jpg,79e91f0020542054c6e46f75743ddbf9e6eb0837b44069a78359aef11ad3c045
data\raw\dataset3\Osteoporosis Knee Dataset\Osteoporosis\Osteoporosis_159.jpg,dataset3,osteoporosis,data\raw\dataset2\osteoporosis\osteoporosis\Osteoporosis_159.jpg,ab3af9e41d35042afeb55fbe4239b86c141811614bbc2388e02d552539b9dc48
data\raw\dataset3\Osteoporosis Knee Dataset\Osteoporosis\Osteoporosis_16.jpg,dataset3,osteoporosis,data\raw\dataset2\osteoporosis\normal\Normal_19.jpg,3f831f29515360aa168f5f2a17d41ac5e2b713b89bd5248d00bc84f982dddf6f
data\raw\dataset3\Osteoporosis Knee Dataset\Osteoporosis\Osteoporosis_160.jpg,dataset3,osteoporosis,data\raw\dataset2\osteoporosis\osteoporosis\Osteoporosis_160.jpg,882fb32e013d69a29c44b303582638d08d054c135a96feaa1c2b8de63d6100ee
data\raw\dataset3\Osteoporosis Knee Dataset\Osteoporosis\Osteoporosis_161.jpg,dataset3,osteoporosis,data\raw\dataset2\osteoporosis\osteoporosis\Osteoporosis_161.jpg,532d2e0daec31a8f229c79a2ed0faac16f3765c452b1c2476f97eaf7497e1fe4
data\raw\dataset3\Osteoporosis Knee Dataset\Osteoporosis\Osteoporosis_162.jpg,dataset3,osteoporosis,data\raw\dataset2\osteoporosis\osteoporosis\Osteoporosis_162.jpg,0dbb123772b31ffcb1a144fab6f53257f9c45e177a26da79701ddc86101e69a8
data\raw\dataset3\Osteoporosis Knee Dataset\Osteoporosis\Osteoporosis_163.jpg,dataset3,osteoporosis,data\raw\dataset2\osteoporosis\osteoporosis\Osteoporosis_163.jpg,01b693e4a5a796fe0364e51a764f771618a579453b823e9e6312ef163a375a29
data\raw\dataset3\Osteoporosis Knee Dataset\Osteoporosis\Osteoporosis_164.jpg,dataset3,osteoporosis,data\raw\dataset2\osteoporosis\osteoporosis\Osteoporosis_164.jpg,cc98e0be3020553772bc96015aff40b0a4b82ac44c62467b8cc5be5ac013a1cc
data\raw\dataset3\Osteoporosis Knee Dataset\Osteoporosis\Osteoporosis_165.jpg,dataset3,osteoporosis,data\raw\dataset2\osteoporosis\osteoporosis\Osteoporosis_165.jpg,c1eda34d47ed9f083cfd7a40e2b20cca7bd72470294b06a0c741ee00e45575f6
data\raw\dataset3\Osteoporosis Knee Dataset\Osteoporosis\Osteoporosis_166.jpg,dataset3,osteoporosis,data\raw\dataset2\osteoporosis\osteoporosis\Osteoporosis_166.jpg,51cfba815933a8978378c03b2eaebff626a57d8f2123afca1eb057fbadf5d55b
data\raw\dataset3\Osteoporosis Knee Dataset\Osteoporosis\Osteoporosis_167.jpg,dataset3,osteoporosis,data\raw\dataset2\osteoporosis\osteoporosis\Osteoporosis_167.jpg,b0832889f3155906ad4ff60bff6b2633731ea76de195ad6b7606547febb26edd
data\raw\dataset3\Osteoporosis Knee Dataset\Osteoporosis\Osteoporosis_168.jpg,dataset3,osteoporosis,data\raw\dataset2\osteoporosis\osteoporosis\Osteoporosis_168.jpg,29d78de80f604d813a905ad4dbfc4439fff337b80f7c25e4274c394eddf880fa
data\raw\dataset3\Osteoporosis Knee Dataset\Osteoporosis\Osteoporosis_169.jpg,dataset3,osteoporosis,data\raw\dataset2\osteoporosis\osteoporosis\Osteoporosis_169.jpg,e32f74e8fd7e1991bb0a4845267f4e4225f9203db4993b88e42628eb68e6157d
data\raw\dataset3\Osteoporosis Knee Dataset\Osteoporosis\Osteoporosis_17.jpg,dataset3,osteoporosis,data\raw\dataset2\osteoporosis\osteoporosis\Osteoporosis_17.jpg,80c85b499895c7e468b5a1571a5c5c615070ead2f7b3578acef77ee7d9ff76e5
data\raw\dataset3\Osteoporosis Knee Dataset\Osteoporosis\Osteoporosis_170.jpg,dataset3,osteoporosis,data\raw\dataset2\osteoporosis\osteoporosis\Osteoporosis_170.jpg,de81e95ba36c1a6c46e47c91e10d6e8d844696e8894213b656bf1752045649b9
data\raw\dataset3\Osteoporosis Knee Dataset\Osteoporosis\Osteoporosis_171.jpg,dataset3,osteoporosis,data\raw\dataset2\osteoporosis\osteoporosis\Osteoporosis_171.jpg,ec1289b74bd9237a01072b5a010d0a5006afdcd612acc559e5ed36cead3dcf3b
data\raw\dataset3\Osteoporosis Knee Dataset\Osteoporosis\Osteoporosis_172.jpg,dataset3,osteoporosis,data\raw\dataset2\osteoporosis\osteoporosis\Osteoporosis_129.jpg,c0ec868ba25ec46a37b6bb8933e6c0e934571340be4c2f69fcf57f69a1ef7dbe
data\raw\dataset3\Osteoporosis Knee Dataset\Osteoporosis\Osteoporosis_173.jpg,dataset3,osteoporosis,data\raw\dataset2\osteoporosis\osteoporosis\Osteoporosis_173.jpg,445d5b48021a817f7726d2fabc8bbed4d0de4be1b9f35dd64c91a4e71915eedd
data\raw\dataset3\Osteoporosis Knee Dataset\Osteoporosis\Osteoporosis_174.jpg,dataset3,osteoporosis,data\raw\dataset2\osteoporosis\osteoporosis\Osteoporosis_174.jpg,ddbed44c05e7adf3f55f313f0c8b7d981d778280061adbeebdd8d41691112fba
data\raw\dataset3\Osteoporosis Knee Dataset\Osteoporosis\Osteoporosis_175.jpg,dataset3,osteoporosis,data\raw\dataset2\osteoporosis\osteoporosis\Osteoporosis_175.jpg,14ff6cf8eb04c1aa19c4c255b33d1c22dd9f6b3d33af9085cc390a2ffdbafa5f
data\raw\dataset3\Osteoporosis Knee Dataset\Osteoporosis\Osteoporosis_176.jpg,dataset3,osteoporosis,data\raw\dataset2\osteoporosis\osteoporosis\Osteoporosis_176.jpg,b5bc440aaac178741077d4b4cd8f45cd30d7a93b7a3207cb8316d05932f4d6b5
data\raw\dataset3\Osteoporosis Knee Dataset\Osteoporosis\Osteoporosis_177.jpg,dataset3,osteoporosis,data\raw\dataset2\osteoporosis\normal\Normal_186.jpg,8031e7a93340090bb498cebe7a9bae1e4a2a0cbf0742e372801863cfd84ad2ab
data\raw\dataset3\Osteoporosis Knee Dataset\Osteoporosis\Osteoporosis_178.jpg,dataset3,osteoporosis,data\raw\dataset2\osteoporosis\osteoporosis\Osteoporosis_178.jpg,e1f73e9d425b85aa70e8d13c9b190aa39835a7d6b949e03b978992b92766d393
data\raw\dataset3\Osteoporosis Knee Dataset\Osteoporosis\Osteoporosis_179.jpg,dataset3,osteoporosis,data\raw\dataset2\osteoporosis\osteoporosis\Osteoporosis_179.jpg,2e5e82f75eb5755a58d0ac980a8e01c86670bb2456962c6cec4e4008913a87d2
data\raw\dataset3\Osteoporosis Knee Dataset\Osteoporosis\Osteoporosis_18.jpg,dataset3,osteoporosis,data\raw\dataset2\osteoporosis\osteoporosis\Osteoporosis_18.jpg,cff0f2aacad4ad17666ec8d5dc23b4e0b655cf86d1993c07ffdd099fa309afd7
data\raw\dataset3\Osteoporosis Knee Dataset\Osteoporosis\Osteoporosis_180.jpg,dataset3,osteoporosis,data\raw\dataset2\osteoporosis\osteoporosis\Osteoporosis_180.jpg,73b54c8ae319d3f1ed81fc5172f59309855a435c71d9442f589452eba23be016
data\raw\dataset3\Osteoporosis Knee Dataset\Osteoporosis\Osteoporosis_181.jpg,dataset3,osteoporosis,data\raw\dataset2\osteoporosis\osteoporosis\Osteoporosis_181.jpg,7f7b03462f521388a3e28d84982800e760c7d319a6a2d92fecdf4afb9dbbc6ec
data\raw\dataset3\Osteoporosis Knee Dataset\Osteoporosis\Osteoporosis_182.jpg,dataset3,osteoporosis,data\raw\dataset2\osteoporosis\osteoporosis\Osteoporosis_182.jpg,5c943b5ba9cafafcbb1e5dc66f258762d0d747504cc3cdada79b2feb8e512ad9
data\raw\dataset3\Osteoporosis Knee Dataset\Osteoporosis\Osteoporosis_183.jpg,dataset3,osteoporosis,data\raw\dataset2\osteoporosis\osteoporosis\Osteoporosis_183.jpg,2a7c986ded89bd9c1e961cfd011d82fd6890186177d516fc5fa254d2e586fec4
data\raw\dataset3\Osteoporosis Knee Dataset\Osteoporosis\Osteoporosis_184.jpg,dataset3,osteoporosis,data\raw\dataset2\osteoporosis\osteoporosis\Osteoporosis_184.jpg,d29f95184370e281a21d33da2a4df0d02c5616ca3f5ba60b95eea58856c403f6
data\raw\dataset3\Osteoporosis Knee Dataset\Osteoporosis\Osteoporosis_185.jpg,dataset3,osteoporosis,data\raw\dataset2\osteoporosis\osteoporosis\Osteoporosis_185.jpg,737f813298fbe692a86784ccf2b5c7b2589c7d96fbd115cfa40308b38700f021
data\raw\dataset3\Osteoporosis Knee Dataset\Osteoporosis\Osteoporosis_186.jpg,dataset3,osteoporosis,data\raw\dataset2\osteoporosis\normal\Normal_179.jpg,f56cc4f4aa34bf8a289365b3046ed34822ad0b15f2c452c41304a98ae85973e9
data\raw\dataset3\Osteoporosis Knee Dataset\Osteoporosis\Osteoporosis_19.jpg,dataset3,osteoporosis,data\raw\dataset2\osteoporosis\osteoporosis\Osteoporosis_19.jpg,f40916e1dbed8e981cd9ec812185c74b75061913e0113060be4cd203476cc2b5
data\raw\dataset3\Osteoporosis Knee Dataset\Osteoporosis\Osteoporosis_2.jpg,dataset3,osteoporosis,data\raw\dataset2\osteoporosis\osteoporosis\Osteoporosis_2.jpg,5f8e599a084ae0ab26696df010feb95eac9f1881fa61c5c290f46aa37402e368
data\raw\dataset3\Osteoporosis Knee Dataset\Osteoporosis\Osteoporosis_20.jpg,dataset3,osteoporosis,data\raw\dataset2\osteoporosis\normal\Normal_29.jpg,7d513b2c55e247d823bf9da018b53e27f7321eeee7d00d1c3530a636032d0060
data\raw\dataset3\Osteoporosis Knee Dataset\Osteoporosis\Osteoporosis_21.jpg,dataset3,osteoporosis,data\raw\dataset2\osteoporosis\osteoporosis\Osteoporosis_21.jpg,13c5293c19e402c58e17a764db65a4df65a23640166fa6ed91f45f631e49caa3
data\raw\dataset3\Osteoporosis Knee Dataset\Osteoporosis\Osteoporosis_22.jpg,dataset3,osteoporosis,data\raw\dataset2\osteoporosis\normal\Normal_33.jpg,c1aca8635617a17781e342a07b13eb908818714dfd033cb056e2f35bdf3480e1
data\raw\dataset3\Osteoporosis Knee Dataset\Osteoporosis\Osteoporosis_23.jpg,dataset3,osteoporosis,data\raw\dataset2\osteoporosis\osteoporosis\Osteoporosis_23.jpg,e77fa4789294b0442550473b46fb6da002d6d89c1a9acc7d57773a7e4899b1b7
data\raw\dataset3\Osteoporosis Knee Dataset\Osteoporosis\Osteoporosis_24.jpg,dataset3,osteoporosis,data\raw\dataset2\osteoporosis\osteoporosis\Osteoporosis_24.jpg,52170b06960617ac3cde2459ca6bb867ed257a285808555800e0fa164e2335b7
data\raw\dataset3\Osteoporosis Knee Dataset\Osteoporosis\Osteoporosis_25.jpg,dataset3,osteoporosis,data\raw\dataset2\osteoporosis\osteoporosis\Osteoporosis_25.jpg,f05cedaa54455d8d6202b22c6cfeff190a575133cb2a26c53995cff248880dab
data\raw\dataset3\Osteoporosis Knee Dataset\Osteoporosis\Osteoporosis_26.jpg,dataset3,osteoporosis,data\raw\dataset2\osteoporosis\osteoporosis\Osteoporosis_26.jpg,f41fa6b953f39344645a64936eeabd42447b79533754875a297710801f2ffe73
data\raw\dataset3\Osteoporosis Knee Dataset\Osteoporosis\Osteoporosis_27.jpg,dataset3,osteoporosis,data\raw\dataset2\osteoporosis\osteoporosis\Osteoporosis_27.jpg,f9288f370a1ff13172f1bebf33359e7501e77195c5f5c9e1f606447217250504
data\raw\dataset3\Osteoporosis Knee Dataset\Osteoporosis\Osteoporosis_28.jpg,dataset3,osteoporosis,data\raw\dataset2\osteoporosis\osteoporosis\Osteoporosis_28.jpg,0cda28d7fae5a64340383a142f4582490f3815f7dec4576d1efc70e812b9ca3b
data\raw\dataset3\Osteoporosis Knee Dataset\Osteoporosis\Osteoporosis_29.jpg,dataset3,osteoporosis,data\raw\dataset2\osteoporosis\osteoporosis\Osteoporosis_29.jpg,8d5d95dda1afd16cb02cee975fb1ba1183569495a42683a3f58900f2a768dd46
data\raw\dataset3\Osteoporosis Knee Dataset\Osteoporosis\Osteoporosis_3.jpg,dataset3,osteoporosis,data\raw\dataset2\osteoporosis\normal\Normal_3.jpg,03bb632bb86b77d5f6f5575913b5af2f4e433a556aac2f1a50eac2f8e9991403
data\raw\dataset3\Osteoporosis Knee Dataset\Osteoporosis\Osteoporosis_30.jpg,dataset3,normal,data\raw\dataset2\osteoporosis\normal\Normal_59.jpg,5272aca7e58e0be3cba5c07c8364344ace5ff376d81614ba93edcf9b53ec79b4
data\raw\dataset3\Osteoporosis Knee Dataset\Osteoporosis\Osteoporosis_31.jpg,dataset3,osteoporosis,data\raw\dataset2\osteoporosis\osteoporosis\Osteoporosis_31.jpg,bf9cd160eaf7d9630c8b17f954e2f89d9cd9b3edba6a42d910293e8b1aa02980
data\raw\dataset3\Osteoporosis Knee Dataset\Osteoporosis\Osteoporosis_32.jpg,dataset3,osteoporosis,data\raw\dataset2\osteoporosis\osteoporosis\Osteoporosis_32.jpg,bc88f9c1926dc99fa7b1870f74197b364f1596510b52fdd0e57464b47d90de40
data\raw\dataset3\Osteoporosis Knee Dataset\Osteoporosis\Osteoporosis_33.jpg,dataset3,osteoporosis,data\raw\dataset2\osteoporosis\osteoporosis\Osteoporosis_33.jpg,ac0e2d507919132a210580d2f6cd9a63f12d3f5f7d7a38625f0104aecf494386
data\raw\dataset3\Osteoporosis Knee Dataset\Osteoporosis\Osteoporosis_34.jpg,dataset3,osteoporosis,data\raw\dataset2\osteoporosis\osteoporosis\Osteoporosis_34.jpg,608e6811596e363f1cc10c3f143eb2bdd3b63b16f19974beb3da4e7500144be8
data\raw\dataset3\Osteoporosis Knee Dataset\Osteoporosis\Osteoporosis_35.jpg,dataset3,osteoporosis,data\raw\dataset2\osteoporosis\osteoporosis\Osteoporosis_35.jpg,f347877d425636b9df939fc82e76008839ff35ea9952512bef5e35dd25742726
data\raw\dataset3\Osteoporosis Knee Dataset\Osteoporosis\Osteoporosis_36.jpg,dataset3,osteoporosis,data\raw\dataset2\osteoporosis\osteoporosis\Osteoporosis_36.jpg,829915a1f2027f4fa4c63c5cb654bee2f623433bff4e63ac54c261cd848fbb85
data\raw\dataset3\Osteoporosis Knee Dataset\Osteoporosis\Osteoporosis_37.jpg,dataset3,osteoporosis,data\raw\dataset2\osteoporosis\osteoporosis\Osteoporosis_37.jpg,d0d4f0d1cb096d45e8da3560a383514db5485e8ec0c37803caf34719fae3e365
data\raw\dataset3\Osteoporosis Knee Dataset\Osteoporosis\Osteoporosis_38.jpg,dataset3,osteoporosis,data\raw\dataset2\osteoporosis\osteoporosis\Osteoporosis_38.jpg,332fda6673c3fc48d9e4941ee369b5292ec7e5a2085223b20050042aecd25633
data\raw\dataset3\Osteoporosis Knee Dataset\Osteoporosis\Osteoporosis_39.jpg,dataset3,osteoporosis,data\raw\dataset2\osteoporosis\osteoporosis\Osteoporosis_39.jpg,0a60fac2a307aad93307f2993d0beb698a040e1fcf737d9a30e067333e065e06
data\raw\dataset3\Osteoporosis Knee Dataset\Osteoporosis\Osteoporosis_4.jpg,dataset3,osteoporosis,data\raw\dataset2\osteoporosis\osteoporosis\Osteoporosis_4.jpg,45f580f0713555373dab3cdebdffc48cd2ccd8275517ce6684c3b72362c4bc02
data\raw\dataset3\Osteoporosis Knee Dataset\Osteoporosis\Osteoporosis_40.jpg,dataset3,osteoporosis,data\raw\dataset2\osteoporosis\osteoporosis\Osteoporosis_40.jpg,25a767c08c521030018d3e88ecce2167cc3cd11d4539bd542ba6b34b697fa205
data\raw\dataset3\Osteoporosis Knee Dataset\Osteoporosis\Osteoporosis_41.jpg,dataset3,osteoporosis,data\raw\dataset2\osteoporosis\osteoporosis\Osteoporosis_41.jpg,251f7436fd6d6fcede440d66bf1e34b2b4afff9ee8fa775425e23d6481a653cb
data\raw\dataset3\Osteoporosis Knee Dataset\Osteoporosis\Osteoporosis_42.jpg,dataset3,osteoporosis,data\raw\dataset2\osteoporosis\osteoporosis\Osteoporosis_42.jpg,3cf9266a3c1d7a1580f1c173d593114080b8f1695b95d49ef7de5442f7b494fe
data\raw\dataset3\Osteoporosis Knee Dataset\Osteoporosis\Osteoporosis_43.jpg,dataset3,osteoporosis,data\raw\dataset2\osteoporosis\osteoporosis\Osteoporosis_43.jpg,8e3203d500329c0849bd4e2839203e2c64e1c3d39d9ef83a6eea1942712322e4
data\raw\dataset3\Osteoporosis Knee Dataset\Osteoporosis\Osteoporosis_44.jpg,dataset3,osteoporosis,data\raw\dataset2\osteoporosis\osteoporosis\Osteoporosis_44.jpg,d4cf85c4f7d4a650cb6c9a4892988388e20d8a6ff318edebfcab1f922e0d981a
data\raw\dataset3\Osteoporosis Knee Dataset\Osteoporosis\Osteoporosis_45.jpg,dataset3,osteoporosis,data\raw\dataset2\osteoporosis\osteoporosis\Osteoporosis_45.jpg,3749deafa8190366d3ae10cab6a8a29db8be769cac84f3e42c67a0f86ec21b1c
data\raw\dataset3\Osteoporosis Knee Dataset\Osteoporosis\Osteoporosis_46.jpg,dataset3,osteoporosis,data\raw\dataset2\osteoporosis\osteoporosis\Osteoporosis_46.jpg,a01784234707b26f0639269e5d5b7aa09e95981b1676d3ab04ade2f203458e89
data\raw\dataset3\Osteoporosis Knee Dataset\Osteoporosis\Osteoporosis_47.jpg,dataset3,osteoporosis,data\raw\dataset2\osteoporosis\osteoporosis\Osteoporosis_47.jpg,ed592cd88db4a290ed7139372911da459f41a44671147418dcdc2b7caaaccdfa
data\raw\dataset3\Osteoporosis Knee Dataset\Osteoporosis\Osteoporosis_48.jpg,dataset3,osteoporosis,data\raw\dataset2\osteoporosis\osteoporosis\Osteoporosis_48.jpg,15b6bd492de72377ff4c457b0a67ac2aceb3ac32451534b4eb89d86c211404e5
data\raw\dataset3\Osteoporosis Knee Dataset\Osteoporosis\Osteoporosis_49.jpg,dataset3,osteoporosis,data\raw\dataset2\osteoporosis\osteoporosis\Osteoporosis_49.jpg,c361eec7ce740295a5ab1120e23e273e8c98d6b6dd51b9b1588b0ad816614e6a
data\raw\dataset3\Osteoporosis Knee Dataset\Osteoporosis\Osteoporosis_5.jpg,dataset3,osteoporosis,data\raw\dataset2\osteoporosis\osteoporosis\Osteoporosis_5.jpg,0102dce031f58bd35cc0730d4a661cebfe0c3a65acf8d123a79c18f167127004
data\raw\dataset3\Osteoporosis Knee Dataset\Osteoporosis\Osteoporosis_50.jpg,dataset3,osteoporosis,data\raw\dataset2\osteoporosis\osteoporosis\Osteoporosis_50.jpg,a1e089b8644459da166821f695bd6ca1d28b3fa1246bd09792f93a5acb26e3dc
data\raw\dataset3\Osteoporosis Knee Dataset\Osteoporosis\Osteoporosis_51.jpg,dataset3,osteoporosis,data\raw\dataset2\osteoporosis\osteoporosis\Osteoporosis_51.jpg,5b306e4adb49feca2c3f7eff26c37b291b0813615fde03702c1c4935de601b04
data\raw\dataset3\Osteoporosis Knee Dataset\Osteoporosis\Osteoporosis_52.jpg,dataset3,osteoporosis,data\raw\dataset2\osteoporosis\osteoporosis\Osteoporosis_52.jpg,14c50df688b29f25f247db172186fde30f65742ff4487423cd2f7ec671d5f6f6
data\raw\dataset3\Osteoporosis Knee Dataset\Osteoporosis\Osteoporosis_53.jpg,dataset3,osteoporosis,data\raw\dataset2\osteoporosis\osteoporosis\Osteoporosis_53.jpg,cfc88c2058b007aac06f467e5f971361d16daccd406813a8953015526b4aaa66
data\raw\dataset3\Osteoporosis Knee Dataset\Osteoporosis\Osteoporosis_54.jpg,dataset3,osteoporosis,data\raw\dataset2\osteoporosis\osteoporosis\Osteoporosis_54.jpg,f02784e28f405825adcb45f30d05e3ba490539cb5a4af19caf23cbeb3b0bfc4d
data\raw\dataset3\Osteoporosis Knee Dataset\Osteoporosis\Osteoporosis_55.jpg,dataset3,osteoporosis,data\raw\dataset2\osteoporosis\osteoporosis\Osteoporosis_55.jpg,14208b7a39eef938a50750a84afea6d65838d95cf2e2be114d9ceed04075892d
data\raw\dataset3\Osteoporosis Knee Dataset\Osteoporosis\Osteoporosis_56.jpg,dataset3,osteoporosis,data\raw\dataset2\osteoporosis\osteoporosis\Osteoporosis_56.jpg,f8c2c2263f099b674e81d996f53fa0a8bfb46d9572e6ac097c02b2f232d22039
data\raw\dataset3\Osteoporosis Knee Dataset\Osteoporosis\Osteoporosis_57.jpg,dataset3,osteoporosis,data\raw\dataset2\osteoporosis\osteoporosis\Osteoporosis_57.jpg,e587b874ef8df0345b033af9a17810f790311b7d1b6165ed3e71f38d36f09408
data\raw\dataset3\Osteoporosis Knee Dataset\Osteoporosis\Osteoporosis_58.jpg,dataset3,osteoporosis,data\raw\dataset2\osteoporosis\osteoporosis\Osteoporosis_58.jpg,79d10dcb5b0340f853d37dec4c8bf4e65fcd5f23e3d37c41a49c579e3819fc18
data\raw\dataset3\Osteoporosis Knee Dataset\Osteoporosis\Osteoporosis_59.jpg,dataset3,osteoporosis,data\raw\dataset2\osteoporosis\osteoporosis\Osteoporosis_59.jpg,fa5cc9635a5ade66aa9738e0567aeba094a2fcca94523e56f5ff7edddc9221d6
data\raw\dataset3\Osteoporosis Knee Dataset\Osteoporosis\Osteoporosis_6.jpg,dataset3,osteoporosis,data\raw\dataset2\osteoporosis\normal\Normal_7.jpg,4a7c0b042647904eb2e91b63cf28c98bca10cae8ef1720c4446e867db84eaa1e
data\raw\dataset3\Osteoporosis Knee Dataset\Osteoporosis\Osteoporosis_60.jpg,dataset3,osteoporosis,data\raw\dataset2\osteoporosis\osteoporosis\Osteoporosis_60.jpg,d70c8849f652e9178865b76fea4a6381886a90cff29c5b6648306a5d6f98d253
data\raw\dataset3\Osteoporosis Knee Dataset\Osteoporosis\Osteoporosis_61.jpg,dataset3,osteoporosis,data\raw\dataset2\osteoporosis\osteoporosis\Osteoporosis_61.jpg,70a323172d1c6c9d7b9d64deb7b57f47b118b42238ea917c16c0082ac5b49f9f
data\raw\dataset3\Osteoporosis Knee Dataset\Osteoporosis\Osteoporosis_62.jpg,dataset3,osteoporosis,data\raw\dataset2\osteoporosis\osteoporosis\Osteoporosis_62.jpg,4b1e21a75019cd2166d686543168a3ea3fbda38cd9a0d6d40783979734d1ad7b
data\raw\dataset3\Osteoporosis Knee Dataset\Osteoporosis\Osteoporosis_63.jpg,dataset3,osteoporosis,data\raw\dataset2\osteoporosis\osteoporosis\Osteoporosis_63.jpg,80ec3bdc1dd8b5d3eeaafa32f82e03c4aab6bd6279aa9f923445100a82c2bf17
data\raw\dataset3\Osteoporosis Knee Dataset\Osteoporosis\Osteoporosis_64.jpg,dataset3,osteoporosis,data\raw\dataset2\osteoporosis\osteoporosis\Osteoporosis_64.jpg,693c09830a551541c845bbf9e08bd01f7c32dba6387d3123798bbda2b30d41f1
data\raw\dataset3\Osteoporosis Knee Dataset\Osteoporosis\Osteoporosis_65.jpg,dataset3,osteoporosis,data\raw\dataset2\osteoporosis\osteoporosis\Osteoporosis_65.jpg,8aca3463d422f857de8cc3051a2d393fd4b4e703e5e3b51d277b321169f23a1a
data\raw\dataset3\Osteoporosis Knee Dataset\Osteoporosis\Osteoporosis_66.jpg,dataset3,osteoporosis,data\raw\dataset2\osteoporosis\osteoporosis\Osteoporosis_66.jpg,84f4621c6469a55b3b85465d834771555af57cf90a0e395434050c9deb12d593
data\raw\dataset3\Osteoporosis Knee Dataset\Osteoporosis\Osteoporosis_67.jpg,dataset3,osteoporosis,data\raw\dataset2\osteoporosis\osteoporosis\Osteoporosis_67.jpg,d14abe662c5632c43a9cf4852f1b2f1078ce413feb8214ff4633368a58667e7b
data\raw\dataset3\Osteoporosis Knee Dataset\Osteoporosis\Osteoporosis_68.jpg,dataset3,osteoporosis,data\raw\dataset2\osteoporosis\osteoporosis\Osteoporosis_68.jpg,0519a451cca85b0d0824fefa48f6a88bbd4d38a0bfb454326c1e764a001eebd9
data\raw\dataset3\Osteoporosis Knee Dataset\Osteoporosis\Osteoporosis_69.jpg,dataset3,osteoporosis,data\raw\dataset2\osteoporosis\osteoporosis\Osteoporosis_69.jpg,552018d3c405e3ad930932646e1bf2a38fe92a57a08806a9d3ccf16fb4eecc92
data\raw\dataset3\Osteoporosis Knee Dataset\Osteoporosis\Osteoporosis_7.jpg,dataset3,osteoporosis,data\raw\dataset2\osteoporosis\osteoporosis\Osteoporosis_7.jpg,fd155610d0ec8275f7ca6ad2eb66b2934208956839cc2fc79de501bd039c0378
data\raw\dataset3\Osteoporosis Knee Dataset\Osteoporosis\Osteoporosis_70.jpg,dataset3,osteoporosis,data\raw\dataset2\osteoporosis\osteoporosis\Osteoporosis_70.jpg,5f06f710f81b7a81577204501b83325ef283ebead927a6a3a2bd0f70c33e7ff9
data\raw\dataset3\Osteoporosis Knee Dataset\Osteoporosis\Osteoporosis_71.jpg,dataset3,osteoporosis,data\raw\dataset2\osteoporosis\osteoporosis\Osteoporosis_71.jpg,0e4904e9e93b11540108d2c7ce0f5d6532b989a8471eca8ba4458ff41e3fbe20
data\raw\dataset3\Osteoporosis Knee Dataset\Osteoporosis\Osteoporosis_72.jpg,dataset3,osteoporosis,data\raw\dataset2\osteoporosis\osteoporosis\Osteoporosis_72.jpg,c86b8a53f83286803c13462436eb1e8592fe443d58a202ccbaa9d612d352074d
data\raw\dataset3\Osteoporosis Knee Dataset\Osteoporosis\Osteoporosis_73.jpg,dataset3,osteoporosis,data\raw\dataset2\osteoporosis\osteoporosis\Osteoporosis_73.jpg,deef75a751fca08b3cee591f6afe24c1d676007bb4088968e25a0b1f5f9e95c1
data\raw\dataset3\Osteoporosis Knee Dataset\Osteoporosis\Osteoporosis_74.jpg,dataset3,osteoporosis,data\raw\dataset2\osteoporosis\osteoporosis\Osteoporosis_74.jpg,910a63f9063173f9ef219c52d4b33dcdcfba26375df68db1ef20bd9b07d7a758
data\raw\dataset3\Osteoporosis Knee Dataset\Osteoporosis\Osteoporosis_75.jpg,dataset3,osteoporosis,data\raw\dataset2\osteoporosis\osteoporosis\Osteoporosis_75.jpg,77b0ba9e946787c3ee186ca6064dc742ed026ecd54ad30f0003049eea8818821
data\raw\dataset3\Osteoporosis Knee Dataset\Osteoporosis\Osteoporosis_76.jpg,dataset3,osteoporosis,data\raw\dataset2\osteoporosis\osteoporosis\Osteoporosis_76.jpg,15c11ff7601445f4636b120cf7f6d3580b52ebd6e9fe8e37bf4291de25ff26f0
data\raw\dataset3\Osteoporosis Knee Dataset\Osteoporosis\Osteoporosis_77.jpg,dataset3,osteoporosis,data\raw\dataset2\osteoporosis\osteoporosis\Osteoporosis_77.jpg,95b51c83e6716f5791c9548030c0f527b4162c3a3b2381bf03460a5d32e482ab
data\raw\dataset3\Osteoporosis Knee Dataset\Osteoporosis\Osteoporosis_78.jpg,dataset3,osteoporosis,data\raw\dataset2\osteoporosis\osteoporosis\Osteoporosis_78.jpg,901e8803c84ed6e44127924389e2acf53f702ba7f63b2cd26c6562001b4b0c7c
data\raw\dataset3\Osteoporosis Knee Dataset\Osteoporosis\Osteoporosis_79.jpg,dataset3,osteoporosis,data\raw\dataset2\osteoporosis\osteoporosis\Osteoporosis_79.jpg,b5b4046e7366e45567d5facc0078397e6e1499b6e5a10631e228ccb3a291169e
data\raw\dataset3\Osteoporosis Knee Dataset\Osteoporosis\Osteoporosis_8.jpg,dataset3,osteoporosis,data\raw\dataset2\osteoporosis\osteoporosis\Osteoporosis_8.jpg,6bd64c2a61d6cd360b1311d7dc5f8a5974989560d8259501ed195e69ec142c72
data\raw\dataset3\Osteoporosis Knee Dataset\Osteoporosis\Osteoporosis_80.jpg,dataset3,osteopenia,data\raw\dataset2\osteoporosis\osteoporosis\Osteoporosis_80.jpg,701a07631e672b7c506fc13da03b0599d0518f273041d006102846abcea5a704
data\raw\dataset3\Osteoporosis Knee Dataset\Osteoporosis\Osteoporosis_81.jpg,dataset3,osteoporosis,data\raw\dataset2\osteoporosis\osteoporosis\Osteoporosis_81.jpg,fcde4d7b93a5f4c0e63922db562fa7d26147c639a9087ee87cb985933c8fe152
data\raw\dataset3\Osteoporosis Knee Dataset\Osteoporosis\Osteoporosis_82.jpg,dataset3,osteopenia,data\raw\dataset2\osteoporosis\osteoporosis\Osteoporosis_82.jpg,cd18741abebc7580f20f586caaffa57f3d0a1e30f148650287d043b48e884e8e
data\raw\dataset3\Osteoporosis Knee Dataset\Osteoporosis\Osteoporosis_83.jpg,dataset3,osteoporosis,data\raw\dataset2\osteoporosis\osteoporosis\Osteoporosis_83.jpg,e748cde296a837b0a665f2844dbfe787bf810455e165e94b3fcfaded6c2f4ee5
data\raw\dataset3\Osteoporosis Knee Dataset\Osteoporosis\Osteoporosis_84.jpg,dataset3,osteopenia,data\raw\dataset2\osteoporosis\osteoporosis\Osteoporosis_84.jpg,1a8f9108edd0d7b1f666db21fa62f5b6e862d1405531d480a4ed037e00018f05
data\raw\dataset3\Osteoporosis Knee Dataset\Osteoporosis\Osteoporosis_85.jpg,dataset3,osteopenia,data\raw\dataset2\osteoporosis\osteoporosis\Osteoporosis_85.jpg,497a9636deecccfd62871d726ddce777283e284a3f9178b4ec76cc6b9fe7ee39
data\raw\dataset3\Osteoporosis Knee Dataset\Osteoporosis\Osteoporosis_86.jpg,dataset3,osteoporosis,data\raw\dataset2\osteoporosis\osteoporosis\Osteoporosis_86.jpg,0a8da283ca02221757fac48ba455e3843cb67eaf849403cfb5b8ce0c6eacbc0e
data\raw\dataset3\Osteoporosis Knee Dataset\Osteoporosis\Osteoporosis_87.jpg,dataset3,osteopenia,data\raw\dataset2\osteoporosis\osteoporosis\Osteoporosis_87.jpg,5099a6ddf93b1394bbb07054df273c74aa605ab02ec06429d1a0848381ebe564
data\raw\dataset3\Osteoporosis Knee Dataset\Osteoporosis\Osteoporosis_88.jpg,dataset3,osteopenia,data\raw\dataset2\osteoporosis\normal\Normal_158.jpg,1c70f3ed4b48e97a52fcfbcffc5da47ff45c73b988ec0d262fc8c985270d008a
data\raw\dataset3\Osteoporosis Knee Dataset\Osteoporosis\Osteoporosis_89.jpg,dataset3,osteopenia,data\raw\dataset2\osteoporosis\osteoporosis\Osteoporosis_89.jpg,5a37465b303fac5f984964e513ba0bc9fd6d8f377e17f3612cb647db583084b8
data\raw\dataset3\Osteoporosis Knee Dataset\Osteoporosis\Osteoporosis_9.jpg,dataset3,osteoporosis,data\raw\dataset2\osteoporosis\osteoporosis\Osteoporosis_9.jpg,c9a46297d650b297b8adf9031e2fe243c5514d4ec6a5e2e4257c58b6786c2c67
data\raw\dataset3\Osteoporosis Knee Dataset\Osteoporosis\Osteoporosis_90.jpg,dataset3,osteopenia,data\raw\dataset2\osteoporosis\osteoporosis\Osteoporosis_87.jpg,5099a6ddf93b1394bbb07054df273c74aa605ab02ec06429d1a0848381ebe564
data\raw\dataset3\Osteoporosis Knee Dataset\Osteoporosis\Osteoporosis_91.jpg,dataset3,osteopenia,data\raw\dataset2\osteoporosis\osteoporosis\Osteoporosis_91.jpg,cef411b6f0527d21876fe88273060731c63a9c259ed3c3158ed0c704e2e214c3
data\raw\dataset3\Osteoporosis Knee Dataset\Osteoporosis\Osteoporosis_92.jpg,dataset3,osteoporosis,data\raw\dataset2\osteoporosis\osteoporosis\Osteoporosis_92.jpg,f4872bc9870c6a837378288514a15156389e99f0a3e91743ffd7278b1e28279f
data\raw\dataset3\Osteoporosis Knee Dataset\Osteoporosis\Osteoporosis_93.jpg,dataset3,osteopenia,data\raw\dataset2\osteoporosis\osteoporosis\Osteoporosis_116.jpg,b6921a510b4f04c0ba7785a83a2a2ccd2fca45d6640c1173e2dc400db595f839
data\raw\dataset3\Osteoporosis Knee Dataset\Osteoporosis\Osteoporosis_94.jpg,dataset3,osteopenia,data\raw\dataset2\osteoporosis\osteoporosis\Osteoporosis_94.jpg,773d783d5d1b0a3ccec275f3e08af88e8a9d50a704dc701f3faa6a0b90d0d78d
data\raw\dataset3\Osteoporosis Knee Dataset\Osteoporosis\Osteoporosis_95.jpg,dataset3,osteopenia,data\raw\dataset2\osteoporosis\osteoporosis\Osteoporosis_95.jpg,04952cf91cd43ca80286c8ac2ecfa03c3ba72d8d774e10ad6cb00e65ede727d6
data\raw\dataset3\Osteoporosis Knee Dataset\Osteoporosis\Osteoporosis_96.jpg,dataset3,osteopenia,data\raw\dataset2\osteoporosis\osteoporosis\Osteoporosis_96.jpg,394064b472a4fdb5933994a5b8e268d29be84c7071e4fdbff6ae9dd23ffdca42
data\raw\dataset3\Osteoporosis Knee Dataset\Osteoporosis\Osteoporosis_97.jpg,dataset3,osteopenia,data\raw\dataset2\osteoporosis\normal\Normal_120.jpg,5226208c04ea3d42ae65482cd03df5ddd4b0e03d05613240b95e2e0bc7096e50
data\raw\dataset3\Osteoporosis Knee Dataset\Osteoporosis\Osteoporosis_98.jpg,dataset3,osteopenia,data\raw\dataset2\osteoporosis\osteoporosis\Osteoporosis_98.jpg,c099bd0361315515063d986921278cbf87b72f2dab6ccb978255f2f574a3cee0
data\raw\dataset3\Osteoporosis Knee Dataset\Osteoporosis\Osteoporosis_99.jpg,dataset3,osteopenia,data\raw\dataset2\osteoporosis\osteoporosis\Osteoporosis_99.jpg,db71e6e8e4d41bb77a586693c4d8d7f9415423e3c1df48a4dc57b83f2de54ff4
data\raw\dataset4\osteoporosis\osteoporosis\1.JPEG,dataset4,osteoporosis,data\raw\dataset2\osteoporosis\osteoporosis\1.JPEG,00d9c30091c39534203e74cc547282aeec7a66c0653ebc04ddfe310d09155bd7
data\raw\dataset4\osteoporosis\osteoporosis\10.JPEG,dataset4,osteoporosis,data\raw\dataset2\osteoporosis\osteoporosis\10.JPEG,bd61c59d7de435e8ad6431acbb07758f63c970b8a98fa36eb849921142834a5f
data\raw\dataset4\normal\normal\10.png,dataset4,normal,data\raw\dataset2\osteoporosis\normal\10.png,34168f134732fba127416ffc1e3733dcf5d9e089029a9f1b5d41af55c897dd6d
data\raw\dataset4\osteoporosis\osteoporosis\100.JPEG,dataset4,osteoporosis,data\raw\dataset2\osteoporosis\osteoporosis\100.JPEG,23fd1c95e9482fd1c9845bb11adedc5fb36776891113e63d30acda34611afbe9
data\raw\dataset4\normal\normal\101.jpg,dataset4,normal,data\raw\dataset2\osteoporosis\normal\101.jpg,51e0470cfb7bd050f81e265899ff181646c4b2f7058d7e0b0e1c4a66281701ad
data\raw\dataset4\osteoporosis\osteoporosis\102.png,dataset4,osteoporosis,data\raw\dataset2\osteoporosis\osteoporosis\102.png,8755684f3130db2c2829e956fa2eaead389ee1f8a2bb3b5ecc440ff93c4b6c92
data\raw\dataset4\osteoporosis\osteoporosis\103.JPEG,dataset4,osteoporosis,data\raw\dataset2\osteoporosis\osteoporosis\103.JPEG,152aef1cb333aa3d7714c502e28cb62ebe50e0d75731bc59fd67d4c910c660f3
data\raw\dataset4\normal\normal\104.jpg,dataset4,normal,data\raw\dataset2\osteoporosis\normal\104.jpg,a98f24a92c6f7e6abc3c03ecb587f17853b5587fadab115f13db1df0e87a3832
data\raw\dataset4\osteoporosis\osteoporosis\105.png,dataset4,osteoporosis,data\raw\dataset2\osteoporosis\osteoporosis\105.png,b306c2006db28be2f0d5eba7e7ae75f81a913bbbabfbff980b3644b96d8522fa
data\raw\dataset4\osteoporosis\osteoporosis\106.JPEG,dataset4,osteoporosis,data\raw\dataset2\osteoporosis\osteoporosis\106.JPEG,86f176929299306b07f5f0847c368e9dfb3f11b479adb089a6b6d019cace67e5
data\raw\dataset4\normal\normal\107.jpg,dataset4,normal,data\raw\dataset2\osteoporosis\normal\107.jpg,1add5cc1a3a500882549e1c10542cc2311aa1b5330d3296219e2674c164aaa3e
data\raw\dataset4\osteoporosis\osteoporosis\108.png,dataset4,osteoporosis,data\raw\dataset2\osteoporosis\osteoporosis\108.png,fc7ea2657946006225189067e73d6679a7a9b8d76e06373362756985dfabef25
data\raw\dataset4\osteoporosis\osteoporosis\109.JPEG,dataset4,osteoporosis,data\raw\dataset2\osteoporosis\osteoporosis\109.JPEG,386de784d225cae162aecce8a28310787b612882220cadab731c1dc908a363f7
data\raw\dataset4\normal\normal\11.jpg,dataset4,normal,data\raw\dataset2\osteoporosis\normal\11.jpg,accc2d1d034ed80e7f4f25e2ebbdaff1630e8127cc26823cb5fc3088a9d78a05
data\raw\dataset4\normal\normal\110.jpg,dataset4,normal,data\raw\dataset2\osteoporosis\normal\110.jpg,b5600c94e6e2238ba79185b587cb55107a793a5f8bfc18b9c36d4c3efa035996
data\raw\dataset4\osteoporosis\osteoporosis\111.png,dataset4,osteoporosis,data\raw\dataset2\osteoporosis\osteoporosis\111.png,f98e3003434331d311e378c7d79c4dacfdd452a8f5a2413a1f769be39d71348c
data\raw\dataset4\osteoporosis\osteoporosis\112.JPEG,dataset4,osteoporosis,data\raw\dataset2\osteoporosis\osteoporosis\112.JPEG,0edca9107f8a4d1c90f016046eb89211039fdbca92a073a594dc013e62b467b8
data\raw\dataset4\osteoporosis\osteoporosis\113.jpg,dataset4,osteoporosis,data\raw\dataset2\osteoporosis\osteoporosis\113.jpg,a0d8a16834eb129e7ed276d9ddc8120fb41d6ea3f71ce19bceab933a71f0e7a9
data\raw\dataset4\osteoporosis\osteoporosis\114.png,dataset4,osteoporosis,data\raw\dataset2\osteoporosis\osteoporosis\114.png,6658da35e01b79b7460e48da3ff673ee3ceec7cb822e79615477be4a0450c894
data\raw\dataset4\normal\normal\115n.JPEG,dataset4,normal,data\raw\dataset2\osteoporosis\normal\115n.JPEG,619810c2939eaac01df7c294f657158ed175786a7dd894b562eb1f2aa130f19b
data\raw\dataset4\osteoporosis\osteoporosis\116.jpg,dataset4,osteoporosis,data\raw\dataset2\osteoporosis\osteoporosis\116.jpg,56a5d9b061b6cb522e84e493c1433bd84a427d05c187b18be7bb2ee4666b388d
data\raw\dataset4\osteoporosis\osteoporosis\117.png,dataset4,osteoporosis,data\raw\dataset2\osteoporosis\osteoporosis\117.png,705e6b4078426b76769c14fbe97ff56dcf18eb3f38cf1654fbb5b3b037d13abb
data\raw\dataset4\normal\normal\118n.JPEG,dataset4,normal,data\raw\dataset2\osteoporosis\normal\118n.JPEG,f75c94748a34250fe6fb54362046d7d61345975638abf8eb2f35eba7f0d0ea87
data\raw\dataset4\osteoporosis\osteoporosis\119.jpg,dataset4,osteoporosis,data\raw\dataset2\osteoporosis\osteoporosis\119.jpg,1ad8049d3f51f62164c0d08e106cdea8dc26015d7413c41041cc134ab1024e9d
data\raw\dataset4\normal\normal\11nn.png,dataset4,normal,data\raw\dataset2\osteoporosis\normal\11nn.png,27cf63631a5d6b1a69e34952504dcf406ab2ea0ceb4fa7253303503eb80f0afd
data\raw\dataset4\normal\normal\12.png,dataset4,normal,data\raw\dataset2\osteoporosis\normal\12.png,3b15d6b049eadd2396a4c5db5a79a3ba0a0390ef6b8a9bc72ffee65480f1982c
data\raw\dataset4\osteoporosis\osteoporosis\12.png,dataset4,osteoporosis,data\raw\dataset2\osteoporosis\osteoporosis\12.png,770bf67a3ac51868095a3241194d999db7f5af084f9afa343231ef34ee70b91f
data\raw\dataset4\osteoporosis\osteoporosis\120.png,dataset4,osteoporosis,data\raw\dataset2\osteoporosis\osteoporosis\120.png,2e7d5f8a3b9e7373751d94c6e9566faba9e58e4038862b1402fc7f3fec03c4ec
data\raw\dataset4\osteoporosis\osteoporosis\121.JPEG,dataset4,osteoporosis,data\raw\dataset2\osteoporosis\osteoporosis\121.JPEG,eba0f8b2705397d180eae7fd73f37248a51c385c3e37adcf4bb5061187f8bdcb
data\raw\dataset4\osteoporosis\osteoporosis\122.jpg,dataset4,osteoporosis,data\raw\dataset2\osteoporosis\osteoporosis\122.jpg,8ac88b5bf578c5de1308f023626a9d1a2cf5c6e86df6950bbb51e1aaa2e07d30
data\raw\dataset4\normal\normal\123.png,dataset4,normal,data\raw\dataset2\osteoporosis\normal\123.png,66ae7f9e72cc9c1e5bf1511801d83e10b117ed5b1242d319412987e2e623528a
data\raw\dataset4\osteoporosis\osteoporosis\124.JPEG,dataset4,osteoporosis,data\raw\dataset2\osteoporosis\osteoporosis\124.JPEG,f2059f03465cb9938fbe62a146dcab6171aab95fbe1857124ccd967a27763015
data\raw\dataset4\normal\normal\125.jpg,dataset4,normal,data\raw\dataset2\osteoporosis\normal\125.jpg,a6404bca65ca07fa6941545565595b838f7381e76a668eafab87cb56e6ee1cc8
data\raw\dataset4\osteoporosis\osteoporosis\126.png,dataset4,osteoporosis,data\raw\dataset2\osteoporosis\osteoporosis\126.png,9d5d54fa6da306bd44c10e7d1f0c8a3668ea438ba4dc0d139721127de51603f7
data\raw\dataset4\osteoporosis\osteoporosis\127.JPEG,dataset4,osteoporosis,data\raw\dataset2\osteoporosis\osteoporosis\127.JPEG,8e5733b499ddfcc96782e46cf46c23872a512a82fe3e325382832978425c05f0
data\raw\dataset4\normal\normal\128.jpg,dataset4,normal,data\raw\dataset2\osteoporosis\normal\128.jpg,128f2ed3d7048ae89598e5d977d5a26fbbfa54a52496fe67a0537eb7d23afe5a
data\raw\dataset4\osteoporosis\osteoporosis\129.png,dataset4,osteoporosis,data\raw\dataset2\osteoporosis\osteoporosis\129.png,b6292edb03a65337e64316c771d74116a36652f39074b3234b7c0bba9b015031
data\raw\dataset4\osteoporosis\osteoporosis\13.JPEG,dataset4,osteoporosis,data\raw\dataset2\osteoporosis\osteoporosis\13.JPEG,1ef43404723e0ee51379971e8881cc0229b077c6e0c2517ebe9c64360b78087e
data\raw\dataset4\normal\normal\13.png,dataset4,normal,data\raw\dataset2\osteoporosis\normal\13.png,3e85ab3a3aa7f04b69da3cebae9d8c4ea7e1134823d2c4af3a18cef90f21cdbd
data\raw\dataset4\osteoporosis\osteoporosis\130.JPEG,dataset4,osteoporosis,data\raw\dataset2\osteoporosis\osteoporosis\130.JPEG,0ff5fa7f86746f8848d07c0c93523faceee268bef4d05c58239e4d21a43a6a41
data\raw\dataset4\normal\normal\131.jpg,dataset4,normal,data\raw\dataset2\osteoporosis\normal\131.jpg,2df25eb0943cd34f938b13b4f5211efa2213d5388d64eeee4994f4890c58ca20
data\raw\dataset4\normal\normal\132.png,dataset4,normal,data\raw\dataset2\osteoporosis\normal\132.png,cb4ffa7074689703aa5a1fb182dc1e5d25d1e278ccf50cc357512e71be0eb359
data\raw\dataset4\normal\normal\133.jpg,dataset4,normal,data\raw\dataset2\osteoporosis\normal\133.jpg,eebc0057c2e8eeb7cd8d8a1c3c94dba4a0640c78efc856229bc705cb08c6bbe7
data\raw\dataset4\normal\normal\135.jpg,dataset4,normal,data\raw\dataset2\osteoporosis\normal\135.jpg,96c2693714154d409602e9e402a57b5c991a147bdac40ae822d396d6041a7dc6
data\raw\dataset4\normal\normal\137.jpg,dataset4,normal,data\raw\dataset2\osteoporosis\normal\137.jpg,44dbe903e8e0b8090faa48cc912428dd8cdcc498140765e2eaaec2f641d8ecbe
data\raw\dataset4\normal\normal\138.png,dataset4,normal,data\raw\dataset2\osteoporosis\normal\138.png,02b65342e69853ed6a17d8875e5723ce4e4a2580a4a45bce29aefafb8fd48e72
data\raw\dataset4\normal\normal\139.jpg,dataset4,normal,data\raw\dataset2\osteoporosis\normal\139.jpg,2d71476a27f022852c58cf4a807b0478b7f61654f99a3520828b143c1e6487a8
data\raw\dataset4\normal\normal\14.png,dataset4,normal,data\raw\dataset2\osteoporosis\normal\14.png,e67b53995b92eab1dc711cba676609adaa8732f7c1ad14bfd7c101905b6c2749
data\raw\dataset4\normal\normal\140.png,dataset4,normal,data\raw\dataset2\osteoporosis\normal\140.png,868e32d8641ce5f0f8ae418092eeb48fe6630d5b37caf7c2fbf3d0fca748efab
data\raw\dataset4\normal\normal\141.jpg,dataset4,normal,data\raw\dataset2\osteoporosis\normal\141.jpg,a32c7dc615ca35b37aafda76e4943f4a8d76de4c4d0748cfddc4c0eba24a83bc
data\raw\dataset4\normal\normal\142n.png,dataset4,normal,data\raw\dataset2\osteoporosis\normal\142n.png,119f5a8d2f9eddc694240771a15e88fb761eecb2490d8c7a431a5089bb81f65c
data\raw\dataset4\osteoporosis\osteoporosis\143.jpg,dataset4,osteopenia,data\raw\dataset1\Osteoporosis Knee X-ray\osteopenia\OP94.jpg,a204edb9219377d5b619f3fa99e1815d427a2752b7bb74ba942fd2842329a157
data\raw\dataset4\osteoporosis\osteoporosis\144.png,dataset4,osteoporosis,data\raw\dataset2\osteoporosis\osteoporosis\144.png,0cbbc2f70264867ea73f3390d17981d4d34262d7da2cad25b6e4034befcc21a1
data\raw\dataset4\osteoporosis\osteoporosis\145.jpg,dataset4,osteopenia,data\raw\dataset1\Osteoporosis Knee X-ray\osteopenia\OP95.jpg,382a5a96923d735af6a69191f3b811eca39c900b6276b160419190fccf0ba508
data\raw\dataset4\normal\normal\146n.png,dataset4,normal,data\raw\dataset2\osteoporosis\normal\146n.png,d86c9fa8ca289d6d6afc60bc0582f8f3dd85d905d95774b1ebf9faa3db9c7d52
data\raw\dataset4\osteoporosis\osteoporosis\147.jpg,dataset4,osteoporosis,data\raw\dataset2\osteoporosis\osteoporosis\147.jpg,f4f5cf5c72f0c1265cbd088a39bb9d94daed0e47172586bf35ec942ae238393a
data\raw\dataset4\normal\normal\148n.png,dataset4,normal,data\raw\dataset2\osteoporosis\normal\148n.png,043996ba5ff2a9bda9efa94cf259b0e84746c96d088a70d2c82815f13e314b27
data\raw\dataset4\osteoporosis\osteoporosis\149.jpg,dataset4,osteopenia,data\raw\dataset1\Osteoporosis Knee X-ray\osteopenia\OP97.jpg,b3597794d7874360b736ce80adb07abac06dec62c6cd1665f30c076193324d20
data\raw\dataset4\normal\normal\14nn.jpg,dataset4,normal,data\raw\dataset2\osteoporosis\normal\14nn.jpg,7c0b817257f6207c84b16ba634e7d0208ffac9e5d5dee45f0f9b542e5b52b272
data\raw\dataset4\osteoporosis\osteoporosis\15.png,dataset4,osteoporosis,data\raw\dataset2\osteoporosis\osteoporosis\15.png,b85e4ae109d09f2bc87c253dddd7bd0c76b611ace0b32bc91986e71a6e96643a
data\raw\dataset4\normal\normal\150.png,dataset4,normal,data\raw\dataset2\osteoporosis\normal\150.png,d009556bc062ac42a5af0e3d99389d0a6e47d44f3cc07f3ad01373303b29679c
data\raw\dataset4\osteoporosis\osteoporosis\151.jpg,dataset4,osteopenia,data\raw\dataset1\Osteoporosis Knee X-ray\osteopenia\OP98.jpg,cbed43b7d7d1eb1240b19091bbf93d3263e5c176b391f9a5dbcefddd3effbca8
data\raw\dataset4\osteoporosis\osteoporosis\152.png,dataset4,osteoporosis,data\raw\dataset2\osteoporosis\osteoporosis\152.png,6b529bd640bb552178bf2edf80706fa79602641bdcc56e0f23de64a24f6c9043
data\raw\dataset4\osteoporosis\osteoporosis\153.jpg,dataset4,osteopenia,data\raw\dataset1\Osteoporosis Knee X-ray\osteopenia\OP105.jpg,3dd07964241016d2c37608ed8ddf823fd013f507b23beee94dfc888a8db19c1d
data\raw\dataset4\normal\normal\154.png,dataset4,normal,data\raw\dataset2\osteoporosis\normal\154.png,b490aeeb267bf4f4919e7a7a63efcf36dda12cf6d1ef5e15adca14d870112a0c
data\raw\dataset4\normal\normal\155n.jpg,dataset4,osteopenia,data\raw\dataset1\Osteoporosis Knee X-ray\osteopenia\OP100.jpg,468c347f98610d68a3c64336342ac75cd152737fe0965e40d074ad813295022f
data\raw\dataset4\normal\normal\156.png,dataset4,normal,data\raw\dataset2\osteoporosis\normal\156.png,174896fc24fdcf74fa5972721e3265bc601263886831e1a9f4f6b529d43b6083
data\raw\dataset4\normal\normal\157n.jpg,dataset4,osteopenia,data\raw\dataset1\Osteoporosis Knee X-ray\osteopenia\OP101.jpg,cd6f232d9431a8c901c9e353ece86b4b26f328055c28e43b335d8936e4976b80
data\raw\dataset4\normal\normal\158n.png,dataset4,normal,data\raw\dataset2\osteoporosis\normal\158n.png,9d5610d6ceb7a9497e295a523d712ed6ae709e040a12654d644c8bc2a0c57f5f
data\raw\dataset4\osteoporosis\osteoporosis\16.JPEG,dataset4,osteoporosis,data\raw\dataset2\osteoporosis\osteoporosis\16.JPEG,33ec8b8b450de255f1b6f15041ad4bacada44354f65dee046499bb0517f69227
data\raw\dataset4\normal\normal\16.png,dataset4,normal,data\raw\dataset2\osteoporosis\normal\16.png,331562145ab054b28c975350e6d5a8d3423a1fe6c1e516cca25d287d606e4ed2
data\raw\dataset4\normal\normal\160n.png,dataset4,normal,data\raw\dataset2\osteoporosis\normal\160n.png,1dde8e796c37e944dc21ccd20947f502d7ced770d1cff416748ccb3d56b77a5b
data\raw\dataset4\osteoporosis\osteoporosis\161.jpg,dataset4,osteopenia,data\raw\dataset1\Osteoporosis Knee X-ray\osteopenia\OP103.jpg,7de6792b26a8735f2ad87479c653243446469a71bdb06db7b695edcb001a2031
data\raw\dataset4\normal\normal\162n.png,dataset4,normal,data\raw\dataset2\osteoporosis\normal\162n.png,a13b4ea31c9a3dcd608adbcd4f6a991e80d954a849214df4b421cc6890d3b938
data\raw\dataset4\osteoporosis\osteoporosis\163.jpg,dataset4,osteopenia,data\raw\dataset1\Osteoporosis Knee X-ray\osteopenia\OP104.jpg,c80df008a5465c756ab52c549edeb605ab68e69b7bfdc7711337db74fc195fd9
data\raw\dataset4\normal\normal\164n.png,dataset4,normal,data\raw\dataset2\osteoporosis\normal\164n.png,e4808e84d61ce40db3edb35fa72da31a995ea2fe8288d1c1e06e04e9e3d1681f
data\raw\dataset4\osteoporosis\osteoporosis\165.jpg,dataset4,osteopenia,data\raw\dataset1\Osteoporosis Knee X-ray\osteopenia\OP105.jpg,3dd07964241016d2c37608ed8ddf823fd013f507b23beee94dfc888a8db19c1d
data\raw\dataset4\normal\normal\166n.png,dataset4,normal,data\raw\dataset2\osteoporosis\normal\166n.png,f102a6842a7b60b768d2fbdf769eb3ae2dbb16ffd8d9c65210080d08bb5c221a
data\raw\dataset4\osteoporosis\osteoporosis\167.jpg,dataset4,osteopenia,data\raw\dataset1\Osteoporosis Knee X-ray\osteopenia\OP106.jpg,fd4bdca0feae92a44596a705a885791416ce41652fe2ea7c397f0d472d2eb85c
data\raw\dataset4\normal\normal\168n.png,dataset4,normal,data\raw\dataset2\osteoporosis\normal\168n.png,f04a6acc43a5a00c2512a580fce8d46bc79997099ffbfeef4fcb9d2b819c7333
data\raw\dataset4\osteoporosis\osteoporosis\169.jpg,dataset4,osteoporosis,data\raw\dataset2\osteoporosis\osteoporosis\169.jpg,53bb32f8637646318227f04baa809843f53422a2657643b1978ef28ef010687c
data\raw\dataset4\normal\normal\17.png,dataset4,normal,data\raw\dataset2\osteoporosis\normal\17.png,fa90ecbda4a7e17595f685ba49ac41fffc73401b1373790768a35c45f0e6e621
data\raw\dataset4\normal\normal\170n.png,dataset4,normal,data\raw\dataset2\osteoporosis\normal\170n.png,45043dd6939e45db606c2cce5b1df03a0b250c3e628db56ebeb4de604707567b
data\raw\dataset4\osteoporosis\osteoporosis\171.jpg,dataset4,osteopenia,data\raw\dataset1\Osteoporosis Knee X-ray\osteopenia\OP108.jpg,f2b26afb2182ccb37f7c30aa3e337e037830e09c087455babe867c37e4a22495
data\raw\dataset4\normal\normal\172n.png,dataset4,normal,data\raw\dataset2\osteoporosis\normal\172n.png,348a13d4c1055adfa6dbcbb008948298abdc15dc695379a9fdbef430a4cec633
data\raw\dataset4\osteoporosis\osteoporosis\173.jpg,dataset4,osteopenia,data\raw\dataset1\Osteoporosis Knee X-ray\osteopenia\OP109.jpg,78a74fa4114840accd34ac9e044c74d0ab0b46bf1b45b1449e70cfe1bf4f5ee0
data\raw\dataset4\normal\normal\174n.png,dataset4,normal,data\raw\dataset2\osteoporosis\normal\174n.png,269ea1a75235831e7f9365844fcf5307d20e36fc1ff5a53051decb38629a3fb6
data\raw\dataset4\osteoporosis\osteoporosis\175.jpg,dataset4,osteopenia,data\raw\dataset1\Osteoporosis Knee X-ray\osteopenia\OP110.jpg,fb43949d2ea612286f94adb10e3de9cf38a55b973bfac401bfc534fc6a203ee4
data\raw\dataset4\normal\normal\176n.png,dataset4,normal,data\raw\dataset2\osteoporosis\normal\176n.png,29bc557054ece38ec6b292ae750f7441dfbd58e79d6cf1476f804c006806ec74
data\raw\dataset4\osteoporosis\osteoporosis\177.jpg,dataset4,osteopenia,data\raw\dataset1\Osteoporosis Knee X-ray\osteopenia\OP111.jpg,089ae5ec92172569ffeb2cc78eec1028e5bd2af93d318cdbac31abeeb36b1b3f
data\raw\dataset4\normal\normal\178n.png,dataset4,normal,data\raw\dataset2\osteoporosis\normal\178n.png,4d8333460d62acaa501c6bbd048282a14ca08889238575539e854323b8b516bf
data\raw\dataset4\osteoporosis\osteoporosis\179.jpg,dataset4,osteopenia,data\raw\dataset1\Osteoporosis Knee X-ray\osteopenia\OP100.jpg,468c347f98610d68a3c64336342ac75cd152737fe0965e40d074ad813295022f
data\raw\dataset4\normal\normal\17nn.jpg,dataset4,normal,data\raw\dataset2\osteoporosis\normal\17nn.jpg,de0f76495395d2642b83e1d0514bdc756f45134bd08afafd34d07199156015f6
data\raw\dataset4\osteoporosis\osteoporosis\18.png,dataset4,osteoporosis,data\raw\dataset2\osteoporosis\osteoporosis\18.png,29a4ae7ab5f9e590c77ca2665cdf3ca20f8efbb763f25e352284c8244a50cf95
data\raw\dataset4\normal\normal\180n.png,dataset4,normal,data\raw\dataset2\osteoporosis\normal\180n.png,98d3bd341186115cd20c3b43354713aee2d316aa84b20b5df26f3073080b29b0
data\raw\dataset4\osteoporosis\osteoporosis\181.jpg,dataset4,osteopenia,data\raw\dataset1\Osteoporosis Knee X-ray\osteopenia\OP113.jpg,588e628615cd409da5f3b739bd02e16191cb21298e99308a6d09febf34824da2
data\raw\dataset4\normal\normal\182n.png,dataset4,normal,data\raw\dataset2\osteoporosis\normal\182n.png,42c80689fd2314d971457b767da6521557d8b9b5e09e8de3112e49cd9b048dde
data\raw\dataset4\osteoporosis\osteoporosis\183.jpg,dataset4,osteopenia,data\raw\dataset1\Osteoporosis Knee X-ray\osteopenia\OP114.jpg,37fab5c1c4b053ec70abc0a8a6ef4d140edbe4e5aa6383d4a824abf20c0efef1
data\raw\dataset4\normal\normal\184n.png,dataset4,normal,data\raw\dataset2\osteoporosis\normal\184n.png,c01b48d2fe4492c13269be2876f3e0798e1a2836443ca214a3afede65609a007
data\raw\dataset4\osteoporosis\osteoporosis\185.jpg,dataset4,osteopenia,data\raw\dataset1\Osteoporosis Knee X-ray\osteopenia\OP115.jpg,bb3eb2218cdcdc47d9eaa9d81e795f63dab50f9bdc5e0e482bd4bfb1afa41972
data\raw\dataset4\normal\normal\186n.png,dataset4,normal,data\raw\dataset2\osteoporosis\normal\186n.png,34ac218e5f9cfb770f83cabbe63e4c13b18bf6834e25c3b3b7ee0bcb84c478e9
data\raw\dataset4\normal\normal\187n.jpg,dataset4,osteopenia,data\raw\dataset1\Osteoporosis Knee X-ray\osteopenia\OP116.jpg,cce641da8154b5e8c1b444d271ebaad621f348380f85a0607676e6d68672eb38
data\raw\dataset4\normal\normal\188n.png,dataset4,normal,data\raw\dataset2\osteoporosis\normal\188n.png,71fb91a12418816556d9676642b24ef5c17de4ccd12909efe2915d5eb3763a41
data\raw\dataset4\osteoporosis\osteoporosis\189.jpg,dataset4,osteopenia,data\raw\dataset1\Osteoporosis Knee X-ray\osteopenia\OP117.jpg,f02f5e4ed47dc865d4446498f13e8df36b4b5eb1d84791604b641d224b00633c
data\raw\dataset4\osteoporosis\osteoporosis\19.JPEG,dataset4,osteoporosis,data\raw\dataset2\osteoporosis\osteoporosis\19.JPEG,60313b07371acde3ae77dda1fe8b0ef5c211aceed1004d6e2da963a9dd62bb4e
data\raw\dataset4\normal\normal\190n.png,dataset4,normal,data\raw\dataset2\osteoporosis\normal\190n.png,0f1ff54de7cfa488ae4602e28b95758f9f7163d31a3cb137c26323d7767d9d1d
data\raw\dataset4\osteoporosis\osteoporosis\191.jpg,dataset4,osteopenia,data\raw\dataset1\Osteoporosis Knee X-ray\osteopenia\OP118.jpg,8b088b047ca4922459e265fe4a7908ca7528924ece5cc92d9bd7f7b1c6d89532
data\raw\dataset4\normal\normal\192n.png,dataset4,normal,data\raw\dataset2\osteoporosis\normal\192n.png,5dab2e4fb5bec3f214d3e53c02161a53bb5fd893288832238c02449d324c0c5c
data\raw\dataset4\osteoporosis\osteoporosis\193.jpg,dataset4,osteopenia,data\raw\dataset1\Osteoporosis Knee X-ray\osteopenia\OP119.jpg,1644f58215000e04b98e737e380a268724dcaacd04a1783f94178e3799373d56
data\raw\dataset4\normal\normal\194n.png,dataset4,normal,data\raw\dataset2\osteoporosis\normal\194n.png,be01048c597f9b3f43e628ad94b6127a2c366e7a4ca346a06b20000109000a62
data\raw\dataset4\osteoporosis\osteoporosis\195.jpg,dataset4,osteopenia,data\raw\dataset1\Osteoporosis Knee X-ray\osteopenia\OP120.jpg,3fc03983ad1ccc0e2c6bda473f73a733883d5641f8a19a57929e6c8412da9be0
data\raw\dataset4\normal\normal\196.png,dataset4,normal,data\raw\dataset2\osteoporosis\normal\196.png,26985a85af76016fa1b962857a8c351e1523525522ada1cca45bf80f59dee5e9
data\raw\dataset4\osteoporosis\osteoporosis\197.jpg,dataset4,osteopenia,data\raw\dataset1\Osteoporosis Knee X-ray\osteopenia\OP121.jpg,5f7ffc41b1f54f63a1caaa12f714e25e344bc55b65d355d1f0b77994e8d7db08
data\raw\dataset4\normal\normal\198n.png,dataset4,normal,data\raw\dataset2\osteoporosis\normal\198n.png,5cb4e44b553ecd26cb1516b78bade2f2304c835c1d7d424dee8975b747b7c2f4
data\raw\dataset4\osteoporosis\osteoporosis\199.jpg,dataset4,osteoporosis,data\raw\dataset2\osteoporosis\osteoporosis\199.jpg,0d26aa2c5b88a48bf5b4ffcb091b27631c50b612d92748d902a68c2e8e6bcf9a
data\raw\dataset4\normal\normal\2.jpg,dataset4,normal,data\raw\dataset2\osteoporosis\normal\2.jpg,a8406a3132503863bbb27194db6f0970c0b8305fae782e3631b7854db157732a
data\raw\dataset4\normal\normal\20.png,dataset4,normal,data\raw\dataset2\osteoporosis\normal\20.png,77b70de7be1b755a5cf6fe11d1e8739d7bf8e4d9ddaab642fe1c96c0f38a96c4
data\raw\dataset4\osteoporosis\osteoporosis\20.png,dataset4,osteoporosis,data\raw\dataset2\osteoporosis\normal\20.png,77b70de7be1b755a5cf6fe11d1e8739d7bf8e4d9ddaab642fe1c96c0f38a96c4
data\raw\dataset4\normal\normal\200n.png,dataset4,normal,data\raw\dataset2\osteoporosis\normal\200n.png,d44c7a1fab347b75540230b0dc87c3d2b4af7d45fa3ff5e4ff7d1f6e1470cfbf
data\raw\dataset4\osteoporosis\osteoporosis\201.jpg,dataset4,osteoporosis,data\raw\dataset2\osteoporosis\osteoporosis\201.jpg,942cf0264024ea2f3649d8144c72ecfadef5f5e6c31eefbc836cea2add0f1a38
data\raw\dataset4\normal\normal\202n.png,dataset4,normal,data\raw\dataset2\osteoporosis\normal\202n.png,95efe0ef10541357f1f6709fe6887a5825f9e62b283036f40a2438d5e8f97400
data\raw\dataset4\osteoporosis\osteoporosis\203.jpg,dataset4,osteopenia,data\raw\dataset1\Osteoporosis Knee X-ray\osteopenia\OP124.jpg,20533ac58114d9d3223fa4a42f5efafcc856872e8c8db1f4d75baa4f08cbde44
data\raw\dataset4\normal\normal\204n.png,dataset4,normal,data\raw\dataset2\osteoporosis\normal\204n.png,8e5f092dd394253aceac2676327e0849582c036a6cd30725f6d9aa234c72d6a9
data\raw\dataset4\normal\normal\205n.jpg,dataset4,osteopenia,data\raw\dataset1\Osteoporosis Knee X-ray\osteopenia\OP125.jpg,17901bac2b2e20e281b96ef4463766c9c09200bfa357230779e86fd43537e6d3
data\raw\dataset4\osteoporosis\osteoporosis\206.png,dataset4,osteoporosis,data\raw\dataset2\osteoporosis\osteoporosis\206.png,fa355ed8dfca2fe56eea13e6f66d3d48e18b670559f33d1aea06204f274ceddf
data\raw\dataset4\osteoporosis\osteoporosis\207.jpg,dataset4,osteopenia,data\raw\dataset1\Osteoporosis Knee X-ray\osteopenia\OP126.jpg,01ea1aab6cb9e85ad33b52ddb7f770439cdfb07bec8fdede65b5c02eb8ea59ca
data\raw\dataset4\osteoporosis\osteoporosis\208.png,dataset4,osteoporosis,data\raw\dataset2\osteoporosis\osteoporosis\208.png,02a7ccc6cb4cd0f97274215b4278c5fac20468fc6984930a17ecbe4b619af871
data\raw\dataset4\osteoporosis\osteoporosis\209.jpg,dataset4,osteopenia,data\raw\dataset1\Osteoporosis Knee X-ray\osteopenia\OP127.jpg,91836302454fe7d80c64ad6fe5a56980c2527fee870f9d71e7688397af817d28
data\raw\dataset4\normal\normal\20nn.jpg,dataset4,normal,data\raw\dataset2\osteoporosis\normal\20nn.jpg,9e6727d53c014c2ed25dc94e3acd329a6a750150d8843d64108b42eda2077821
data\raw\dataset4\normal\normal\21.png,dataset4,normal,data\raw\dataset2\osteoporosis\normal\21.png,1d315fd4a0e126c42488404157af311c6fbf540bf37451864cc478d02e76bbab
data\raw\dataset4\osteoporosis\osteoporosis\21.png,dataset4,osteoporosis,data\raw\dataset2\osteoporosis\osteoporosis\21.png,46f7f287a0c1df2da3d55391cdea8678152c3a3a74ab27ace04dceceed24f73a
data\raw\dataset4\normal\normal\210.png,dataset4,normal,data\raw\dataset2\osteoporosis\normal\210.png,0ae5544287e056cfbfc8103e4eb604e6c7016c3661c479e7bdbd8eee56e33aaa
data\raw\dataset4\osteoporosis\osteoporosis\211.jpg,dataset4,osteopenia,data\raw\dataset1\Osteoporosis Knee X-ray\osteopenia\OP128.jpg,29bc3549344c53ed0133b65c81129d699219746ee626fb963dac46d597ba4c89
data\raw\dataset4\normal\normal\212.png,dataset4,normal,data\raw\dataset2\osteoporosis\normal\212.png,fc813851c19d9ba0f648b6ffcec0454e78bf1db6bad2d906d52f03823fc9ed84
data\raw\dataset4\osteoporosis\osteoporosis\213.jpg,dataset4,osteopenia,data\raw\dataset1\Osteoporosis Knee X-ray\osteopenia\OP129.jpg,db14266678e9b8f941016c38cf1978c885f7aff3b4b928f5d8c8fded111156f4
data\raw\dataset4\normal\normal\214n.png,dataset4,normal,data\raw\dataset2\osteoporosis\normal\214n.png,1fa1e1c171f20d9b0b783cedab662411081ebf4dfea32fd2131b5853e8bd8eb3
data\raw\dataset4\osteoporosis\osteoporosis\215.jpg,dataset4,osteopenia,data\raw\dataset1\Osteoporosis Knee X-ray\osteopenia\OP130.jpg,5b6f6fc6978f0b20575724ece46d3bbdb276cca75462a7da6871cd53e9f97854
data\raw\dataset4\normal\normal\216n.png,dataset4,normal,data\raw\dataset2\osteoporosis\normal\216n.png,b34d255b9161218ffc56e3b0e60a2156110174b3c19a54c081f95d59f8df1cf7
data\raw\dataset4\osteoporosis\osteoporosis\217.jpg,dataset4,osteopenia,data\raw\dataset1\Osteoporosis Knee X-ray\osteopenia\OP108.jpg,f2b26afb2182ccb37f7c30aa3e337e037830e09c087455babe867c37e4a22495
data\raw\dataset4\normal\normal\218n.png,dataset4,normal,data\raw\dataset2\osteoporosis\normal\218n.png,45bb87ca1d3e114d7c02811f32d2fbf8c93cc78a062211ccde3ab80e39fca1ef
data\raw\dataset4\osteoporosis\osteoporosis\219.jpg,dataset4,osteopenia,data\raw\dataset1\Osteoporosis Knee X-ray\osteopenia\OP132.jpg,d16764d8570ae834d21b6109b9eb994b7e260942cc67af0c6029fa157c3052bd
data\raw\dataset4\normal\normal\22.JPEG,dataset4,normal,data\raw\dataset2\osteoporosis\normal\22.JPEG,9b108baa2ba1ba2715ee9381dd1395aee6e112ae1b9c7db7195318a34ccd46e4
data\raw\dataset4\osteoporosis\osteoporosis\22.JPEG,dataset4,osteoporosis,data\raw\dataset2\osteoporosis\osteoporosis\22.JPEG,306cec8b9c1a885f96dc2dcf82f477c2ec1ee4ae52c79e5318b789d472a95638
data\raw\dataset4\normal\normal\220n.png,dataset4,normal,data\raw\dataset2\osteoporosis\normal\220n.png,4267558c80935e3c2128bdd5bb9f900bbd681b7783dfb0710bba5c8c7fa8a289
data\raw\dataset4\osteoporosis\osteoporosis\221.jpg,dataset4,osteopenia,data\raw\dataset1\Osteoporosis Knee X-ray\osteopenia\OP133.jpg,fca2693152dc8c0ac5906f1c72deaf8df2f9668fb2794b9f66fb02f6cc476b1b
data\raw\dataset4\normal\normal\222n.png,dataset4,normal,data\raw\dataset2\osteoporosis\normal\222n.png,9cae57d41cb034daa8b1ad374fbe00a614765344354b0d40b117509a6a7555a3
data\raw\dataset4\osteoporosis\osteoporosis\223.jpg,dataset4,osteopenia,data\raw\dataset1\Osteoporosis Knee X-ray\osteopenia\OP134.jpg,70db513d375f3b1f43b8f436097ba3e0e8ae352c57065757bd98ce1624d2702e
data\raw\dataset4\osteoporosis\osteoporosis\224.png,dataset4,osteoporosis,data\raw\dataset2\osteoporosis\osteoporosis\224.png,0e76b86e33e936c7e9b305dc17a685cf01652181cb74ccbe43865b587a3eb463
data\raw\dataset4\normal\normal\225.jpg,dataset4,osteopenia,data\raw\dataset1\Osteoporosis Knee X-ray\osteopenia\OP101.jpg,cd6f232d9431a8c901c9e353ece86b4b26f328055c28e43b335d8936e4976b80
data\raw\dataset4\osteoporosis\osteoporosis\226.png,dataset4,osteoporosis,data\raw\dataset2\osteoporosis\osteoporosis\226.png,63953d5d31f55e28069cf4d1e3f80d9cb1d2c29fe2bc75bee54eb310c0b87b27
data\raw\dataset4\osteoporosis\osteoporosis\227.jpg,dataset4,osteopenia,data\raw\dataset1\Osteoporosis Knee X-ray\osteopenia\OP136.jpg,d72bb23565e0de2864216f9848aa32691fb71af91ac91fd6805b0c1ae0bd9a4f
data\raw\dataset4\osteoporosis\osteoporosis\228.png,dataset4,osteoporosis,data\raw\dataset2\osteoporosis\osteoporosis\228.png,4e3aa355d5266d8fa0bdc048f4ebf6fb78e755446aa98914dc9eb25baafa6e5d
data\raw\dataset4\osteoporosis\osteoporosis\229.jpg,dataset4,osteopenia,data\raw\dataset1\Osteoporosis Knee X-ray\osteopenia\OP137.jpg,5614747839a6263a87f37cd09a7df43cd71f0485f2dc63b0638b21fda50a8b20
data\raw\dataset4\normal\normal\23.jpg,dataset4,osteopenia,data\raw\dataset1\Osteoporosis Knee X-ray\osteopenia\OP52.jpg,a6cfeff6235d1d84315199e57b5efd0d54cce9f6f5c8094901f9b111b3fa62a3
data\raw\dataset4\normal\normal\230n.png,dataset4,normal,data\raw\dataset2\osteoporosis\normal\230n.png,61775b9c6751bf99b023dd7a70250bc17e1d6a0b9b62c1764a0f930ea10819e4
data\raw\dataset4\osteoporosis\osteoporosis\231.jpg,dataset4,osteopenia,data\raw\dataset1\Osteoporosis Knee X-ray\osteopenia\OP138.jpg,4de4d020b66d72803734646a68737a0acf9f1f2f68fdb74dd36d24327f41a967
data\raw\dataset4\osteoporosis\osteoporosis\232.png,dataset4,osteoporosis,data\raw\dataset2\osteoporosis\osteoporosis\232.png,156cb8d751654a95cd3890fde94c2eec6e3d135199abba92a5485ca42f39184e
data\raw\dataset4\normal\normal\233n.jpg,dataset4,osteopenia,data\raw\dataset1\Osteoporosis Knee X-ray\osteopenia\OP103.jpg,7de6792b26a8735f2ad87479c653243446469a71bdb06db7b695edcb001a2031
data\raw\dataset4\normal\normal\234n.jpg,dataset4,osteopenia,data\raw\dataset1\Osteoporosis Knee X-ray\osteopenia\OP140.jpg,4ea974b6bfc6d799241d359b447c45efaa4c280df597eef74829268424bd42a1
data\raw\dataset4\osteoporosis\osteoporosis\235.jpg,dataset4,osteopenia,data\raw\dataset1\Osteoporosis Knee X-ray\osteopenia\OP141.jpg,07838d5fae1e41cffffe13afe546e179649b9be1ee34236abe2b4516427f6839
data\raw\dataset4\osteoporosis\osteoporosis\236.jpg,dataset4,osteopenia,data\raw\dataset1\Osteoporosis Knee X-ray\osteopenia\OP142.jpg,c601dfdad5b61a80d7dc04458165a60847be4d1c79a4c9b5dcddbc5ea1a65f22
data\raw\dataset4\normal\normal\237n.jpg,dataset4,osteopenia,data\raw\dataset1\Osteoporosis Knee X-ray\osteopenia\OP143.jpg,9608e034a8b0ffedb5eac0b3275f19584d51be97fe73d7e609a6deb41438d273
data\raw\dataset4\osteoporosis\osteoporosis\238.jpg,dataset4,osteoporosis,data\raw\dataset1\Osteoporosis Knee X-ray\osteopenia\OP144.jpg,9273b952d1ea90b80259b81ae03cc6c5ca6d541f08223485fc690cbe64f2ff5f
data\raw\dataset4\osteoporosis\osteoporosis\239.jpg,dataset4,osteoporosis,data\raw\dataset2\osteoporosis\osteoporosis\239.jpg,a293508975247eea60a29861c262c186a2de646913e21091de6fae202535e132
data\raw\dataset4\normal\normal\23nn.JPEG,dataset4,normal,data\raw\dataset1\Osteoporosis Knee X-ray\normal\N2.JPEG,882a193152c875dfad781d6cf4f732d89a1d468bbe60ffac7ba0c085c9bad9ec
data\raw\dataset4\normal\normal\24.JPEG,dataset4,normal,data\raw\dataset2\osteoporosis\normal\24.JPEG,f9259e79f0b46f02d93f698fc1d134b9ac26ce7d58cac0c032fe4e005bacce90
data\raw\dataset4\osteoporosis\osteoporosis\24.png,dataset4,osteoporosis,data\raw\dataset2\osteoporosis\osteoporosis\24.png,0e6ca4c845647e48552773c9ec33072f7c821720082647b9dd463d94e90d697f
data\raw\dataset4\osteoporosis\osteoporosis\240.jpg,dataset4,osteopenia,data\raw\dataset1\Osteoporosis Knee X-ray\osteopenia\OP146.jpg,94c22f8ed5cefbc3716b563a022b6cc444fc5f3662f16ab0aef0925fd12e66f0
data\raw\dataset4\osteoporosis\osteoporosis\241.jpg,dataset4,osteopenia,data\raw\dataset1\Osteoporosis Knee X-ray\osteopenia\OP147.jpg,9c885a84b76553e41ba09b505ec733efca4c37aebb8142820c4c50025942f049
data\raw\dataset4\osteoporosis\osteoporosis\242.jpg,dataset4,osteopenia,data\raw\dataset1\Osteoporosis Knee X-ray\osteopenia\OP148.jpg,43b5a8e8bdcb519a39fcb8c698ff44181257b0f48975627937135a385ef25d9f
data\raw\dataset4\osteoporosis\osteoporosis\243.jpg,dataset4,osteopenia,data\raw\dataset1\Osteoporosis Knee X-ray\osteopenia\OP149.jpg,5f0b622dbb9f391b83cb64199d9dbdfaf479a40ec8e0d8b532e22e6536d9764f
data\raw\dataset4\osteoporosis\osteoporosis\244.jpg,dataset4,osteopenia,data\raw\dataset1\Osteoporosis Knee X-ray\osteopenia\OP150.jpg,a1f0174c5ab85a73435bbf1842f67f377ef8b608229000f0e1cf7590924bc929
data\raw\dataset4\osteoporosis\osteoporosis\245.jpg,dataset4,osteopenia,data\raw\dataset1\Osteoporosis Knee X-ray\osteopenia\OP151.jpg,eec36f11cccd0deb92e0253da3f4ef4c3db879b11805067a2a79ac4140c3dfa3
data\raw\dataset4\osteoporosis\osteoporosis\246.jpg,dataset4,osteopenia,data\raw\dataset1\Osteoporosis Knee X-ray\osteopenia\OP152.jpg,850a7705b097d160d9cc46e23da071c8acf3df6767694dc31d987b54f1749299
data\raw\dataset4\osteoporosis\osteoporosis\247.jpg,dataset4,osteopenia,data\raw\dataset1\Osteoporosis Knee X-ray\osteopenia\OP153.jpg,2bab8ac86af7fee0861bf4e00583bf207cf746ac265201caca82b164d65412aa
data\raw\dataset4\osteoporosis\osteoporosis\248.jpg,dataset4,osteopenia,data\raw\dataset1\Osteoporosis Knee X-ray\osteopenia\OP154.jpg,4d4d57ffde5715422b25d380ea5a8a6d3edd1f68c52461790c734807ee6aa5a9
data\raw\dataset4\osteoporosis\osteoporosis\249.png,dataset4,osteoporosis,data\raw\dataset2\osteoporosis\osteoporosis\249.png,055f661174d1d39bcedf6bf91ba431a467f21b867b05b770706242ce8518c28d
data\raw\dataset4\normal\normal\25.JPEG,dataset4,normal,data\raw\dataset2\osteoporosis\normal\25.JPEG,7f02e2f23007753b1f4d7ee1db7ce45637b6930fafaeae706648428b4ffd49fe
data\raw\dataset4\osteoporosis\osteoporosis\250.png,dataset4,osteoporosis,data\raw\dataset2\osteoporosis\osteoporosis\250.png,73c3b606262119c49f849f10b8949c39d3e89c5568100d33adeaedb7fb54c30e
data\raw\dataset4\osteoporosis\osteoporosis\251.png,dataset4,osteoporosis,data\raw\dataset2\osteoporosis\osteoporosis\251.png,296afbdffd6eb30509c9c5eb002b418e75a1f890a8af77aaf69ec42085946492
data\raw\dataset4\osteoporosis\osteoporosis\252.png,dataset4,osteoporosis,data\raw\dataset2\osteoporosis\osteoporosis\252.png,8babcc288907772a45fadafa134100ebba915a4fa14123d0f5541e9d0171e284
data\raw\dataset4\osteoporosis\osteoporosis\253.png,dataset4,osteoporosis,data\raw\dataset2\osteoporosis\osteoporosis\253.png,2fe2ef986c9670d7711b0bf5d1fe22ae56f0f729e102b460e63681b5027988c5
data\raw\dataset4\osteoporosis\osteoporosis\254.png,dataset4,osteoporosis,data\raw\dataset2\osteoporosis\osteoporosis\254.png,35a61a6f89942d8b0e871e9802f7e11222282814609727cb9c64179b294f968c
data\raw\dataset4\osteoporosis\osteoporosis\255.png,dataset4,osteoporosis,data\raw\dataset2\osteoporosis\osteoporosis\255.png,18298c5330e38e3e6b65af40cf84f102e0fcebe6fa61a349f22f1e98fab3fb0a
data\raw\dataset4\normal\normal\256n.png,dataset4,normal,data\raw\dataset2\osteoporosis\normal\256n.png,e995fc6e67cc5e7c5a0d543e426488b5f05f8a2d8677139581195d8e00b6bcd7
data\raw\dataset4\osteoporosis\osteoporosis\257.png,dataset4,osteoporosis,data\raw\dataset2\osteoporosis\osteoporosis\257.png,595d1356939b6924e9cbb6349164ba3fce9ea965222bf34d3d77c8ad2c2a6afc
data\raw\dataset4\normal\normal\258n.png,dataset4,normal,data\raw\dataset2\osteoporosis\normal\258n.png,668e63bfd8f81ede1838f6127b849cf4631294203c6adace13e55469da009ccb
data\raw\dataset4\normal\normal\259n.png,dataset4,normal,data\raw\dataset2\osteoporosis\normal\259n.png,c1f1d4b6445a00790f20297d33fcd5989230d4e2a046669c32b79efa14100db3
data\raw\dataset4\normal\normal\25n.JPEG,dataset4,normal,data\raw\dataset2\osteoporosis\normal\25n.JPEG,da61a873637408017788dd636916957116aa652e6a9cd8f4896c5b83d03d21cf
data\raw\dataset4\osteoporosis\osteoporosis\26.JPEG,dataset4,osteoporosis,data\raw\dataset2\osteoporosis\osteoporosis\26.JPEG,15df2092a51992c3a84bac825dbda60fe461813d1d6594813ee523d0a2dee0fd
data\raw\dataset4\normal\normal\26.jpg,dataset4,normal,data\raw\dataset2\osteoporosis\normal\26.jpg,2ff43891cb9759ae9372c88235d6b0d8070ec363239aeb2e69b7936471240ec6
data\raw\dataset4\normal\normal\260n.png,dataset4,normal,data\raw\dataset2\osteoporosis\normal\260n.png,4ef2bcd958c76b60fbf3a5e35b50a4bde2271f1ef2667385e9cd979d625280d4
data\raw\dataset4\osteoporosis\osteoporosis\261.png,dataset4,osteoporosis,data\raw\dataset2\osteoporosis\osteoporosis\261.png,921c06102bf7ed98f5d99e698544b813a38348f3bcd3aa6e310f650b2a5aeaae
data\raw\dataset4\osteoporosis\osteoporosis\262.png,dataset4,osteoporosis,data\raw\dataset2\osteoporosis\osteoporosis\262.png,6fbc78af404088e01ff436e7da17fb37afc5176320cb8cb0e51c0cad846cc5d6
data\raw\dataset4\osteoporosis\osteoporosis\263.png,dataset4,osteoporosis,data\raw\dataset2\osteoporosis\osteoporosis\263.png,e2a30387f5048e54cca1ab1be8723a60c8acfb1dcb1977631beeee5a2759d999
data\raw\dataset4\osteoporosis\osteoporosis\264.png,dataset4,osteoporosis,data\raw\dataset2\osteoporosis\osteoporosis\264.png,dd25808bcc70db13bb488fbe670d784baae986092608f4fcc76e651f5705a372
data\raw\dataset4\normal\normal\265n.png,dataset4,normal,data\raw\dataset2\osteoporosis\normal\265n.png,c977fdc3da5a0b74f20784436675cb618a1c1171619249c67b7270dbeeb869a3
data\raw\dataset4\normal\normal\266.png,dataset4,normal,data\raw\dataset2\osteoporosis\normal\266.png,9d62578e4eaefca9f770da46fb5f33a982dcc6190bba8808905ad3437b4ebeb6
data\raw\dataset4\normal\normal\267n.png,dataset4,normal,data\raw\dataset2\osteoporosis\normal\267n.png,5fb8632a2ca00f6acbad412c7df6a8dc5dde85575470e34522c3e52cb1348c34
data\raw\dataset4\osteoporosis\osteoporosis\268.png,dataset4,osteoporosis,data\raw\dataset2\osteoporosis\osteoporosis\268.png,8b09e178d2f4fb25f90c6b2b20d187be023b97a6c102ded0b7acd5a319156dfb
data\raw\dataset4\normal\normal\26nn.JPEG,dataset4,normal,data\raw\dataset2\osteoporosis\osteoporosis\26.JPEG,15df2092a51992c3a84bac825dbda60fe461813d1d6594813ee523d0a2dee0fd
data\raw\dataset4\normal\normal\27.JPEG,dataset4,normal,data\raw\dataset2\osteoporosis\normal\27.JPEG,acda6e99800ce7521a556bbacdb0d665229a45e6cdeaf3565e1da8b354231ac5
data\raw\dataset4\osteoporosis\osteoporosis\27.png,dataset4,osteoporosis,data\raw\dataset2\osteoporosis\osteoporosis\27.png,fedf6defa3879a30c9cf65e4a4d38fb20345cadf081987db660fd89948d2110f
data\raw\dataset4\osteoporosis\osteoporosis\270.png,dataset4,osteoporosis,data\raw\dataset2\osteoporosis\osteoporosis\270.png,874aab57526b3e116592c8f1410089a55acd3fb1cf76a3d070c38bb7aa8c1451
data\raw\dataset4\normal\normal\271n.png,dataset4,normal,data\raw\dataset2\osteoporosis\normal\271n.png,2bd0febf31fa200d2977e1f029bd254dfc707c47ee8dc95a9a6b3bc73f693188
data\raw\dataset4\osteoporosis\osteoporosis\272.png,dataset4,osteoporosis,data\raw\dataset2\osteoporosis\osteoporosis\272.png,86dd09bfd68bb905a112be8e2f22b89196e007ab4644cf4f3d52d5f3e63adbd0
data\raw\dataset4\osteoporosis\osteoporosis\273.png,dataset4,osteoporosis,data\raw\dataset2\osteoporosis\osteoporosis\273.png,80a36821cc6d7dfbebb229e7657d4750f0214bb565dd99dad24140a39c9059c1
data\raw\dataset4\osteoporosis\osteoporosis\274.png,dataset4,osteoporosis,data\raw\dataset2\osteoporosis\osteoporosis\274.png,8f41d206c26279e532900716fb9f87d5f9e257bcc4b8310252653fb70ae44f92
data\raw\dataset4\normal\normal\275n.JPEG,dataset4,normal,data\raw\dataset2\osteoporosis\normal\275n.JPEG,e4d78c1082ea3868d3856d86588be51d208606a164c8466aaa9802ed469df2bd
data\raw\dataset4\osteoporosis\osteoporosis\276.JPEG,dataset4,osteoporosis,data\raw\dataset2\osteoporosis\osteoporosis\276.JPEG,9bcf4a7410ac1449b9ce28cf9c5c3f862023232a15fc1357098bd8899d4e1583
data\raw\dataset4\normal\normal\278n.JPEG,dataset4,normal,data\raw\dataset2\osteoporosis\normal\278n.JPEG,b2a0d7ec159de513e05a29753ae58b5b9ace976b324dba060b12ffe7425509f3
data\raw\dataset4\normal\normal\28.JPEG,dataset4,normal,data\raw\dataset2\osteoporosis\normal\28.JPEG,f7b4b32f1ad54492ef4a55084c7fffb898157a5ae1948e716915310631984940
data\raw\dataset4\osteoporosis\osteoporosis\280.JPEG,dataset4,osteoporosis,data\raw\dataset2\osteoporosis\osteoporosis\280.JPEG,a8671e715a1d3f359a19bccb14f0bd1f3dfa735cc581184039132cd1bff681ff
data\raw\dataset4\osteoporosis\osteoporosis\281.JPEG,dataset4,osteoporosis,data\raw\dataset2\osteoporosis\osteoporosis\281.JPEG,42dac6cfa9d4265c71aac81398458099a7db569d53f8c0a9e482c3bd76b8961c
data\raw\dataset4\normal\normal\283.jpg,dataset4,normal,data\raw\dataset2\osteoporosis\normal\283.jpg,e28b4f681224608c6a573bc169951f7b392e2228d653e04a27beccf2485d7c86
data\raw\dataset4\normal\normal\284n.jpg,dataset4,normal,data\raw\dataset2\osteoporosis\normal\284n.jpg,45197ced132d50a38201a5a1e23e61c69b700dda0d8f6cd50775e7b709d406c8
data\raw\dataset4\normal\normal\285n.jpg,dataset4,normal,data\raw\dataset2\osteoporosis\normal\285n.jpg,8fefcea1d5c3b67534549cc04ccb25af96ca2274de61975dfdf28fc421c43e3f
data\raw\dataset4\normal\normal\286n.jpg,dataset4,normal,data\raw\dataset2\osteoporosis\normal\286n.jpg,78bbe20d31798bffb7be6117bcab22f82d8b95255951248f5733fc92a98739c7
data\raw\dataset4\osteoporosis\osteoporosis\287.jpg,dataset4,osteoporosis,data\raw\dataset2\osteoporosis\osteoporosis\287.jpg,6958d5566eab1656de8d317f24bca3cc4980064c3b91df72f000d2fe147aa80f
data\raw\dataset4\osteoporosis\osteoporosis\288.jpg,dataset4,osteoporosis,data\raw\dataset2\osteoporosis\osteoporosis\288.jpg,cbcf12ff6b682132ea2a15f8e39719983953978f87217dbaf380b6a48a668b90
data\raw\dataset4\osteoporosis\osteoporosis\289.jpg,dataset4,osteoporosis,data\raw\dataset2\osteoporosis\osteoporosis\289.jpg,91d97defde3909d9105918b295576f341d0daa0653e5f37fa93f24cbd4e9e814
data\raw\dataset4\normal\normal\28n.JPEG,dataset4,normal,data\raw\dataset2\osteoporosis\normal\28n.JPEG,8dab17c06f769277b909b073bfcb699ec4759de27805fb5bd1a8fe87bff9f7b1
data\raw\dataset4\normal\normal\29.JPEG,dataset4,normal,data\raw\dataset2\osteoporosis\normal\29.JPEG,6455816f77efd69166ed0eb235ec863bc3a7b912bd57c3a300c1ea31bb52bbf2
data\raw\dataset4\osteoporosis\osteoporosis\29.JPEG,dataset4,osteoporosis,data\raw\dataset2\osteoporosis\normal\29.JPEG,6455816f77efd69166ed0eb235ec863bc3a7b912bd57c3a300c1ea31bb52bbf2
data\raw\dataset4\osteoporosis\osteoporosis\290.jpg,dataset4,osteoporosis,data\raw\dataset2\osteoporosis\osteoporosis\290.jpg,88fa59d7b6e0ba52a83e2e269b195b5366527fb0f82f032d9eea5261b441810a
data\raw\dataset4\osteoporosis\osteoporosis\291.jpg,dataset4,osteoporosis,data\raw\dataset2\osteoporosis\osteoporosis\291.jpg,a1c15f2c02a3e011c31d6a7f6548732352b201a45959a2dc2da923ca04954b45
data\raw\dataset4\normal\normal\292n.jpg,dataset4,normal,data\raw\dataset2\osteoporosis\normal\292n.jpg,a2628997e1f3f5e2b46fc73040984afa8be3ac237e099b69bc87205a52847fdf
data\raw\dataset4\normal\normal\293n.jpg,dataset4,normal,data\raw\dataset2\osteoporosis\normal\293n.jpg,dcc14b0d6d81651df5cfad09bfb26468901bf1ade2f30f8cd23442bf8f0d3c2d
data\raw\dataset4\normal\normal\294n.jpg,dataset4,normal,data\raw\dataset2\osteoporosis\normal\294n.jpg,787cfd50e385fc956c7f0904344436a68e331944db305a0b4a228735e4032f5c
data\raw\dataset4\normal\normal\295.jpg,dataset4,normal,data\raw\dataset2\osteoporosis\normal\295.jpg,7a10ea6ecae9a6ba797454a333d3b167042233f9e08d3ad83085b6503db61f0b
data\raw\dataset4\osteoporosis\osteoporosis\296.jpg,dataset4,osteoporosis,data\raw\dataset2\osteoporosis\osteoporosis\296.jpg,cd345fce218691cf84b3c190d2f5ac79746a20930b5917ef8ab0bd85e8d76494
data\raw\dataset4\osteoporosis\osteoporosis\297.jpg,dataset4,osteoporosis,data\raw\dataset1\Osteoporosis Knee X-ray\osteoporosis\OS23.jpg,96b625e23cb0fb2e1d8a516b889018b9e4e3b07ed2a2898cfc4b870e84a4a518
data\raw\dataset4\osteoporosis\osteoporosis\298.jpg,dataset4,osteoporosis,data\raw\dataset2\osteoporosis\osteoporosis\298.jpg,949d8449602fe50e29528718ca7a92b624125ef35587e3c3db843dc726fa6d04
data\raw\dataset4\normal\normal\299n.jpg,dataset4,osteoporosis,data\raw\dataset1\Osteoporosis Knee X-ray\osteoporosis\OS25.jpg,cb2befddd8bf6491cc0cfcdb64948a7e8f0fe99583fbc7d9470fec36b39b8a86
data\raw\dataset4\normal\normal\29nn.jpg,dataset4,normal,data\raw\dataset2\osteoporosis\normal\29nn.jpg,dfe6acf4cf40fbff8e853df491c7ae998364fa049661d4e924e5a72fe7cc717c
data\raw\dataset4\normal\normal\3.png,dataset4,normal,data\raw\dataset2\osteoporosis\normal\3.png,433cc012ad8adf5d47bf67a99bff33e6a8e53e1f4c40fbaaa6f123f981e73693
data\raw\dataset4\osteoporosis\osteoporosis\3.png,dataset4,osteoporosis,data\raw\dataset2\osteoporosis\osteoporosis\3.png,6b4bbcdef5d03a8be14425242a4b0800a65b78264a2c4c1649831132c1924090
data\raw\dataset4\normal\normal\30.png,dataset4,normal,data\raw\dataset2\osteoporosis\normal\30.png,ae7ad475bba8bd4409ed49e36e1b2958cf14a85010754731e13725a4a9061e10
data\raw\dataset4\normal\normal\300n.jpg,dataset4,osteoporosis,data\raw\dataset1\Osteoporosis Knee X-ray\osteoporosis\OS26.jpg,480450b54c0c605f851b1ba25bc5e4551c9df6a6d3110d2a962aa471ece68158
data\raw\dataset4\osteoporosis\osteoporosis\301.jpg,dataset4,osteoporosis,data\raw\dataset1\Osteoporosis Knee X-ray\osteoporosis\OS27.jpg,15426594bedc9adf5aa304c83c36cc42614c41e4545b245cda1340da7bd82b89
data\raw\dataset4\osteoporosis\osteoporosis\302.jpg,dataset4,osteoporosis,data\raw\dataset1\Osteoporosis Knee X-ray\osteoporosis\OS28.jpg,6a0469657853fbab3471f092c535841943e10b243db1aff652ec2f3cc4163bad
data\raw\dataset4\normal\normal\303n.jpg,dataset4,normal,data\raw\dataset2\osteoporosis\normal\303n.jpg,f6b3debe933598332e3de8a0cafbea249d49187bb8bcfa71e003156f82056907
data\raw\dataset4\osteoporosis\osteoporosis\304.jpg,dataset4,osteoporosis,data\raw\dataset1\Osteoporosis Knee X-ray\osteoporosis\OS30.jpg,255593598fe95c30100c720ce4018fbb7d775b214a89a6113048c85187d905cd
data\raw\dataset4\osteoporosis\osteoporosis\305.jpg,dataset4,osteoporosis,data\raw\dataset1\Osteoporosis Knee X-ray\osteoporosis\OS31.jpg,616913340b3d8d2b82998c614b73fdb205a0fab245a7144752b3a636b5b9270b
data\raw\dataset4\osteoporosis\osteoporosis\306.jpg,dataset4,osteoporosis,data\raw\dataset1\Osteoporosis Knee X-ray\osteopenia\OP144.jpg,9273b952d1ea90b80259b81ae03cc6c5ca6d541f08223485fc690cbe64f2ff5f
data\raw\dataset4\osteoporosis\osteoporosis\308.jpg,dataset4,osteoporosis,data\raw\dataset1\Osteoporosis Knee X-ray\osteoporosis\OS34.jpg,47647b50c01382e120d167cd84e44ccb7af79cfcba6b9462dc51a1d23e668bcd
data\raw\dataset4\osteoporosis\osteoporosis\309.jpg,dataset4,osteoporosis,data\raw\dataset1\Osteoporosis Knee X-ray\osteoporosis\OS35.jpg,9159f3095ffe11b541eea0dfd9c49ec85c58fe40c05eca5ede3a3c6014ce9740
data\raw\dataset4\normal\normal\30nn.JPEG,dataset4,normal,data\raw\dataset2\osteoporosis\normal\30nn.JPEG,8c9d6ed97803445a2a4487aa3af09f622e8dbce5e6288fbb224a51714dd49df5
data\raw\dataset4\normal\normal\31.JPEG,dataset4,normal,data\raw\dataset2\osteoporosis\normal\31.JPEG,43cd496318998791342c69410cb3461ec233c14f595b4600eb815286920b8053
data\raw\dataset4\osteoporosis\osteoporosis\31.JPEG,dataset4,osteoporosis,data\raw\dataset2\osteoporosis\osteoporosis\31.JPEG,f8008fb21ee200a6e06273a589257dfcf98d86cbfd71d321430149b368285531
data\raw\dataset4\osteoporosis\osteoporosis\310.jpg,dataset4,osteoporosis,data\raw\dataset1\Osteoporosis Knee X-ray\osteoporosis\OS36.jpg,033511b7a9650ef1387ec988261d8bb284430a1e2153ea52edd1d47596b71243
data\raw\dataset4\normal\normal\311n.jpg,dataset4,osteoporosis,data\raw\dataset1\Osteoporosis Knee X-ray\osteoporosis\OS37.jpg,a7ded2068c37af30498e5c581017331a036d44b956a7d005fd799199b35ee5dc
data\raw\dataset4\osteoporosis\osteoporosis\312.jpg,dataset4,osteoporosis,data\raw\dataset2\osteoporosis\osteoporosis\312.jpg,8ca369b8b0c54d6e33c87862469173bcd0387cb7a38b412b2f9ab22304002d16
data\raw\dataset4\normal\normal\313n.jpg,dataset4,osteoporosis,data\raw\dataset1\Osteoporosis Knee X-ray\osteoporosis\OS39.jpg,2e00b7694a81f95b9c3b8349d7e7c1ed93c7c0bb163db5a86f0720267dfeae7d
data\raw\dataset4\osteoporosis\osteoporosis\314.jpg,dataset4,osteoporosis,data\raw\dataset1\Osteoporosis Knee X-ray\osteopenia\OP102.jpg,1493de60135f80c0bbdc19155615a346b573e99c98d943f60af6c452c47a042c
data\raw\dataset4\osteoporosis\osteoporosis\315.jpg,dataset4,osteoporosis,data\raw\dataset1\Osteoporosis Knee X-ray\osteoporosis\OS41.jpg,afdc953b14fd02d23f3057e7761b62bc1073e4db74f410af1541a683736bc2c7
data\raw\dataset4\normal\normal\315n.jpg,dataset4,osteoporosis,data\raw\dataset1\Osteoporosis Knee X-ray\osteoporosis\OS33.jpg,aa1d486f1aa4dc56a73795c597c3f3b459be911acf40e3dc905f7fdb6dc6455d
data\raw\dataset4\osteoporosis\osteoporosis\316.jpg,dataset4,osteoporosis,data\raw\dataset1\Osteoporosis Knee X-ray\osteoporosis\OS42.jpg,9a37c2f57d2e662056b7dadd833a39f5218fed8c7938c89a04da2d5b560303d8
data\raw\dataset4\osteoporosis\osteoporosis\317.jpg,dataset4,osteoporosis,data\raw\dataset1\Osteoporosis Knee X-ray\osteoporosis\OS43.jpg,ca7c33de67e744af83836356c854a782cd27ae61ace2409b84849985f821e83c
data\raw\dataset4\osteoporosis\osteoporosis\318.jpg,dataset4,osteoporosis,data\raw\dataset1\Osteoporosis Knee X-ray\osteoporosis\OS44.jpg,846d94fcccc4566fe45d3fb78d1f5f52bc0addf6a17900c56927655846205d40
data\raw\dataset4\osteoporosis\osteoporosis\319.jpg,dataset4,osteoporosis,data\raw\dataset1\Osteoporosis Knee X-ray\osteoporosis\OS45.jpg,0fb056fc92776f44bbe59d01de48e43874b9300370b7cfd58478a57f8f47506a
data\raw\dataset4\normal\normal\32.jpg,dataset4,normal,data\raw\dataset2\osteoporosis\normal\32.jpg,35df52de960f9d17923f63c7196a36ac8f2913c533e227f61dd8e91f7fa7c091
data\raw\dataset4\osteoporosis\osteoporosis\320.jpg,dataset4,osteoporosis,data\raw\dataset2\osteoporosis\osteoporosis\320.jpg,2390e3e576cff152650d52aea27ae6801e0bb0e48730df43f995133a55c90186
data\raw\dataset4\osteoporosis\osteoporosis\321.jpg,dataset4,osteoporosis,data\raw\dataset1\Osteoporosis Knee X-ray\osteoporosis\OS47.jpg,87ba8d9e3b1772a4c4a1fd744479f67696eb652d7b90c24c9d490e72a6e7d0d3
data\raw\dataset4\osteoporosis\osteoporosis\322.jpg,dataset4,osteoporosis,data\raw\dataset1\Osteoporosis Knee X-ray\osteoporosis\OS48.jpg,070b83d21ca1ac9d25dc7de04a05dd062e026b2a9c4f7495748c9443665fad65
data\raw\dataset4\osteoporosis\osteoporosis\323.jpg,dataset4,osteoporosis,data\raw\dataset1\Osteoporosis Knee X-ray\osteoporosis\OS25.jpg,cb2befddd8bf6491cc0cfcdb64948a7e8f0fe99583fbc7d9470fec36b39b8a86
data\raw\dataset4\normal\normal\32nn.JPEG,dataset4,normal,data\raw\dataset2\osteoporosis\normal\32nn.JPEG,b7d9c90d5100117f25eff9c72ae099ca52c758f75a43d63bd4724251a258e7c6
data\raw\dataset4\normal\normal\33.png,dataset4,normal,data\raw\dataset2\osteoporosis\normal\33.png,0f6a115b0d04ccc01a22e06939ecc7875a2a8948431b6a435a1385e698fe9f88
data\raw\dataset4\normal\normal\33nn.JPEG,dataset4,normal,data\raw\dataset2\osteoporosis\normal\33nn.JPEG,6c4feca971be41a873b3370c169f5b766ec16697a669febbb096f2a7071d44c8
data\raw\dataset4\osteoporosis\osteoporosis\34.JPEG,dataset4,osteoporosis,data\raw\dataset2\osteoporosis\osteoporosis\34.JPEG,a52e2b04f5de0665b7271e272f2e887c4704dc044125be64d965f4eb756d9791
data\raw\dataset4\normal\normal\34.jpg,dataset4,normal,data\raw\dataset2\osteoporosis\normal\34.jpg,b2c1c5fca7afe9ed7e4a4c0338600300f28ab2c72b8ef5e5e6e1f289d97c1dd0
data\raw\dataset4\normal\normal\35.jpg,dataset4,normal,data\raw\dataset2\osteoporosis\normal\35.jpg,3e853e893ad9ad71d1aad3456bc4323e4bce352d87905e481024411ba6f8e898
data\raw\dataset4\normal\normal\35n.jpg,dataset4,normal,data\raw\dataset2\osteoporosis\normal\35n.jpg,a561f9ae6b0bc87fe3e5da557882a8c4e068229bd0f8711e1989940c149ed092
data\raw\dataset4\normal\normal\36.jpg,dataset4,normal,data\raw\dataset2\osteoporosis\normal\36.jpg,7b8d2aed0d94f1b9a93b811236e308d47a63c664ca81fda9a19194554cf96f62
data\raw\dataset4\osteoporosis\osteoporosis\36.png,dataset4,osteoporosis,data\raw\dataset2\osteoporosis\osteoporosis\36.png,60ae1a43e2258d811cf5336ea5b50da461e8e3e3fd7776af452390ee78dd626a
data\raw\dataset4\normal\normal\36n.jpg,dataset4,normal,data\raw\dataset2\osteoporosis\normal\36.jpg,7b8d2aed0d94f1b9a93b811236e308d47a63c664ca81fda9a19194554cf96f62
data\raw\dataset4\osteoporosis\osteoporosis\37.JPEG,dataset4,osteoporosis,data\raw\dataset2\osteoporosis\osteoporosis\37.JPEG,b61b5c05172aca6a6ef7cb0bf1958bb397ceb7ea125dee5f78da5a876ed85eb5
data\raw\dataset4\normal\normal\37.jpg,dataset4,normal,data\raw\dataset2\osteoporosis\normal\37.jpg,9a3586c9c7e11e86f1b87842751d264830cd9b6bc2c6b4949e4b806404a95a03
data\raw\dataset4\normal\normal\38.jpg,dataset4,normal,data\raw\dataset2\osteoporosis\normal\38.jpg,b525d192634534cbd8452488733e5a2cab1478ebac9ce647137031e1e7b136e4
data\raw\dataset4\normal\normal\38n.jpg,dataset4,normal,data\raw\dataset2\osteoporosis\normal\38n.jpg,8c373dc82b40c9ad9d680931c55301a1416a677f6264b46df512a619050a40bf
data\raw\dataset4\normal\normal\39.jpg,dataset4,normal,data\raw\dataset1\Osteoporosis Knee X-ray\normal\N18.jpg,7b0750d8a2e4e36271b3a19db0414eb681c412e804c2331cde45d8705b0933a0
data\raw\dataset4\normal\normal\39n.png,dataset4,normal,data\raw\dataset2\osteoporosis\normal\39n.png,d8b43431a01c019f53d1b330ee36453afa34de3aff142180b5b42e966872af76
data\raw\dataset4\normal\normal\4.png,dataset4,normal,data\raw\dataset2\osteoporosis\normal\4.png,2c199e35cf8aa5c18f0888260e3c7c6bedabfa193fc16eae01d5fe2ed7bf258d
data\raw\dataset4\osteoporosis\osteoporosis\4.png,dataset4,osteoporosis,data\raw\dataset2\osteoporosis\normal\4.png,2c199e35cf8aa5c18f0888260e3c7c6bedabfa193fc16eae01d5fe2ed7bf258d
data\raw\dataset4\osteoporosis\osteoporosis\40.JPEG,dataset4,osteoporosis,data\raw\dataset2\osteoporosis\osteoporosis\40.JPEG,46c17fa433e160cbbe04e7964e3cf3d674c5488944cbc1a520bd1349438c21fb
data\raw\dataset4\normal\normal\40.jpg,dataset4,normal,data\raw\dataset2\osteoporosis\normal\40.jpg,5068566841b9d7e964af2790a9f291eb2e879d7d10fdfe236ee5c083d730de05
data\raw\dataset4\normal\normal\41.jpg,dataset4,normal,data\raw\dataset2\osteoporosis\normal\41.jpg,37396c0dcba2f4f3144b700b5da1ec3479ab1b784bf6d487ca2d56171fca4977
data\raw\dataset4\normal\normal\41n.jpg,dataset4,osteopenia,data\raw\dataset1\Osteoporosis Knee X-ray\osteopenia\OP58.jpg,fc648843d1b51655bb60c0f4a5847c2f31a22fb9f7bf2ed78ae799efb9f725ed
data\raw\dataset4\normal\normal\42.jpg,dataset4,normal,data\raw\dataset2\osteoporosis\normal\42.jpg,576c7e9fb1cc337495c17c355a3a2fae959022dcfdc8713a03d3a3857dfae388
data\raw\dataset4\osteoporosis\osteoporosis\42.png,dataset4,osteoporosis,data\raw\dataset2\osteoporosis\osteoporosis\42.png,f6b6a6b96fe8b33775e897c2664a35b9ce47647ce57936609788beb2ed689d1e
data\raw\dataset4\normal\normal\43.jpg,dataset4,normal,data\raw\dataset1\Osteoporosis Knee X-ray\normal\N22.jpg,f831e9fe5cfca0d6e1981de9d85e12ba76c080ceede25407cb43a68d16c1f6ff
data\raw\dataset4\normal\normal\44.jpg,dataset4,normal,data\raw\dataset2\osteoporosis\normal\44.jpg,7d22e87d3837b5cc5ed137c51c25992e901bad891d8e820e8f08e000bb10fd30
data\raw\dataset4\normal\normal\44n.jpg,dataset4,normal,data\raw\dataset2\osteoporosis\normal\44n.jpg,df74fbbdf775fa34991608ea01058134487df28a011d20cd3ff4fc5b93d3f306
data\raw\dataset4\normal\normal\45.jpg,dataset4,normal,data\raw\dataset1\Osteoporosis Knee X-ray\normal\N24.jpg,4b211a60b15d1fc833185875d0094fdd5653e1cbe4f9e5fd1ff85b6b6862c23c
data\raw\dataset4\osteoporosis\osteoporosis\45.png,dataset4,osteoporosis,data\raw\dataset2\osteoporosis\osteoporosis\45.png,0e2775106562762a70cb3121f5efc627c92f673bed05e34aed525e5a16cb485e
data\raw\dataset4\osteoporosis\osteoporosis\45o.jpg,dataset4,normal,data\raw\dataset1\Osteoporosis Knee X-ray\normal\N24.jpg,4b211a60b15d1fc833185875d0094fdd5653e1cbe4f9e5fd1ff85b6b6862c23c
data\raw\dataset4\osteoporosis\osteoporosis\46.JPEG,dataset4,osteoporosis,data\raw\dataset2\osteoporosis\osteoporosis\46.JPEG,b4e010a2db01a14645935a2bdd5b840507d2baf0de7ec7c4ea9e4eedeff9bf36
data\raw\dataset4\normal\normal\46.jpg,dataset4,normal,data\raw\dataset1\Osteoporosis Knee X-ray\normal\N25.jpg,80d6ce3d21c95a89dc034b87a37c932ec095bad09cd6c7dbae26340f1cc71297
data\raw\dataset4\normal\normal\47.jpg,dataset4,normal,data\raw\dataset1\Osteoporosis Knee X-ray\normal\N26.jpg,0073a5535efbb9847861dd52b8831e433375feb0c734782c91f9c4f536eec3c5
data\raw\dataset4\normal\normal\47n.jpg,dataset4,normal,data\raw\dataset2\osteoporosis\normal\47n.jpg,37cd9c34ab05338333c9e2edb8f3728d59d2f1cf9b9a878650dc8a778f5affc2
data\raw\dataset4\normal\normal\48.jpg,dataset4,normal,data\raw\dataset1\Osteoporosis Knee X-ray\normal\N22.jpg,f831e9fe5cfca0d6e1981de9d85e12ba76c080ceede25407cb43a68d16c1f6ff
data\raw\dataset4\osteoporosis\osteoporosis\49.JPEG,dataset4,osteoporosis,data\raw\dataset2\osteoporosis\osteoporosis\49.JPEG,cb4da441236e09bd724d852635dac4546bbb73ff2f3fb0c45698916009c7b97e
data\raw\dataset4\normal\normal\49.jpg,dataset4,normal,data\raw\dataset1\Osteoporosis Knee X-ray\normal\N28.jpg,8f14213133352c984e3aaa97ce6bf7e78253363ba8fb38fedbdd9fcac316e2fa
data\raw\dataset4\osteoporosis\osteoporosis\4o.JPEG,dataset4,osteoporosis,data\raw\dataset2\osteoporosis\osteoporosis\4o.JPEG,5f8e2bd44658f8fea8ad0f146ad8962f9f57d5e33805c6a9fd4f2258fc400cb4
data\raw\dataset4\normal\normal\5.png,dataset4,normal,data\raw\dataset2\osteoporosis\normal\5.png,79a497b6f34b3d8ffb67614ea5493e5e228a008275f7e298b69260e5441063e5
data\raw\dataset4\normal\normal\50.jpg,dataset4,normal,data\raw\dataset1\Osteoporosis Knee X-ray\normal\N29.jpg,bcd0f479c76eaad27c7635612e85c61901be05c36ac7d6e2bb890f96b4482592
data\raw\dataset4\normal\normal\50n.jpg,dataset4,normal,data\raw\dataset2\osteoporosis\normal\50n.jpg,208a36b6903d5e77cc3bd82b069321a370c1357c9818e0d95677a4078087ab71
data\raw\dataset4\normal\normal\51.jpg,dataset4,normal,data\raw\dataset2\osteoporosis\normal\51.jpg,0f65d390913019c4f271281c9814a88a305c6bed5ba408fcdf6cb9d5354cfbda
data\raw\dataset4\osteoporosis\osteoporosis\51.png,dataset4,osteoporosis,data\raw\dataset2\osteoporosis\osteoporosis\51.png,40c48148a22532188d29273d59b9cebe06fd1b54310ff0df773f0f68ea88de93
data\raw\dataset4\osteoporosis\osteoporosis\52.JPEG,dataset4,osteoporosis,data\raw\dataset2\osteoporosis\osteoporosis\52.JPEG,d25c1a62bdcad1cd1315ccb3af54d2d28565629370f281690e4ba68eaaa9484b
data\raw\dataset4\normal\normal\52.jpg,dataset4,normal,data\raw\dataset1\Osteoporosis Knee X-ray\normal\N31.jpg,ea7981416d6152ce0199cba1cb09f20541dd43196fda4337746f309d82f07680
data\raw\dataset4\normal\normal\53.jpg,dataset4,normal,data\raw\dataset1\Osteoporosis Knee X-ray\normal\N28.jpg,8f14213133352c984e3aaa97ce6bf7e78253363ba8fb38fedbdd9fcac316e2fa
data\raw\dataset4\normal\normal\53n.jpg,dataset4,normal,data\raw\dataset2\osteoporosis\normal\53n.jpg,ede0d5af0c848d1ebea12e088cbee14e2e27d25ec81a80b1da7e9975561beb95
data\raw\dataset4\normal\normal\54.jpg,dataset4,normal,data\raw\dataset1\Osteoporosis Knee X-ray\normal\N33.jpg,28880e698995c636c99601d839e308609b75f54b6d2c46f72ccab99a326ac440
data\raw\dataset4\osteoporosis\osteoporosis\54.png,dataset4,osteoporosis,data\raw\dataset2\osteoporosis\osteoporosis\54.png,d1253088e0b10328feaaac8f0a152eb3ecaa2c26d9f92b470c4f10d20cd96f7d
data\raw\dataset4\osteoporosis\osteoporosis\55.JPEG,dataset4,osteoporosis,data\raw\dataset2\osteoporosis\osteoporosis\55.JPEG,61baeb3841cc1c8dffdd1357f342c2152645cbc1abf3e14050d83b74b78f5d2a
data\raw\dataset4\normal\normal\55.jpg,dataset4,normal,data\raw\dataset1\Osteoporosis Knee X-ray\normal\N34.jpg,51140763e205ca9f2b41838445d8a0eeacfa410f311a78efe4f3218561e90e74
data\raw\dataset4\normal\normal\56.jpg,dataset4,normal,data\raw\dataset1\Osteoporosis Knee X-ray\normal\N35.jpg,8ec4f55e043e7a4ced66d62682a0e6f14411d4ca8d0f9958924aef343cf92f36
data\raw\dataset4\normal\normal\56n.jpg,dataset4,normal,data\raw\dataset2\osteoporosis\normal\56n.jpg,1cd8d3c43c7fd39746e68b672c6eec4ed4b6b4d413d4aadcd330acc377f7a15c
data\raw\dataset4\normal\normal\57.jpg,dataset4,normal,data\raw\dataset1\Osteoporosis Knee X-ray\normal\N36.jpg,6f7e319420fde9d35379938255cb2e7297e34c82ffff734e5b9e5baf012552a9
data\raw\dataset4\normal\normal\57n.png,dataset4,normal,data\raw\dataset2\osteoporosis\normal\57n.png,f4993d96e22f49c7653578b4bba82ce31d8346fdb8b724fa66e287a0c92b1a3b
data\raw\dataset4\osteoporosis\osteoporosis\58.JPEG,dataset4,osteoporosis,data\raw\dataset2\osteoporosis\osteoporosis\58.JPEG,296417f82b45e2e3d361119e93e46a06298e712ebe5d9d14c7b35b96f2485ca6
data\raw\dataset4\normal\normal\59.jpg,dataset4,normal,data\raw\dataset2\osteoporosis\normal\59.jpg,554bf255476837eb423573b08c93969c77a5610360885f74022d96350ef3974b
data\raw\dataset4\normal\normal\6.png,dataset4,normal,data\raw\dataset2\osteoporosis\normal\6.png,67e343d0290916726501ca8fa97972b768b7439859077b77713c940678851deb
data\raw\dataset4\osteoporosis\osteoporosis\6.png,dataset4,osteoporosis,data\raw\dataset2\osteoporosis\osteoporosis\6.png,77d73b5b1d8efc6dc3577d5994f538e11ff6757fcbff05a1c0405648a0f9c631
data\raw\dataset4\osteoporosis\osteoporosis\60.png,dataset4,osteoporosis,data\raw\dataset2\osteoporosis\osteoporosis\60.png,0e7a9ef3c46afaf29d9a3c176a8502a36610e1ff477e5d915634b07dacb2c8c3
data\raw\dataset4\osteoporosis\osteoporosis\61.JPEG,dataset4,osteoporosis,data\raw\dataset2\osteoporosis\osteoporosis\61.JPEG,282a15df243740b6a0952927ecc34427429aa7f125b8a315aa16bba10e67811f
data\raw\dataset4\normal\normal\62.jpg,dataset4,normal,data\raw\dataset2\osteoporosis\normal\62.jpg,2a72cc3f5d90e55ded6a2715ce480dd7082a5bc87f690a5be4d9a21b1306bcc0
data\raw\dataset4\osteoporosis\osteoporosis\63.png,dataset4,osteoporosis,data\raw\dataset2\osteoporosis\osteoporosis\63.png,1a82cd04590ac2b948fd1e9e5e472c3a8e0cd7d004bf71c19c8fc3ea5a68e565
data\raw\dataset4\normal\normal\64n.JPEG,dataset4,normal,data\raw\dataset2\osteoporosis\normal\64n.JPEG,4cae2baa6b28534b84ba819a36c1454b97d2d35ab533bb72ed1d146113a9e572
data\raw\dataset4\normal\normal\65.jpg,dataset4,normal,data\raw\dataset2\osteoporosis\normal\65.jpg,105c30f8763c33f90ba004bc345fc9993001ef37c265dcb92db03700011d23e9
data\raw\dataset4\osteoporosis\osteoporosis\66.png,dataset4,osteoporosis,data\raw\dataset2\osteoporosis\osteoporosis\66.png,f44484152670d9b712dd9d5da1c64a834ae6438d8846edc17f9bb3a320d5dd26
data\raw\dataset4\osteoporosis\osteoporosis\67.JPEG,dataset4,osteoporosis,data\raw\dataset2\osteoporosis\osteoporosis\67.JPEG,a463ee420def599e742a662623e70d13adc188bcddd479048e7c483e52fcbfa3
data\raw\dataset4\normal\normal\68.jpg,dataset4,normal,data\raw\dataset2\osteoporosis\normal\68.jpg,2bdae1086dc66732645938702f9ef5d7d815567e380d1b77d057b3805a89471c
data\raw\dataset4\normal\normal\69.png,dataset4,normal,data\raw\dataset2\osteoporosis\normal\69.png,ab170d5a7a09da98523c365bf3f701b23ed3d68e6a62035bb92641100c9c5260
data\raw\dataset4\normal\normal\7.jpg,dataset4,normal,data\raw\dataset2\osteoporosis\normal\7.jpg,561dfe7622e4af17360f34885d7c6510e3445311cb564939b1db00e1ce794ef0
data\raw\dataset4\osteoporosis\osteoporosis\7.png,dataset4,osteoporosis,data\raw\dataset2\osteoporosis\osteoporosis\7.png,e6801fd2a889c7cb01b917655e28018fbf2c0007229f0245f760615154aebd11
data\raw\dataset4\normal\normal\70n.JPEG,dataset4,normal,data\raw\dataset2\osteoporosis\normal\70n.JPEG,c760a9293d512f8cd7755c69a90d7d595fa0e6e4efbdb284008f5d2e27622ad4
data\raw\dataset4\normal\normal\71.jpg,dataset4,normal,data\raw\dataset2\osteoporosis\normal\71.jpg,349f7cb0659f37b2c6b878239f11980cad899ccadd91016162640340ca0fae31
data\raw\dataset4\osteoporosis\osteoporosis\72.png,dataset4,osteoporosis,data\raw\dataset2\osteoporosis\osteoporosis\72.png,bcbe0e0289bddaab8b4e1c22d1a859fc10512f959cb0674770275133b37fca55
data\raw\dataset4\osteoporosis\osteoporosis\73.JPEG,dataset4,osteoporosis,data\raw\dataset2\osteoporosis\osteoporosis\73.JPEG,b4fdbd93d482ce53290381c159b3275354570d9ae549eddfa51f12fe5b12b65c
data\raw\dataset4\normal\normal\74.jpg,dataset4,normal,data\raw\dataset2\osteoporosis\normal\74.jpg,4247d6bde3180bdc82323fc88eef178b47cc7d56efa9e5e6c53c1c8b20bdc288
data\raw\dataset4\osteoporosis\osteoporosis\76.JPEG,dataset4,osteoporosis,data\raw\dataset2\osteoporosis\osteoporosis\76.JPEG,0a6a0e18ee7fb1fbbc9c5dbeb094df884373f4d527ac70f2c3bdb8fcb6099b77
data\raw\dataset4\normal\normal\77.jpg,dataset4,normal,data\raw\dataset2\osteoporosis\normal\77.jpg,3dde27f9757ba958b52f25fb09ff6ae08ab5bb16564efa4fda5f885abd0aceea
data\raw\dataset4\osteoporosis\osteoporosis\78.png,dataset4,osteoporosis,data\raw\dataset2\osteoporosis\osteoporosis\78.png,157ebdef34cae2a03566571ce5e97c5ffaf5e936d82c0a1cb651654b2d1262bc
data\raw\dataset4\osteoporosis\osteoporosis\79.JPEG,dataset4,osteoporosis,data\raw\dataset2\osteoporosis\osteoporosis\79.JPEG,62b0d11d8e644089ee15816e46a27b5414c02799439707aa9610f05736af394b
data\raw\dataset4\normal\normal\7nn.png,dataset4,normal,data\raw\dataset2\osteoporosis\osteoporosis\7.png,e6801fd2a889c7cb01b917655e28018fbf2c0007229f0245f760615154aebd11
data\raw\dataset4\osteoporosis\osteoporosis\8.JPEG,dataset4,osteoporosis,data\raw\dataset2\osteoporosis\osteoporosis\8.JPEG,8f74f537fee74ff66f9fc7dc72de539b649f1814b2ebff432522e39faa2b8a52
data\raw\dataset4\normal\normal\80.jpg,dataset4,normal,data\raw\dataset2\osteoporosis\normal\80.jpg,2a17c8210aa553f34ee129f0b79fbe7c08b7ffc7ccff60f8c493fec6e240a540
data\raw\dataset4\osteoporosis\osteoporosis\81.png,dataset4,osteoporosis,data\raw\dataset2\osteoporosis\osteoporosis\81.png,08255f7f30247e06b931e53d96acbfe611e7c3dcb7a92776842ce6a1ceaad206
data\raw\dataset4\osteoporosis\osteoporosis\82.JPEG,dataset4,osteoporosis,data\raw\dataset2\osteoporosis\osteoporosis\82.JPEG,820f852c67452ee65adbdd6d90b7413cf6f3865be189fb7d34fb57dc12b9e137
data\raw\dataset4\normal\normal\83.jpg,dataset4,normal,data\raw\dataset2\osteoporosis\normal\83.jpg,1d81fcbe644609a6c71937dcd84243f6515766d7c58e49a6a7dbe4e0be257c7d
data\raw\dataset4\osteoporosis\osteoporosis\84.png,dataset4,osteoporosis,data\raw\dataset2\osteoporosis\osteoporosis\84.png,acf9fb6b0386f500ea2a37d67e07b49f228be1897467151b81ac8a0c4ba00ad4
data\raw\dataset4\osteoporosis\osteoporosis\85.JPEG,dataset4,osteoporosis,data\raw\dataset2\osteoporosis\osteoporosis\85.JPEG,2c2b3026fcde070049c9bb7fee2275c7334f9c9cc0a5e4af37d1bbdbc75b605e
data\raw\dataset4\normal\normal\86.jpg,dataset4,normal,data\raw\dataset2\osteoporosis\normal\86.jpg,a028eda4f74c3d0b63cf0074c12c151556b1f23c246fb4d5ce481678c5dc39cd
data\raw\dataset4\normal\normal\87.png,dataset4,normal,data\raw\dataset2\osteoporosis\normal\87.png,5b6ce75c4e3caa7b51e500bf851306ea2610781547021b9e2467b57b9f72ad03
data\raw\dataset4\osteoporosis\osteoporosis\88.JPEG,dataset4,osteoporosis,data\raw\dataset2\osteoporosis\osteoporosis\88.JPEG,813b041ddde56186d96a11c21640b2c912977d8b23d5f5467a6526ca9fd06d35
data\raw\dataset4\normal\normal\89.jpg,dataset4,normal,data\raw\dataset2\osteoporosis\normal\89.jpg,927c1c41194f65e3a9de26686b7583ed885d0ae78124199b04c990d740219b38
data\raw\dataset4\normal\normal\9.png,dataset4,normal,data\raw\dataset2\osteoporosis\normal\9.png,dd764afae767945b80591ed22e0f90738c2c084654ba0c1c1790600a60fa4f22
data\raw\dataset4\osteoporosis\osteoporosis\9.png,dataset4,osteoporosis,data\raw\dataset2\osteoporosis\osteoporosis\9.png,c8cdda53f4069c910db3ccca26cd66eb4826bbffca039e0a7dd5bbbdce0aa2f8
data\raw\dataset4\osteoporosis\osteoporosis\90.png,dataset4,osteoporosis,data\raw\dataset2\osteoporosis\osteoporosis\90.png,8e90b081c341f2643ea4caab747ed7f500b3fd7b343ea8ab95c85a2257e4539a
data\raw\dataset4\normal\normal\91n.JPEG,dataset4,normal,data\raw\dataset2\osteoporosis\normal\91n.JPEG,42b70f6de61c605eee818b4c815086ff9992a72d90c3032889518f1a117270e5
data\raw\dataset4\normal\normal\92.jpg,dataset4,normal,data\raw\dataset2\osteoporosis\normal\92.jpg,d45b5aab6316fbf8cf104bfaab72530228d4b87fb8163682c86ce273115761ac
data\raw\dataset4\osteoporosis\osteoporosis\93.png,dataset4,osteoporosis,data\raw\dataset2\osteoporosis\osteoporosis\93.png,853410ae13ed3259346a20401e5b0d1dc004285426e75e28aeced8b75b1431a1
data\raw\dataset4\osteoporosis\osteoporosis\94.JPEG,dataset4,osteoporosis,data\raw\dataset2\osteoporosis\osteoporosis\94.JPEG,42ba53ced59d58b28b9a5f4908649c6b979b6aadf351df93760cb27da2e53cbe
data\raw\dataset4\normal\normal\95.jpg,dataset4,normal,data\raw\dataset2\osteoporosis\normal\95.jpg,e53b7811e7cfa1927ba2a5b1041d4d717b96909eb55be1a1a3c2acccd8347b81
data\raw\dataset4\normal\normal\96.png,dataset4,normal,data\raw\dataset2\osteoporosis\normal\96.png,96a104e14670c47bb83e4bd3aeac1beb15423be39d6b2228f7b9110e075d1f37
data\raw\dataset4\osteoporosis\osteoporosis\97.JPEG,dataset4,osteoporosis,data\raw\dataset2\osteoporosis\osteoporosis\97.JPEG,6df0dbcf16989aa8840791612d1fcd42fba3805bb1fd1f6fd559898841ecc18b
data\raw\dataset4\normal\normal\98n.jpg,dataset4,normal,data\raw\dataset2\osteoporosis\normal\98n.jpg,229e3a25474045b8456bbc94c86590ccd6bb44eeada4562eea09b6313f556046
data\raw\dataset4\osteoporosis\osteoporosis\99.png,dataset4,osteoporosis,data\raw\dataset2\osteoporosis\osteoporosis\99.png,97e335e8c4b3b58e79ab7a47161e0dfb2c7e7971052e389cbd21ac52cd636028
data\raw\dataset4\normal\normal\n19.jpg,dataset4,normal,data\raw\dataset1\Osteoporosis Knee X-ray\osteopenia\OP102.jpg,1493de60135f80c0bbdc19155615a346b573e99c98d943f60af6c452c47a042c
data\raw\dataset4\normal\normal\n5.jpg,dataset4,normal,data\raw\dataset2\osteoporosis\normal\n5.jpg,fd962fc9a3fac9cf91c3c02b3f83aef7910c5f5abf8e17638face70bcab0bcb7
