i,j,hamming,corr,same_class,cls_i,cls_j,file_i,file_j,src_i,src_j
1,20,5,0.8725074377279836,True,normal,normal,N10.JPEG,N3.JPEG,dataset1,dataset1
1,30,0,0.9383936801258508,True,normal,normal,N10.JPEG,N7.JPEG,dataset1,dataset1
1,36,6,0.5182192533695017,False,normal,osteoporosis,N10.JPEG,OS12.jpg,dataset1,dataset1
2,3,3,0.8006786817174467,True,normal,normal,N11.JPEG,N12.JPEG,dataset1,dataset1
2,32,5,0.750452438465175,True,normal,normal,N11.JPEG,N9.JPEG,dataset1,dataset1
3,3,0,0.9999999999999998,True,normal,normal,N12.JPEG,N12.JPEG,dataset1,dataset1
3,32,6,0.8077500820191651,True,normal,normal,N12.JPEG,N9.JPEG,dataset1,dataset1
5,5,0,1.0,True,normal,normal,N14.jpg,N14.jpg,dataset1,dataset1
5,6,1,0.8439931513622123,True,normal,normal,N14.jpg,N15.jpg,dataset1,dataset1
5,8,1,0.7634740747844954,True,normal,normal,N14.jpg,N17.jpg,dataset1,dataset1
5,10,1,0.7375005239799872,True,normal,normal,N14.jpg,N19.jpg,dataset1,dataset1
5,12,4,0.8404772001614719,True,normal,normal,N14.jpg,N20.jpg,dataset1,dataset1
5,27,4,0.7354548976142109,True,normal,normal,N14.jpg,N4.JPEG,dataset1,dataset1
5,28,6,0.7066721607367461,True,normal,normal,N14.jpg,N5.JPEG,dataset1,dataset1
5,31,5,0.7194590150429095,True,normal,normal,N14.jpg,N8.JPEG,dataset1,dataset1
5,37,1,0.7627132261793621,False,normal,osteoporosis,N14.jpg,OS13.jpg,dataset1,dataset1
5,38,6,0.775344831252927,False,normal,osteoporosis,N14.jpg,OS14.jpg,dataset1,dataset1
5,40,2,0.8779581186792089,False,normal,osteoporosis,N14.jpg,OS16.jpg,dataset1,dataset1
5,41,3,0.8122982023982988,False,normal,osteoporosis,N14.jpg,OS17.jpg,dataset1,dataset1
5,42,1,0.8966413901562945,False,normal,osteoporosis,N14.jpg,OS18.jpg,dataset1,dataset1
5,43,2,0.8207132254331022,False,normal,osteoporosis,N14.jpg,OS19.jpg,dataset1,dataset1
5,47,2,0.7763021450170339,False,normal,osteoporosis,N14.jpg,OS22.jpg,dataset1,dataset1
5,70,3,0.6742082808584229,False,normal,osteoporosis,N14.jpg,OS46.jpg,dataset1,dataset1
6,6,0,1.0000000000000002,True,normal,normal,N15.jpg,N15.jpg,dataset1,dataset1
6,8,0,0.7765674255566192,True,normal,normal,N15.jpg,N17.jpg,dataset1,dataset1
6,10,0,0.7454798447122707,True,normal,normal,N15.jpg,N19.jpg,dataset1,dataset1
6,12,5,0.8470124654990624,True,normal,normal,N15.jpg,N20.jpg,dataset1,dataset1
6,27,3,0.7218157592153323,True,normal,normal,N15.jpg,N4.JPEG,dataset1,dataset1
6,31,4,0.6915819611863825,True,normal,normal,N15.jpg,N8.JPEG,dataset1,dataset1
6,37,0,0.824480480244525,False,normal,osteoporosis,N15.jpg,OS13.jpg,dataset1,dataset1
6,38,5,0.8692225695995985,False,normal,osteoporosis,N15.jpg,OS14.jpg,dataset1,dataset1
6,39,6,0.7823319991947182,False,normal,osteoporosis,N15.jpg,OS15.jpg,dataset1,dataset1
6,40,1,0.8453339873568015,False,normal,osteoporosis,N15.jpg,OS16.jpg,dataset1,dataset1
6,41,2,0.847093988020256,False,normal,osteoporosis,N15.jpg,OS17.jpg,dataset1,dataset1
6,42,2,0.8002011452928884,False,normal,osteoporosis,N15.jpg,OS18.jpg,dataset1,dataset1
6,43,1,0.8985855847564899,False,normal,osteoporosis,N15.jpg,OS19.jpg,dataset1,dataset1
6,47,1,0.7502750793681029,False,normal,osteoporosis,N15.jpg,OS22.jpg,dataset1,dataset1
6,70,2,0.661549002747321,False,normal,osteoporosis,N15.jpg,OS46.jpg,dataset1,dataset1
7,28,6,0.6458828798837175,True,normal,normal,N16.jpg,N5.JPEG,dataset1,dataset1
8,8,0,1.0000000000000002,True,normal,normal,N17.jpg,N17.jpg,dataset1,dataset1
8,10,0,0.8400234527539387,True,normal,normal,N17.jpg,N19.jpg,dataset1,dataset1
8,12,5,0.6651436450278054,True,normal,normal,N17.jpg,N20.jpg,dataset1,dataset1
8,27,3,0.5911442826279623,True,normal,normal,N17.jpg,N4.JPEG,dataset1,dataset1
8,31,4,0.6697149751153751,True,normal,normal,N17.jpg,N8.JPEG,dataset1,dataset1
8,37,0,0.8920539972394208,False,normal,osteoporosis,N17.jpg,OS13.jpg,dataset1,dataset1
8,38,5,0.8473145158841802,False,normal,osteoporosis,N17.jpg,OS14.jpg,dataset1,dataset1
8,39,6,0.7038769966542091,False,normal,osteoporosis,N17.jpg,OS15.jpg,dataset1,dataset1
8,40,1,0.7488249588221884,False,normal,osteoporosis,N17.jpg,OS16.jpg,dataset1,dataset1
8,41,2,0.6840470622863986,False,normal,osteoporosis,N17.jpg,OS17.jpg,dataset1,dataset1
8,42,2,0.7417447527564107,False,normal,osteoporosis,N17.jpg,OS18.jpg,dataset1,dataset1
8,43,1,0.717394016933848,False,normal,osteoporosis,N17.jpg,OS19.jpg,dataset1,dataset1
8,47,1,0.8785649554518835,False,normal,osteoporosis,N17.jpg,OS22.jpg,dataset1,dataset1
8,70,2,0.7752652649576636,False,normal,osteoporosis,N17.jpg,OS46.jpg,dataset1,dataset1
9,9,0,0.9999999999999998,True,normal,normal,N18.jpg,N18.jpg,dataset1,dataset1
9,474,3,0.9989925144397009,True,normal,normal,N18.jpg,Normal_50.jpg,dataset1,dataset2
10,10,0,1.0,True,normal,normal,N19.jpg,N19.jpg,dataset1,dataset1
10,12,5,0.5926515498242078,True,normal,normal,N19.jpg,N20.jpg,dataset1,dataset1
10,27,3,0.6308504602938825,True,normal,normal,N19.jpg,N4.JPEG,dataset1,dataset1
10,31,4,0.7547376877710622,True,normal,normal,N19.jpg,N8.JPEG,dataset1,dataset1
10,37,0,0.8136279049026633,False,normal,osteoporosis,N19.jpg,OS13.jpg,dataset1,dataset1
10,38,5,0.7122768654007083,False,normal,osteoporosis,N19.jpg,OS14.jpg,dataset1,dataset1
10,39,6,0.5990569791742019,False,normal,osteoporosis,N19.jpg,OS15.jpg,dataset1,dataset1
10,40,1,0.6809235569855976,False,normal,osteoporosis,N19.jpg,OS16.jpg,dataset1,dataset1
10,41,2,0.622347248594391,False,normal,osteoporosis,N19.jpg,OS17.jpg,dataset1,dataset1
10,42,2,0.7311025574259257,False,normal,osteoporosis,N19.jpg,OS18.jpg,dataset1,dataset1
10,43,1,0.7045070651222713,False,normal,osteoporosis,N19.jpg,OS19.jpg,dataset1,dataset1
10,47,1,0.8451881385438645,False,normal,osteoporosis,N19.jpg,OS22.jpg,dataset1,dataset1
10,70,2,0.8244761836179925,False,normal,osteoporosis,N19.jpg,OS46.jpg,dataset1,dataset1
11,446,1,0.9997644849295108,True,normal,normal,N2.JPEG,Normal_24.jpg,dataset1,dataset2
12,37,5,0.7065693039101834,False,normal,osteoporosis,N20.jpg,OS13.jpg,dataset1,dataset1
12,39,5,0.8046449982942303,False,normal,osteoporosis,N20.jpg,OS15.jpg,dataset1,dataset1
12,40,6,0.8466057000925546,False,normal,osteoporosis,N20.jpg,OS16.jpg,dataset1,dataset1
12,41,3,0.8757326010119699,False,normal,osteoporosis,N20.jpg,OS17.jpg,dataset1,dataset1
12,42,5,0.77992003421742,False,normal,osteoporosis,N20.jpg,OS18.jpg,dataset1,dataset1
12,43,4,0.8655600377922079,False,normal,osteoporosis,N20.jpg,OS19.jpg,dataset1,dataset1
12,47,6,0.6431807561331826,False,normal,osteoporosis,N20.jpg,OS22.jpg,dataset1,dataset1
13,480,1,0.999784733086764,True,normal,normal,N22.jpg,Normal_56.jpg,dataset1,dataset2
15,17,5,0.8347931238179025,True,normal,normal,N24.jpg,N26.jpg,dataset1,dataset1
15,19,2,0.9072796224039942,True,normal,normal,N24.jpg,N29.jpg,dataset1,dataset1
15,25,2,0.9311468523538937,True,normal,normal,N24.jpg,N35.jpg,dataset1,dataset1
15,48,4,0.8669137699946261,False,normal,osteoporosis,N24.jpg,OS23.jpg,dataset1,dataset1
15,51,1,0.9483215755188246,False,normal,osteoporosis,N24.jpg,OS27.jpg,dataset1,dataset1
15,55,2,0.939304922540853,False,normal,osteoporosis,N24.jpg,OS30.jpg,dataset1,dataset1
15,57,1,0.8775254177172163,False,normal,osteoporosis,N24.jpg,OS33.jpg,dataset1,dataset1
15,58,5,0.7921871436016639,False,normal,osteoporosis,N24.jpg,OS34.jpg,dataset1,dataset1
15,60,6,0.9250443780037004,False,normal,osteoporosis,N24.jpg,OS36.jpg,dataset1,dataset1
15,67,2,0.9247888423752956,False,normal,osteoporosis,N24.jpg,OS43.jpg,dataset1,dataset1
15,68,5,0.8831362200120156,False,normal,osteoporosis,N24.jpg,OS44.jpg,dataset1,dataset1
15,69,2,0.9408545046074412,False,normal,osteoporosis,N24.jpg,OS45.jpg,dataset1,dataset1
15,71,2,0.9578962652661509,False,normal,osteoporosis,N24.jpg,OS47.jpg,dataset1,dataset1
15,411,3,0.908930960154344,True,normal,normal,N24.jpg,Normal_160.jpg,dataset1,dataset2
15,437,1,0.8781360309526804,True,normal,normal,N24.jpg,Normal_184.jpg,dataset1,dataset2
15,439,1,0.920655732508726,True,normal,normal,N24.jpg,Normal_186.jpg,dataset1,dataset2
15,483,0,0.9998042636688671,True,normal,normal,N24.jpg,Normal_59.jpg,dataset1,dataset2
15,486,5,0.8359364614040012,True,normal,normal,N24.jpg,Normal_61.jpg,dataset1,dataset2
15,489,2,0.9058793423470173,True,normal,normal,N24.jpg,Normal_65.jpg,dataset1,dataset2
15,497,2,0.929037427243435,True,normal,normal,N24.jpg,Normal_73.jpg,dataset1,dataset2
15,539,1,0.9429376077686831,False,normal,osteoporosis,N24.jpg,Osteoporosis_110.jpg,dataset1,dataset2
15,541,4,0.9179164522699483,False,normal,osteoporosis,N24.jpg,Osteoporosis_112.jpg,dataset1,dataset2
15,555,3,0.9547686440595813,False,normal,osteoporosis,N24.jpg,Osteoporosis_125.jpg,dataset1,dataset2
15,562,1,0.9627878154516827,False,normal,osteoporosis,N24.jpg,Osteoporosis_131.jpg,dataset1,dataset2
15,565,1,0.9228807228797649,False,normal,osteoporosis,N24.jpg,Osteoporosis_134.jpg,dataset1,dataset2
15,567,6,0.9096108864948447,False,normal,osteoporosis,N24.jpg,Osteoporosis_136.jpg,dataset1,dataset2
15,568,2,0.9137636572295269,False,normal,osteoporosis,N24.jpg,Osteoporosis_137.jpg,dataset1,dataset2
15,569,1,0.9695569532788432,False,normal,osteoporosis,N24.jpg,Osteoporosis_138.jpg,dataset1,dataset2
15,599,3,0.864408847166487,False,normal,osteoporosis,N24.jpg,Osteoporosis_166.jpg,dataset1,dataset2
15,601,1,0.9482388184020616,False,normal,osteoporosis,N24.jpg,Osteoporosis_168.jpg,dataset1,dataset2
15,602,4,0.9227137496030331,False,normal,osteoporosis,N24.jpg,Osteoporosis_169.jpg,dataset1,dataset2
15,604,1,0.9381425209694223,False,normal,osteoporosis,N24.jpg,Osteoporosis_170.jpg,dataset1,dataset2
15,605,5,0.9431899495538998,False,normal,osteoporosis,N24.jpg,Osteoporosis_171.jpg,dataset1,dataset2
15,606,5,0.7912527108301027,False,normal,osteoporosis,N24.jpg,Osteoporosis_173.jpg,dataset1,dataset2
15,613,2,0.9249240619465623,False,normal,osteoporosis,N24.jpg,Osteoporosis_180.jpg,dataset1,dataset2
15,614,4,0.8832561601227037,False,normal,osteoporosis,N24.jpg,Osteoporosis_181.jpg,dataset1,dataset2
15,615,2,0.940174653875255,False,normal,osteoporosis,N24.jpg,Osteoporosis_182.jpg,dataset1,dataset2
15,617,3,0.9572609732097452,False,normal,osteoporosis,N24.jpg,Osteoporosis_184.jpg,dataset1,dataset2
15,682,4,0.8381457104486498,False,normal,osteoporosis,N24.jpg,Osteoporosis_80.jpg,dataset1,dataset2
15,686,1,0.918001003880544,False,normal,osteoporosis,N24.jpg,Osteoporosis_84.jpg,dataset1,dataset2
15,687,2,0.9427134700261445,False,normal,osteoporosis,N24.jpg,Osteoporosis_85.jpg,dataset1,dataset2
15,689,2,0.9228149301523216,False,normal,osteoporosis,N24.jpg,Osteoporosis_87.jpg,dataset1,dataset2
15,695,3,0.9371678243949635,False,normal,osteoporosis,N24.jpg,Osteoporosis_95.jpg,dataset1,dataset2
15,697,1,0.939632092011921,False,normal,osteoporosis,N24.jpg,Osteoporosis_98.jpg,dataset1,dataset2
15,698,4,0.9586698805445765,False,normal,osteoporosis,N24.jpg,Osteoporosis_99.jpg,dataset1,dataset2
16,23,2,0.9635606368647289,True,normal,normal,N25.jpg,N33.jpg,dataset1,dataset1
16,26,1,0.9734572491600408,True,normal,normal,N25.jpg,N36.jpg,dataset1,dataset1
16,48,2,0.944272382756959,False,normal,osteoporosis,N25.jpg,OS23.jpg,dataset1,dataset1
16,408,1,0.970637954285823,True,normal,normal,N25.jpg,Normal_158.jpg,dataset1,dataset2
16,485,0,0.9998149039884436,True,normal,normal,N25.jpg,Normal_60.jpg,dataset1,dataset2
16,495,4,0.9616848717843061,True,normal,normal,N25.jpg,Normal_71.jpg,dataset1,dataset2
16,499,1,0.9738217694929867,True,normal,normal,N25.jpg,Normal_75.jpg,dataset1,dataset2
16,533,1,0.9808274611379979,False,normal,osteoporosis,N25.jpg,Osteoporosis_105.jpg,dataset1,dataset2
16,541,2,0.9527766763012936,False,normal,osteoporosis,N25.jpg,Osteoporosis_112.jpg,dataset1,dataset2
16,552,0,0.9554394581724259,False,normal,osteoporosis,N25.jpg,Osteoporosis_122.jpg,dataset1,dataset2
16,557,2,0.9757814921707997,False,normal,osteoporosis,N25.jpg,Osteoporosis_127.jpg,dataset1,dataset2
16,694,1,0.9629076545680607,False,normal,osteoporosis,N25.jpg,Osteoporosis_94.jpg,dataset1,dataset2
17,19,5,0.687963733172281,True,normal,normal,N26.jpg,N29.jpg,dataset1,dataset1
17,24,5,0.9630197425432625,True,normal,normal,N26.jpg,N34.jpg,dataset1,dataset1
17,25,5,0.7844771319030384,True,normal,normal,N26.jpg,N35.jpg,dataset1,dataset1
17,51,4,0.8997369332027072,False,normal,osteoporosis,N26.jpg,OS27.jpg,dataset1,dataset1
17,55,5,0.7317769442154118,False,normal,osteoporosis,N26.jpg,OS30.jpg,dataset1,dataset1
17,57,4,0.9542351750287961,False,normal,osteoporosis,N26.jpg,OS33.jpg,dataset1,dataset1
17,68,2,0.9606422100187291,False,normal,osteoporosis,N26.jpg,OS44.jpg,dataset1,dataset1
17,69,5,0.8917477159034299,False,normal,osteoporosis,N26.jpg,OS45.jpg,dataset1,dataset1
17,411,4,0.865057930950099,True,normal,normal,N26.jpg,Normal_160.jpg,dataset1,dataset2
17,437,4,0.9523064941836941,True,normal,normal,N26.jpg,Normal_184.jpg,dataset1,dataset2
17,439,4,0.9149170578962125,True,normal,normal,N26.jpg,Normal_186.jpg,dataset1,dataset2
17,483,5,0.8315757138265797,True,normal,normal,N26.jpg,Normal_59.jpg,dataset1,dataset2
17,486,0,0.9998081245741849,True,normal,normal,N26.jpg,Normal_61.jpg,dataset1,dataset2
17,489,5,0.6843965297077157,True,normal,normal,N26.jpg,Normal_65.jpg,dataset1,dataset2
17,496,4,0.9620759906281215,True,normal,normal,N26.jpg,Normal_72.jpg,dataset1,dataset2
17,497,5,0.7805496898929003,True,normal,normal,N26.jpg,Normal_73.jpg,dataset1,dataset2
17,539,4,0.8563368214901232,False,normal,osteoporosis,N26.jpg,Osteoporosis_110.jpg,dataset1,dataset2
17,544,6,0.9771719387171811,False,normal,osteoporosis,N26.jpg,Osteoporosis_115.jpg,dataset1,dataset2
17,555,6,0.8928305115430323,False,normal,osteoporosis,N26.jpg,Osteoporosis_125.jpg,dataset1,dataset2
17,562,4,0.8686681627070487,False,normal,osteoporosis,N26.jpg,Osteoporosis_131.jpg,dataset1,dataset2
17,565,4,0.882677436730169,False,normal,osteoporosis,N26.jpg,Osteoporosis_134.jpg,dataset1,dataset2
17,569,6,0.8044631670058017,False,normal,osteoporosis,N26.jpg,Osteoporosis_138.jpg,dataset1,dataset2
17,601,4,0.8969916253459596,False,normal,osteoporosis,N26.jpg,Osteoporosis_168.jpg,dataset1,dataset2
17,604,6,0.7290775551330605,False,normal,osteoporosis,N26.jpg,Osteoporosis_170.jpg,dataset1,dataset2
17,605,6,0.8689940798310507,False,normal,osteoporosis,N26.jpg,Osteoporosis_171.jpg,dataset1,dataset2
17,614,1,0.9599571687640415,False,normal,osteoporosis,N26.jpg,Osteoporosis_181.jpg,dataset1,dataset2
17,615,5,0.8882273473255701,False,normal,osteoporosis,N26.jpg,Osteoporosis_182.jpg,dataset1,dataset2
17,682,1,0.9675023307234478,False,normal,osteoporosis,N26.jpg,Osteoporosis_80.jpg,dataset1,dataset2
17,686,4,0.9193030406248102,False,normal,osteoporosis,N26.jpg,Osteoporosis_84.jpg,dataset1,dataset2
17,687,5,0.8409131169837226,False,normal,osteoporosis,N26.jpg,Osteoporosis_85.jpg,dataset1,dataset2
17,689,5,0.7355356182914957,False,normal,osteoporosis,N26.jpg,Osteoporosis_87.jpg,dataset1,dataset2
17,695,6,0.8922926681861629,False,normal,osteoporosis,N26.jpg,Osteoporosis_95.jpg,dataset1,dataset2
17,697,6,0.8059744621533074,False,normal,osteoporosis,N26.jpg,Osteoporosis_98.jpg,dataset1,dataset2
18,488,1,0.9996813196873974,True,normal,normal,N28.jpg,Normal_64.jpg,dataset1,dataset2
19,25,0,0.8827087048343056,True,normal,normal,N29.jpg,N35.jpg,dataset1,dataset1
19,48,4,0.9153117680516596,False,normal,osteoporosis,N29.jpg,OS23.jpg,dataset1,dataset1
19,51,1,0.8523302732511506,False,normal,osteoporosis,N29.jpg,OS27.jpg,dataset1,dataset1
19,55,0,0.9274371958134171,False,normal,osteoporosis,N29.jpg,OS30.jpg,dataset1,dataset1
19,57,1,0.7337654136029743,False,normal,osteoporosis,N29.jpg,OS33.jpg,dataset1,dataset1
19,58,5,0.882792938887172,False,normal,osteoporosis,N29.jpg,OS34.jpg,dataset1,dataset1
19,67,2,0.9196119668605934,False,normal,osteoporosis,N29.jpg,OS43.jpg,dataset1,dataset1
19,68,5,0.7432336418890637,False,normal,osteoporosis,N29.jpg,OS44.jpg,dataset1,dataset1
19,69,2,0.8514451054596922,False,normal,osteoporosis,N29.jpg,OS45.jpg,dataset1,dataset1
19,71,4,0.8708724781211177,False,normal,osteoporosis,N29.jpg,OS47.jpg,dataset1,dataset1
19,411,1,0.8117928386773948,True,normal,normal,N29.jpg,Normal_160.jpg,dataset1,dataset2
19,437,1,0.7335943510620655,True,normal,normal,N29.jpg,Normal_184.jpg,dataset1,dataset2
19,439,1,0.8232119265995259,True,normal,normal,N29.jpg,Normal_186.jpg,dataset1,dataset2
19,483,2,0.9071368134331923,True,normal,normal,N29.jpg,Normal_59.jpg,dataset1,dataset2
19,486,5,0.6882080101429865,True,normal,normal,N29.jpg,Normal_61.jpg,dataset1,dataset2
19,489,0,0.9996993152651312,True,normal,normal,N29.jpg,Normal_65.jpg,dataset1,dataset2
19,497,0,0.8810861221409378,True,normal,normal,N29.jpg,Normal_73.jpg,dataset1,dataset2
19,539,1,0.876581689191093,False,normal,osteoporosis,N29.jpg,Osteoporosis_110.jpg,dataset1,dataset2
19,541,4,0.9150759586470247,False,normal,osteoporosis,N29.jpg,Osteoporosis_112.jpg,dataset1,dataset2
19,555,3,0.8566458760376983,False,normal,osteoporosis,N29.jpg,Osteoporosis_125.jpg,dataset1,dataset2
19,562,1,0.8748489017271286,False,normal,osteoporosis,N29.jpg,Osteoporosis_131.jpg,dataset1,dataset2
19,565,1,0.8108083912450275,False,normal,osteoporosis,N29.jpg,Osteoporosis_134.jpg,dataset1,dataset2
19,567,6,0.7828886718011151,False,normal,osteoporosis,N29.jpg,Osteoporosis_136.jpg,dataset1,dataset2
19,568,4,0.851171097181095,False,normal,osteoporosis,N29.jpg,Osteoporosis_137.jpg,dataset1,dataset2
19,569,3,0.9213863092282127,False,normal,osteoporosis,N29.jpg,Osteoporosis_138.jpg,dataset1,dataset2
19,599,3,0.9122439443918691,False,normal,osteoporosis,N29.jpg,Osteoporosis_166.jpg,dataset1,dataset2
19,601,1,0.8516466289092962,False,normal,osteoporosis,N29.jpg,Osteoporosis_168.jpg,dataset1,dataset2
19,602,6,0.785683401617231,False,normal,osteoporosis,N29.jpg,Osteoporosis_169.jpg,dataset1,dataset2
19,604,1,0.9264361985758743,False,normal,osteoporosis,N29.jpg,Osteoporosis_170.jpg,dataset1,dataset2
19,606,5,0.8815595332210696,False,normal,osteoporosis,N29.jpg,Osteoporosis_173.jpg,dataset1,dataset2
19,613,2,0.9195114356478782,False,normal,osteoporosis,N29.jpg,Osteoporosis_180.jpg,dataset1,dataset2
19,614,4,0.7427216253219994,False,normal,osteoporosis,N29.jpg,Osteoporosis_181.jpg,dataset1,dataset2
19,615,2,0.8509774332797945,False,normal,osteoporosis,N29.jpg,Osteoporosis_182.jpg,dataset1,dataset2
19,617,5,0.8706072377864877,False,normal,osteoporosis,N29.jpg,Osteoporosis_184.jpg,dataset1,dataset2
19,682,4,0.6888252436171768,False,normal,osteoporosis,N29.jpg,Osteoporosis_80.jpg,dataset1,dataset2
19,686,1,0.7944367768896701,False,normal,osteoporosis,N29.jpg,Osteoporosis_84.jpg,dataset1,dataset2
19,687,2,0.887769768332026,False,normal,osteoporosis,N29.jpg,Osteoporosis_85.jpg,dataset1,dataset2
19,689,0,0.8816662702737993,False,normal,osteoporosis,N29.jpg,Osteoporosis_87.jpg,dataset1,dataset2
19,695,3,0.8410428699873196,False,normal,osteoporosis,N29.jpg,Osteoporosis_95.jpg,dataset1,dataset2
19,697,1,0.9185993983294509,False,normal,osteoporosis,N29.jpg,Osteoporosis_98.jpg,dataset1,dataset2
19,698,6,0.9243238450329978,False,normal,osteoporosis,N29.jpg,Osteoporosis_99.jpg,dataset1,dataset2
20,30,5,0.9094154987306882,True,normal,normal,N3.JPEG,N7.JPEG,dataset1,dataset1
20,33,4,0.8777443569489846,False,normal,osteoporosis,N3.JPEG,OS1.JPEG,dataset1,dataset1
22,492,3,0.9997462445885057,True,normal,normal,N31.jpg,Normal_68.jpg,dataset1,dataset2
22,570,6,0.9537782608829335,False,normal,osteoporosis,N31.jpg,Osteoporosis_139.jpg,dataset1,dataset2
23,26,3,0.9369542835104571,True,normal,normal,N33.jpg,N36.jpg,dataset1,dataset1
23,48,4,0.9164253688147292,False,normal,osteoporosis,N33.jpg,OS23.jpg,dataset1,dataset1
23,408,3,0.9487495462490003,True,normal,normal,N33.jpg,Normal_158.jpg,dataset1,dataset2
23,485,2,0.9637780687565107,True,normal,normal,N33.jpg,Normal_60.jpg,dataset1,dataset2
23,495,2,0.9997602037936291,True,normal,normal,N33.jpg,Normal_71.jpg,dataset1,dataset2
23,499,3,0.9377430705672232,True,normal,normal,N33.jpg,Normal_75.jpg,dataset1,dataset2
23,533,3,0.9593756456088938,False,normal,osteoporosis,N33.jpg,Osteoporosis_105.jpg,dataset1,dataset2
23,541,4,0.9182803870249483,False,normal,osteoporosis,N33.jpg,Osteoporosis_112.jpg,dataset1,dataset2
23,552,2,0.9141037281790764,False,normal,osteoporosis,N33.jpg,Osteoporosis_122.jpg,dataset1,dataset2
23,557,4,0.9452154571546045,False,normal,osteoporosis,N33.jpg,Osteoporosis_127.jpg,dataset1,dataset2
23,694,3,0.9413259589374411,False,normal,osteoporosis,N33.jpg,Osteoporosis_94.jpg,dataset1,dataset2
24,68,5,0.9665515748317024,False,normal,osteoporosis,N34.jpg,OS44.jpg,dataset1,dataset1
24,69,6,0.9134018293409727,False,normal,osteoporosis,N34.jpg,OS45.jpg,dataset1,dataset1
24,486,5,0.963242357792673,True,normal,normal,N34.jpg,Normal_61.jpg,dataset1,dataset2
24,496,1,0.99980306627771,True,normal,normal,N34.jpg,Normal_72.jpg,dataset1,dataset2
24,544,3,0.9647571271529534,False,normal,osteoporosis,N34.jpg,Osteoporosis_115.jpg,dataset1,dataset2
24,555,5,0.9189362448625721,False,normal,osteoporosis,N34.jpg,Osteoporosis_125.jpg,dataset1,dataset2
24,614,4,0.9666775750523998,False,normal,osteoporosis,N34.jpg,Osteoporosis_181.jpg,dataset1,dataset2
24,615,6,0.9113325856644002,False,normal,osteoporosis,N34.jpg,Osteoporosis_182.jpg,dataset1,dataset2
24,682,4,0.9579400062648868,False,normal,osteoporosis,N34.jpg,Osteoporosis_80.jpg,dataset1,dataset2
24,687,6,0.8518814855628958,False,normal,osteoporosis,N34.jpg,Osteoporosis_85.jpg,dataset1,dataset2
25,48,4,0.8670539405781997,False,normal,osteoporosis,N35.jpg,OS23.jpg,dataset1,dataset1
25,51,1,0.9095291438425314,False,normal,osteoporosis,N35.jpg,OS27.jpg,dataset1,dataset1
25,55,0,0.9309104237543402,False,normal,osteoporosis,N35.jpg,OS30.jpg,dataset1,dataset1
25,57,1,0.8280342845404025,False,normal,osteoporosis,N35.jpg,OS33.jpg,dataset1,dataset1
25,58,5,0.8026644316739111,False,normal,osteoporosis,N35.jpg,OS34.jpg,dataset1,dataset1
25,67,2,0.9278888644389357,False,normal,osteoporosis,N35.jpg,OS43.jpg,dataset1,dataset1
25,68,5,0.8287225383675011,False,normal,osteoporosis,N35.jpg,OS44.jpg,dataset1,dataset1
25,69,2,0.9198602268883826,False,normal,osteoporosis,N35.jpg,OS45.jpg,dataset1,dataset1
25,71,4,0.9100484010482581,False,normal,osteoporosis,N35.jpg,OS47.jpg,dataset1,dataset1
25,411,1,0.8950195707981392,True,normal,normal,N35.jpg,Normal_160.jpg,dataset1,dataset2
25,437,1,0.8295199530592596,True,normal,normal,N35.jpg,Normal_184.jpg,dataset1,dataset2
25,439,1,0.8976758721620274,True,normal,normal,N35.jpg,Normal_186.jpg,dataset1,dataset2
25,483,2,0.9320001914177405,True,normal,normal,N35.jpg,Normal_59.jpg,dataset1,dataset2
25,486,5,0.7858588522325801,True,normal,normal,N35.jpg,Normal_61.jpg,dataset1,dataset2
25,489,0,0.8825305856936004,True,normal,normal,N35.jpg,Normal_65.jpg,dataset1,dataset2
25,497,0,0.9997902147386756,True,normal,normal,N35.jpg,Normal_73.jpg,dataset1,dataset2
25,539,1,0.9192164246452789,False,normal,osteoporosis,N35.jpg,Osteoporosis_110.jpg,dataset1,dataset2
25,541,4,0.8807579432389889,False,normal,osteoporosis,N35.jpg,Osteoporosis_112.jpg,dataset1,dataset2
25,555,3,0.9000052925506455,False,normal,osteoporosis,N35.jpg,Osteoporosis_125.jpg,dataset1,dataset2
25,562,1,0.9227119957363585,False,normal,osteoporosis,N35.jpg,Osteoporosis_131.jpg,dataset1,dataset2
25,565,1,0.9128035445266289,False,normal,osteoporosis,N35.jpg,Osteoporosis_134.jpg,dataset1,dataset2
25,567,6,0.8799571600641087,False,normal,osteoporosis,N35.jpg,Osteoporosis_136.jpg,dataset1,dataset2
25,568,4,0.8857514406227968,False,normal,osteoporosis,N35.jpg,Osteoporosis_137.jpg,dataset1,dataset2
25,569,3,0.9327856204846665,False,normal,osteoporosis,N35.jpg,Osteoporosis_138.jpg,dataset1,dataset2
25,599,3,0.8653686775754516,False,normal,osteoporosis,N35.jpg,Osteoporosis_166.jpg,dataset1,dataset2
25,601,1,0.910063958086819,False,normal,osteoporosis,N35.jpg,Osteoporosis_168.jpg,dataset1,dataset2
25,602,6,0.8692846487861096,False,normal,osteoporosis,N35.jpg,Osteoporosis_169.jpg,dataset1,dataset2
25,604,1,0.9312088989928362,False,normal,osteoporosis,N35.jpg,Osteoporosis_170.jpg,dataset1,dataset2
25,606,5,0.8030590109992943,False,normal,osteoporosis,N35.jpg,Osteoporosis_173.jpg,dataset1,dataset2
25,613,2,0.9294940512647052,False,normal,osteoporosis,N35.jpg,Osteoporosis_180.jpg,dataset1,dataset2
25,614,4,0.8297028503630763,False,normal,osteoporosis,N35.jpg,Osteoporosis_181.jpg,dataset1,dataset2
25,615,2,0.9203987051889686,False,normal,osteoporosis,N35.jpg,Osteoporosis_182.jpg,dataset1,dataset2
25,617,5,0.9107941616655033,False,normal,osteoporosis,N35.jpg,Osteoporosis_184.jpg,dataset1,dataset2
25,682,4,0.7966865647275353,False,normal,osteoporosis,N35.jpg,Osteoporosis_80.jpg,dataset1,dataset2
25,686,1,0.8853359028990868,False,normal,osteoporosis,N35.jpg,Osteoporosis_84.jpg,dataset1,dataset2
25,687,2,0.9247223944221918,False,normal,osteoporosis,N35.jpg,Osteoporosis_85.jpg,dataset1,dataset2
25,689,0,0.9028457810281288,False,normal,osteoporosis,N35.jpg,Osteoporosis_87.jpg,dataset1,dataset2
25,695,3,0.9079212646343806,False,normal,osteoporosis,N35.jpg,Osteoporosis_95.jpg,dataset1,dataset2
25,697,1,0.9098764467072926,False,normal,osteoporosis,N35.jpg,Osteoporosis_98.jpg,dataset1,dataset2
25,698,6,0.9148606245334782,False,normal,osteoporosis,N35.jpg,Osteoporosis_99.jpg,dataset1,dataset2
26,48,1,0.9469058890223022,False,normal,osteoporosis,N36.jpg,OS23.jpg,dataset1,dataset1
26,56,3,0.9064201862587488,False,normal,osteoporosis,N36.jpg,OS31.jpg,dataset1,dataset1
26,408,0,0.9616013372671093,True,normal,normal,N36.jpg,Normal_158.jpg,dataset1,dataset2
26,485,1,0.9724104957045949,True,normal,normal,N36.jpg,Normal_60.jpg,dataset1,dataset2
26,495,5,0.9343403168549825,True,normal,normal,N36.jpg,Normal_71.jpg,dataset1,dataset2
26,499,0,0.9998073267900212,True,normal,normal,N36.jpg,Normal_75.jpg,dataset1,dataset2
26,530,1,0.9643511309134482,False,normal,osteoporosis,N36.jpg,Osteoporosis_102.jpg,dataset1,dataset2
26,533,0,0.9681854232812841,False,normal,osteoporosis,N36.jpg,Osteoporosis_105.jpg,dataset1,dataset2
26,541,1,0.9627863494612904,False,normal,osteoporosis,N36.jpg,Osteoporosis_112.jpg,dataset1,dataset2
26,552,1,0.9768791132770815,False,normal,osteoporosis,N36.jpg,Osteoporosis_122.jpg,dataset1,dataset2
26,557,3,0.96283227160665,False,normal,osteoporosis,N36.jpg,Osteoporosis_127.jpg,dataset1,dataset2
26,564,3,0.9432118819977511,False,normal,osteoporosis,N36.jpg,Osteoporosis_133.jpg,dataset1,dataset2
26,694,0,0.9496035201285548,False,normal,osteoporosis,N36.jpg,Osteoporosis_94.jpg,dataset1,dataset2
27,31,5,0.8342670024801812,True,normal,normal,N4.JPEG,N8.JPEG,dataset1,dataset1
27,37,3,0.6416604395558955,False,normal,osteoporosis,N4.JPEG,OS13.jpg,dataset1,dataset1
27,40,2,0.7223905398950812,False,normal,osteoporosis,N4.JPEG,OS16.jpg,dataset1,dataset1
27,41,5,0.7167661433967703,False,normal,osteoporosis,N4.JPEG,OS17.jpg,dataset1,dataset1
27,42,5,0.7322358595540474,False,normal,osteoporosis,N4.JPEG,OS18.jpg,dataset1,dataset1
27,43,4,0.7674419980268944,False,normal,osteoporosis,N4.JPEG,OS19.jpg,dataset1,dataset1
27,47,4,0.6297670977470478,False,normal,osteoporosis,N4.JPEG,OS22.jpg,dataset1,dataset1
27,70,5,0.5986929645781082,False,normal,osteoporosis,N4.JPEG,OS46.jpg,dataset1,dataset1
28,28,0,1.0,True,normal,normal,N5.JPEG,N5.JPEG,dataset1,dataset1
28,31,5,0.8002473349273713,True,normal,normal,N5.JPEG,N8.JPEG,dataset1,dataset1
28,42,5,0.7346459959826799,False,normal,osteoporosis,N5.JPEG,OS18.jpg,dataset1,dataset1
30,36,6,0.48241015756398264,False,normal,osteoporosis,N7.JPEG,OS12.jpg,dataset1,dataset1
31,37,4,0.7229013626106002,False,normal,osteoporosis,N8.JPEG,OS13.jpg,dataset1,dataset1
31,40,5,0.6404856726821369,False,normal,osteoporosis,N8.JPEG,OS16.jpg,dataset1,dataset1
31,41,6,0.634814795764514,False,normal,osteoporosis,N8.JPEG,OS17.jpg,dataset1,dataset1
31,42,6,0.7901905700540928,False,normal,osteoporosis,N8.JPEG,OS18.jpg,dataset1,dataset1
31,43,5,0.6931797929977401,False,normal,osteoporosis,N8.JPEG,OS19.jpg,dataset1,dataset1
31,47,5,0.7025737253602146,False,normal,osteoporosis,N8.JPEG,OS22.jpg,dataset1,dataset1
31,70,6,0.7564375080453003,False,normal,osteoporosis,N8.JPEG,OS46.jpg,dataset1,dataset1
33,34,5,0.5900606978275342,True,osteoporosis,osteoporosis,OS1.JPEG,OS10.jpg,dataset1,dataset1
33,35,4,0.5628424176187419,True,osteoporosis,osteoporosis,OS1.JPEG,OS11.jpg,dataset1,dataset1
34,34,0,0.9999999999999998,True,osteoporosis,osteoporosis,OS10.jpg,OS10.jpg,dataset1,dataset1
34,35,1,0.8685822221408754,True,osteoporosis,osteoporosis,OS10.jpg,OS11.jpg,dataset1,dataset1
35,35,0,1.0000000000000002,True,osteoporosis,osteoporosis,OS11.jpg,OS11.jpg,dataset1,dataset1
36,36,0,1.0,True,osteoporosis,osteoporosis,OS12.jpg,OS12.jpg,dataset1,dataset1
36,44,4,0.508913820475602,True,osteoporosis,osteoporosis,OS12.jpg,OS2.JPEG,dataset1,dataset1
37,37,0,1.0,True,osteoporosis,osteoporosis,OS13.jpg,OS13.jpg,dataset1,dataset1
37,38,5,0.8474419123410908,True,osteoporosis,osteoporosis,OS13.jpg,OS14.jpg,dataset1,dataset1
37,39,6,0.7449812648699103,True,osteoporosis,osteoporosis,OS13.jpg,OS15.jpg,dataset1,dataset1
37,40,1,0.7509858082266878,True,osteoporosis,osteoporosis,OS13.jpg,OS16.jpg,dataset1,dataset1
37,41,2,0.7308549672349931,True,osteoporosis,osteoporosis,OS13.jpg,OS17.jpg,dataset1,dataset1
37,42,2,0.7874141447171024,True,osteoporosis,osteoporosis,OS13.jpg,OS18.jpg,dataset1,dataset1
37,43,1,0.7634824827487248,True,osteoporosis,osteoporosis,OS13.jpg,OS19.jpg,dataset1,dataset1
37,47,1,0.8416507323703233,True,osteoporosis,osteoporosis,OS13.jpg,OS22.jpg,dataset1,dataset1
37,70,2,0.7877255038393127,True,osteoporosis,osteoporosis,OS13.jpg,OS46.jpg,dataset1,dataset1
38,38,0,1.0,True,osteoporosis,osteoporosis,OS14.jpg,OS14.jpg,dataset1,dataset1
38,39,5,0.8814064811434088,True,osteoporosis,osteoporosis,OS14.jpg,OS15.jpg,dataset1,dataset1
38,40,6,0.8251959141376615,True,osteoporosis,osteoporosis,OS14.jpg,OS16.jpg,dataset1,dataset1
38,43,6,0.8196793458658445,True,osteoporosis,osteoporosis,OS14.jpg,OS19.jpg,dataset1,dataset1
38,47,6,0.7650673180603287,True,osteoporosis,osteoporosis,OS14.jpg,OS22.jpg,dataset1,dataset1
39,40,5,0.7749511020762248,True,osteoporosis,osteoporosis,OS15.jpg,OS16.jpg,dataset1,dataset1
39,41,6,0.7450967990326234,True,osteoporosis,osteoporosis,OS15.jpg,OS17.jpg,dataset1,dataset1
39,43,5,0.7746273472019278,True,osteoporosis,osteoporosis,OS15.jpg,OS19.jpg,dataset1,dataset1
40,41,3,0.8572229303561438,True,osteoporosis,osteoporosis,OS16.jpg,OS17.jpg,dataset1,dataset1
40,42,3,0.804672329883779,True,osteoporosis,osteoporosis,OS16.jpg,OS18.jpg,dataset1,dataset1
40,43,2,0.8631780364728081,True,osteoporosis,osteoporosis,OS16.jpg,OS19.jpg,dataset1,dataset1
40,45,5,0.8376706009990632,True,osteoporosis,osteoporosis,OS16.jpg,OS20.jpg,dataset1,dataset1
40,47,2,0.7535123724902685,True,osteoporosis,osteoporosis,OS16.jpg,OS22.jpg,dataset1,dataset1
40,70,3,0.6303279095486511,True,osteoporosis,osteoporosis,OS16.jpg,OS46.jpg,dataset1,dataset1
41,42,4,0.7608370266334448,True,osteoporosis,osteoporosis,OS17.jpg,OS18.jpg,dataset1,dataset1
41,43,1,0.8768349417225139,True,osteoporosis,osteoporosis,OS17.jpg,OS19.jpg,dataset1,dataset1
41,47,3,0.6873379078686002,True,osteoporosis,osteoporosis,OS17.jpg,OS22.jpg,dataset1,dataset1
41,70,4,0.5900537908097041,True,osteoporosis,osteoporosis,OS17.jpg,OS46.jpg,dataset1,dataset1
42,42,0,0.9999999999999998,True,osteoporosis,osteoporosis,OS18.jpg,OS18.jpg,dataset1,dataset1
42,43,3,0.7825367238190427,True,osteoporosis,osteoporosis,OS18.jpg,OS19.jpg,dataset1,dataset1
42,47,3,0.7612359816584678,True,osteoporosis,osteoporosis,OS18.jpg,OS22.jpg,dataset1,dataset1
42,70,4,0.7146616352522106,True,osteoporosis,osteoporosis,OS18.jpg,OS46.jpg,dataset1,dataset1
43,43,0,0.9999999999999999,True,osteoporosis,osteoporosis,OS19.jpg,OS19.jpg,dataset1,dataset1
43,47,2,0.7358372437157704,True,osteoporosis,osteoporosis,OS19.jpg,OS22.jpg,dataset1,dataset1
43,70,3,0.6608999478498377,True,osteoporosis,osteoporosis,OS19.jpg,OS46.jpg,dataset1,dataset1
46,46,0,0.9999999999999998,True,osteoporosis,osteoporosis,OS21.jpg,OS21.jpg,dataset1,dataset1
47,47,0,1.0,True,osteoporosis,osteoporosis,OS22.jpg,OS22.jpg,dataset1,dataset1
47,70,1,0.8574226972071799,True,osteoporosis,osteoporosis,OS22.jpg,OS46.jpg,dataset1,dataset1
48,51,5,0.7982509545947456,True,osteoporosis,osteoporosis,OS23.jpg,OS27.jpg,dataset1,dataset1
48,55,4,0.9207051808999572,True,osteoporosis,osteoporosis,OS23.jpg,OS30.jpg,dataset1,dataset1
48,57,5,0.662425423038594,True,osteoporosis,osteoporosis,OS23.jpg,OS33.jpg,dataset1,dataset1
48,58,5,0.9092183373878361,True,osteoporosis,osteoporosis,OS23.jpg,OS34.jpg,dataset1,dataset1
48,67,2,0.9199021265789957,True,osteoporosis,osteoporosis,OS23.jpg,OS43.jpg,dataset1,dataset1
48,69,6,0.7962798952620294,True,osteoporosis,osteoporosis,OS23.jpg,OS45.jpg,dataset1,dataset1
48,71,4,0.8189467011221098,True,osteoporosis,osteoporosis,OS23.jpg,OS47.jpg,dataset1,dataset1
48,408,1,0.9613709786542068,False,osteoporosis,normal,OS23.jpg,Normal_158.jpg,dataset1,dataset2
48,411,5,0.7558757081655048,False,osteoporosis,normal,OS23.jpg,Normal_160.jpg,dataset1,dataset2
48,437,5,0.6621033241414414,False,osteoporosis,normal,OS23.jpg,Normal_184.jpg,dataset1,dataset2
48,439,5,0.7610849879676616,False,osteoporosis,normal,OS23.jpg,Normal_186.jpg,dataset1,dataset2
48,483,4,0.8661741769920885,False,osteoporosis,normal,OS23.jpg,Normal_59.jpg,dataset1,dataset2
48,485,2,0.9443238095075628,False,osteoporosis,normal,OS23.jpg,Normal_60.jpg,dataset1,dataset2
48,489,4,0.9148511804523173,False,osteoporosis,normal,OS23.jpg,Normal_65.jpg,dataset1,dataset2
48,495,6,0.915180171262894,False,osteoporosis,normal,OS23.jpg,Normal_71.jpg,dataset1,dataset2
48,497,4,0.8657774620304024,False,osteoporosis,normal,OS23.jpg,Normal_73.jpg,dataset1,dataset2
48,499,1,0.9480654016524099,False,osteoporosis,normal,OS23.jpg,Normal_75.jpg,dataset1,dataset2
48,533,1,0.9253108295429318,True,osteoporosis,osteoporosis,OS23.jpg,Osteoporosis_105.jpg,dataset1,dataset2
48,539,5,0.8261490038038523,True,osteoporosis,osteoporosis,OS23.jpg,Osteoporosis_110.jpg,dataset1,dataset2
48,541,0,0.9266096308846039,True,osteoporosis,osteoporosis,OS23.jpg,Osteoporosis_112.jpg,dataset1,dataset2
48,547,5,0.782737656779725,True,osteoporosis,osteoporosis,OS23.jpg,Osteoporosis_118.jpg,dataset1,dataset2
48,552,2,0.9126870052897704,True,osteoporosis,osteoporosis,OS23.jpg,Osteoporosis_122.jpg,dataset1,dataset2
48,557,4,0.957911804789042,True,osteoporosis,osteoporosis,OS23.jpg,Osteoporosis_127.jpg,dataset1,dataset2
48,562,5,0.8314611092933117,True,osteoporosis,osteoporosis,OS23.jpg,Osteoporosis_131.jpg,dataset1,dataset2
48,565,5,0.7594100192465342,True,osteoporosis,osteoporosis,OS23.jpg,Osteoporosis_134.jpg,dataset1,dataset2
48,568,2,0.8084407692784317,True,osteoporosis,osteoporosis,OS23.jpg,Osteoporosis_137.jpg,dataset1,dataset2
48,569,3,0.904870643036576,True,osteoporosis,osteoporosis,OS23.jpg,Osteoporosis_138.jpg,dataset1,dataset2
48,599,1,0.999572671207764,True,osteoporosis,osteoporosis,OS23.jpg,Osteoporosis_166.jpg,dataset1,dataset2
48,601,5,0.7973622640322486,True,osteoporosis,osteoporosis,OS23.jpg,Osteoporosis_168.jpg,dataset1,dataset2
48,604,3,0.9199441684681916,True,osteoporosis,osteoporosis,OS23.jpg,Osteoporosis_170.jpg,dataset1,dataset2
48,605,3,0.8343159539726458,True,osteoporosis,osteoporosis,OS23.jpg,Osteoporosis_171.jpg,dataset1,dataset2
48,606,5,0.9087585852008588,True,osteoporosis,osteoporosis,OS23.jpg,Osteoporosis_173.jpg,dataset1,dataset2
48,613,2,0.9202325435014752,True,osteoporosis,osteoporosis,OS23.jpg,Osteoporosis_180.jpg,dataset1,dataset2
48,615,6,0.795547229175044,True,osteoporosis,osteoporosis,OS23.jpg,Osteoporosis_182.jpg,dataset1,dataset2
48,617,5,0.8188801002459757,True,osteoporosis,osteoporosis,OS23.jpg,Osteoporosis_184.jpg,dataset1,dataset2
48,686,5,0.7380553262296033,True,osteoporosis,osteoporosis,OS23.jpg,Osteoporosis_84.jpg,dataset1,dataset2
48,687,6,0.8431114032658935,True,osteoporosis,osteoporosis,OS23.jpg,Osteoporosis_85.jpg,dataset1,dataset2
48,689,4,0.8497144820535913,True,osteoporosis,osteoporosis,OS23.jpg,Osteoporosis_87.jpg,dataset1,dataset2
48,694,1,0.9395816075132459,True,osteoporosis,osteoporosis,OS23.jpg,Osteoporosis_94.jpg,dataset1,dataset2
48,697,3,0.8652303915424565,True,osteoporosis,osteoporosis,OS23.jpg,Osteoporosis_98.jpg,dataset1,dataset2
48,698,4,0.9191914280368196,True,osteoporosis,osteoporosis,OS23.jpg,Osteoporosis_99.jpg,dataset1,dataset2
49,431,0,0.9997906207205975,False,osteoporosis,normal,OS25.jpg,Normal_179.jpg,dataset1,dataset2
50,433,0,0.9997660005791063,False,osteoporosis,normal,OS26.jpg,Normal_180.jpg,dataset1,dataset2
51,55,1,0.8904967678684287,True,osteoporosis,osteoporosis,OS27.jpg,OS30.jpg,dataset1,dataset1
51,57,0,0.9315760995069251,True,osteoporosis,osteoporosis,OS27.jpg,OS33.jpg,dataset1,dataset1
51,58,6,0.6986754034093738,True,osteoporosis,osteoporosis,OS27.jpg,OS34.jpg,dataset1,dataset1
51,67,3,0.8767489111104072,True,osteoporosis,osteoporosis,OS27.jpg,OS43.jpg,dataset1,dataset1
51,68,4,0.9218769681756394,True,osteoporosis,osteoporosis,OS27.jpg,OS44.jpg,dataset1,dataset1
51,69,1,0.9719104911410202,True,osteoporosis,osteoporosis,OS27.jpg,OS45.jpg,dataset1,dataset1
51,71,3,0.933585742047357,True,osteoporosis,osteoporosis,OS27.jpg,OS47.jpg,dataset1,dataset1
51,411,2,0.9369635997339545,False,osteoporosis,normal,OS27.jpg,Normal_160.jpg,dataset1,dataset2
51,437,0,0.9325476729467899,False,osteoporosis,normal,OS27.jpg,Normal_184.jpg,dataset1,dataset2
51,439,0,0.9670488636995278,False,osteoporosis,normal,OS27.jpg,Normal_186.jpg,dataset1,dataset2
51,483,1,0.9473518086225224,False,osteoporosis,normal,OS27.jpg,Normal_59.jpg,dataset1,dataset2
51,486,4,0.9012605854295386,False,osteoporosis,normal,OS27.jpg,Normal_61.jpg,dataset1,dataset2
51,489,1,0.8506913640621543,False,osteoporosis,normal,OS27.jpg,Normal_65.jpg,dataset1,dataset2
51,496,6,0.9220003307430843,False,osteoporosis,normal,OS27.jpg,Normal_72.jpg,dataset1,dataset2
51,497,1,0.9069061044403981,False,osteoporosis,normal,OS27.jpg,Normal_73.jpg,dataset1,dataset2
51,539,0,0.9681110436549367,True,osteoporosis,osteoporosis,OS27.jpg,Osteoporosis_110.jpg,dataset1,dataset2
51,541,5,0.8483322569580837,True,osteoporosis,osteoporosis,OS27.jpg,Osteoporosis_112.jpg,dataset1,dataset2
51,555,2,0.9550376840951705,True,osteoporosis,osteoporosis,OS27.jpg,Osteoporosis_125.jpg,dataset1,dataset2
51,562,0,0.9719471705976028,True,osteoporosis,osteoporosis,OS27.jpg,Osteoporosis_131.jpg,dataset1,dataset2
51,565,0,0.9534842279522949,True,osteoporosis,osteoporosis,OS27.jpg,Osteoporosis_134.jpg,dataset1,dataset2
51,567,5,0.9395464167483729,True,osteoporosis,osteoporosis,OS27.jpg,Osteoporosis_136.jpg,dataset1,dataset2
51,568,3,0.8787882694052762,True,osteoporosis,osteoporosis,OS27.jpg,Osteoporosis_137.jpg,dataset1,dataset2
51,569,2,0.922886585317651,True,osteoporosis,osteoporosis,OS27.jpg,Osteoporosis_138.jpg,dataset1,dataset2
51,599,4,0.795542771687609,True,osteoporosis,osteoporosis,OS27.jpg,Osteoporosis_166.jpg,dataset1,dataset2
51,601,0,0.9997955288099933,True,osteoporosis,osteoporosis,OS27.jpg,Osteoporosis_168.jpg,dataset1,dataset2
51,602,5,0.934920558840753,True,osteoporosis,osteoporosis,OS27.jpg,Osteoporosis_169.jpg,dataset1,dataset2
51,604,2,0.8889083652176941,True,osteoporosis,osteoporosis,OS27.jpg,Osteoporosis_170.jpg,dataset1,dataset2
51,605,6,0.9290540835858458,True,osteoporosis,osteoporosis,OS27.jpg,Osteoporosis_171.jpg,dataset1,dataset2
51,606,6,0.6970519748510018,True,osteoporosis,osteoporosis,OS27.jpg,Osteoporosis_173.jpg,dataset1,dataset2
51,608,6,0.9280776809367097,True,osteoporosis,osteoporosis,OS27.jpg,Osteoporosis_175.jpg,dataset1,dataset2
51,613,3,0.876347156892523,True,osteoporosis,osteoporosis,OS27.jpg,Osteoporosis_180.jpg,dataset1,dataset2
51,614,3,0.9224887918783865,True,osteoporosis,osteoporosis,OS27.jpg,Osteoporosis_181.jpg,dataset1,dataset2
51,615,1,0.9713428334014963,True,osteoporosis,osteoporosis,OS27.jpg,Osteoporosis_182.jpg,dataset1,dataset2
51,617,4,0.9326935767579346,True,osteoporosis,osteoporosis,OS27.jpg,Osteoporosis_184.jpg,dataset1,dataset2
51,682,3,0.9094909255938877,True,osteoporosis,osteoporosis,OS27.jpg,Osteoporosis_80.jpg,dataset1,dataset2
51,686,0,0.9461520758864458,True,osteoporosis,osteoporosis,OS27.jpg,Osteoporosis_84.jpg,dataset1,dataset2
51,687,1,0.9582059875120623,True,osteoporosis,osteoporosis,OS27.jpg,Osteoporosis_85.jpg,dataset1,dataset2
51,689,1,0.9006493908978627,True,osteoporosis,osteoporosis,OS27.jpg,Osteoporosis_87.jpg,dataset1,dataset2
51,695,2,0.952386336190154,True,osteoporosis,osteoporosis,OS27.jpg,Osteoporosis_95.jpg,dataset1,dataset2
51,697,2,0.9003466916005092,True,osteoporosis,osteoporosis,OS27.jpg,Osteoporosis_98.jpg,dataset1,dataset2
51,698,5,0.8983867821329101,True,osteoporosis,osteoporosis,OS27.jpg,Osteoporosis_99.jpg,dataset1,dataset2
52,60,2,0.9755416825011949,True,osteoporosis,osteoporosis,OS28.jpg,OS36.jpg,dataset1,dataset1
52,602,4,0.9998059293529946,True,osteoporosis,osteoporosis,OS28.jpg,Osteoporosis_169.jpg,dataset1,dataset2
52,608,3,0.976612754127664,True,osteoporosis,osteoporosis,OS28.jpg,Osteoporosis_175.jpg,dataset1,dataset2
53,53,0,1.0,True,osteoporosis,osteoporosis,OS29.jpg,OS29.jpg,dataset1,dataset1
54,74,6,0.5951919161047705,True,osteoporosis,osteoporosis,OS3.JPEG,OS6.JPEG,dataset1,dataset1
55,57,1,0.7850804115256499,True,osteoporosis,osteoporosis,OS30.jpg,OS33.jpg,dataset1,dataset1
55,58,5,0.854612423796542,True,osteoporosis,osteoporosis,OS30.jpg,OS34.jpg,dataset1,dataset1
55,67,2,0.9251170194991927,True,osteoporosis,osteoporosis,OS30.jpg,OS43.jpg,dataset1,dataset1
55,68,5,0.7830613469518407,True,osteoporosis,osteoporosis,OS30.jpg,OS44.jpg,dataset1,dataset1
55,69,2,0.8798396518469187,True,osteoporosis,osteoporosis,OS30.jpg,OS45.jpg,dataset1,dataset1
55,71,4,0.894718965414915,True,osteoporosis,osteoporosis,OS30.jpg,OS47.jpg,dataset1,dataset1
55,411,1,0.8804544401043595,False,osteoporosis,normal,OS30.jpg,Normal_160.jpg,dataset1,dataset2
55,437,1,0.7856810947156594,False,osteoporosis,normal,OS30.jpg,Normal_184.jpg,dataset1,dataset2
55,439,1,0.8732332363900654,False,osteoporosis,normal,OS30.jpg,Normal_186.jpg,dataset1,dataset2
55,483,2,0.9392429640936737,False,osteoporosis,normal,OS30.jpg,Normal_59.jpg,dataset1,dataset2
55,486,5,0.7324564089636374,False,osteoporosis,normal,OS30.jpg,Normal_61.jpg,dataset1,dataset2
55,489,0,0.926608523717619,False,osteoporosis,normal,OS30.jpg,Normal_65.jpg,dataset1,dataset2
55,497,0,0.9299064176539158,False,osteoporosis,normal,OS30.jpg,Normal_73.jpg,dataset1,dataset2
55,539,1,0.8833534668517072,True,osteoporosis,osteoporosis,OS30.jpg,Osteoporosis_110.jpg,dataset1,dataset2
55,541,4,0.950854453707616,True,osteoporosis,osteoporosis,OS30.jpg,Osteoporosis_112.jpg,dataset1,dataset2
55,555,3,0.892988203701643,True,osteoporosis,osteoporosis,OS30.jpg,Osteoporosis_125.jpg,dataset1,dataset2
55,562,1,0.9160309097906683,True,osteoporosis,osteoporosis,OS30.jpg,Osteoporosis_131.jpg,dataset1,dataset2
55,565,1,0.8744570644394075,True,osteoporosis,osteoporosis,OS30.jpg,Osteoporosis_134.jpg,dataset1,dataset2
55,567,6,0.8492989901005196,True,osteoporosis,osteoporosis,OS30.jpg,Osteoporosis_136.jpg,dataset1,dataset2
55,568,4,0.8952567806036535,True,osteoporosis,osteoporosis,OS30.jpg,Osteoporosis_137.jpg,dataset1,dataset2
55,569,3,0.945154871845771,True,osteoporosis,osteoporosis,OS30.jpg,Osteoporosis_138.jpg,dataset1,dataset2
55,599,3,0.9185698410090716,True,osteoporosis,osteoporosis,OS30.jpg,Osteoporosis_166.jpg,dataset1,dataset2
55,601,1,0.8902122339028653,True,osteoporosis,osteoporosis,OS30.jpg,Osteoporosis_168.jpg,dataset1,dataset2
55,602,6,0.8459058208065081,True,osteoporosis,osteoporosis,OS30.jpg,Osteoporosis_169.jpg,dataset1,dataset2
55,604,1,0.9997864532640592,True,osteoporosis,osteoporosis,OS30.jpg,Osteoporosis_170.jpg,dataset1,dataset2
55,606,5,0.854012910470977,True,osteoporosis,osteoporosis,OS30.jpg,Osteoporosis_173.jpg,dataset1,dataset2
55,613,2,0.9257959856141628,True,osteoporosis,osteoporosis,OS30.jpg,Osteoporosis_180.jpg,dataset1,dataset2
55,614,4,0.7828202488632314,True,osteoporosis,osteoporosis,OS30.jpg,Osteoporosis_181.jpg,dataset1,dataset2
55,615,2,0.8795629503351078,True,osteoporosis,osteoporosis,OS30.jpg,Osteoporosis_182.jpg,dataset1,dataset2
55,617,5,0.8945782455926722,True,osteoporosis,osteoporosis,OS30.jpg,Osteoporosis_184.jpg,dataset1,dataset2
55,682,4,0.7363689503252113,True,osteoporosis,osteoporosis,OS30.jpg,Osteoporosis_80.jpg,dataset1,dataset2
55,686,1,0.8402905548719364,True,osteoporosis,osteoporosis,OS30.jpg,Osteoporosis_84.jpg,dataset1,dataset2
55,687,2,0.9117370685480408,True,osteoporosis,osteoporosis,OS30.jpg,Osteoporosis_85.jpg,dataset1,dataset2
55,689,0,0.9260418506341456,True,osteoporosis,osteoporosis,OS30.jpg,Osteoporosis_87.jpg,dataset1,dataset2
55,695,3,0.8822910044729524,True,osteoporosis,osteoporosis,OS30.jpg,Osteoporosis_95.jpg,dataset1,dataset2
55,697,1,0.9407784513474815,True,osteoporosis,osteoporosis,OS30.jpg,Osteoporosis_98.jpg,dataset1,dataset2
55,698,6,0.9322593646296753,True,osteoporosis,osteoporosis,OS30.jpg,Osteoporosis_99.jpg,dataset1,dataset2
56,408,3,0.8495026977117511,False,osteoporosis,normal,OS31.jpg,Normal_158.jpg,dataset1,dataset2
56,499,3,0.9050045185694767,False,osteoporosis,normal,OS31.jpg,Normal_75.jpg,dataset1,dataset2
56,530,2,0.9294799812301628,True,osteoporosis,osteoporosis,OS31.jpg,Osteoporosis_102.jpg,dataset1,dataset2
56,533,3,0.8869557028666497,True,osteoporosis,osteoporosis,OS31.jpg,Osteoporosis_105.jpg,dataset1,dataset2
56,564,4,0.9091536416738464,True,osteoporosis,osteoporosis,OS31.jpg,Osteoporosis_133.jpg,dataset1,dataset2
56,605,1,0.9997977006305518,True,osteoporosis,osteoporosis,OS31.jpg,Osteoporosis_171.jpg,dataset1,dataset2
56,694,3,0.8469391436507507,True,osteoporosis,osteoporosis,OS31.jpg,Osteoporosis_94.jpg,dataset1,dataset2
57,58,6,0.5525666467588072,True,osteoporosis,osteoporosis,OS33.jpg,OS34.jpg,dataset1,dataset1
57,67,3,0.7777547742955009,True,osteoporosis,osteoporosis,OS33.jpg,OS43.jpg,dataset1,dataset1
57,68,4,0.9429796245870762,True,osteoporosis,osteoporosis,OS33.jpg,OS44.jpg,dataset1,dataset1
57,69,1,0.9123304037584117,True,osteoporosis,osteoporosis,OS33.jpg,OS45.jpg,dataset1,dataset1
57,71,3,0.8896594607393278,True,osteoporosis,osteoporosis,OS33.jpg,OS47.jpg,dataset1,dataset1
57,411,2,0.898098085030774,False,osteoporosis,normal,OS33.jpg,Normal_160.jpg,dataset1,dataset2
57,437,0,0.9997763354053029,False,osteoporosis,normal,OS33.jpg,Normal_184.jpg,dataset1,dataset2
57,439,0,0.9412860284354443,False,osteoporosis,normal,OS33.jpg,Normal_186.jpg,dataset1,dataset2
57,483,1,0.8754275984074034,False,osteoporosis,normal,OS33.jpg,Normal_59.jpg,dataset1,dataset2
57,486,4,0.9550111897044566,False,osteoporosis,normal,OS33.jpg,Normal_61.jpg,dataset1,dataset2
57,489,1,0.731251434787745,False,osteoporosis,normal,OS33.jpg,Normal_65.jpg,dataset1,dataset2
57,496,6,0.9508204854991363,False,osteoporosis,normal,OS33.jpg,Normal_72.jpg,dataset1,dataset2
57,497,1,0.8242651492556308,False,osteoporosis,normal,OS33.jpg,Normal_73.jpg,dataset1,dataset2
57,539,0,0.8896197978635395,True,osteoporosis,osteoporosis,OS33.jpg,Osteoporosis_110.jpg,dataset1,dataset2
57,541,5,0.7469239563829059,True,osteoporosis,osteoporosis,OS33.jpg,Osteoporosis_112.jpg,dataset1,dataset2
57,555,2,0.9222242616437832,True,osteoporosis,osteoporosis,OS33.jpg,Osteoporosis_125.jpg,dataset1,dataset2
57,562,0,0.9054519668623899,True,osteoporosis,osteoporosis,OS33.jpg,Osteoporosis_131.jpg,dataset1,dataset2
57,565,0,0.9321713004598403,True,osteoporosis,osteoporosis,OS33.jpg,Osteoporosis_134.jpg,dataset1,dataset2
57,567,5,0.9262385143977837,True,osteoporosis,osteoporosis,OS33.jpg,Osteoporosis_136.jpg,dataset1,dataset2
57,568,3,0.8280769513829006,True,osteoporosis,osteoporosis,OS33.jpg,Osteoporosis_137.jpg,dataset1,dataset2
57,569,2,0.8465884707313467,True,osteoporosis,osteoporosis,OS33.jpg,Osteoporosis_138.jpg,dataset1,dataset2
57,599,4,0.6591172872357169,True,osteoporosis,osteoporosis,OS33.jpg,Osteoporosis_166.jpg,dataset1,dataset2
57,601,0,0.9298722206781844,True,osteoporosis,osteoporosis,OS33.jpg,Osteoporosis_168.jpg,dataset1,dataset2
57,602,5,0.940470320676545,True,osteoporosis,osteoporosis,OS33.jpg,Osteoporosis_169.jpg,dataset1,dataset2
57,604,2,0.7826115073868866,True,osteoporosis,osteoporosis,OS33.jpg,Osteoporosis_170.jpg,dataset1,dataset2
57,605,6,0.8760598643569233,True,osteoporosis,osteoporosis,OS33.jpg,Osteoporosis_171.jpg,dataset1,dataset2
57,606,6,0.5503486885197275,True,osteoporosis,osteoporosis,OS33.jpg,Osteoporosis_173.jpg,dataset1,dataset2
57,608,6,0.9434746150254772,True,osteoporosis,osteoporosis,OS33.jpg,Osteoporosis_175.jpg,dataset1,dataset2
57,613,3,0.7759337040417313,True,osteoporosis,osteoporosis,OS33.jpg,Osteoporosis_180.jpg,dataset1,dataset2
57,614,3,0.9426518688195356,True,osteoporosis,osteoporosis,OS33.jpg,Osteoporosis_181.jpg,dataset1,dataset2
57,615,1,0.9100365216282802,True,osteoporosis,osteoporosis,OS33.jpg,Osteoporosis_182.jpg,dataset1,dataset2
57,617,4,0.8878813086193539,True,osteoporosis,osteoporosis,OS33.jpg,Osteoporosis_184.jpg,dataset1,dataset2
57,682,3,0.9693111870780846,True,osteoporosis,osteoporosis,OS33.jpg,Osteoporosis_80.jpg,dataset1,dataset2
57,686,0,0.9453290622799301,True,osteoporosis,osteoporosis,OS33.jpg,Osteoporosis_84.jpg,dataset1,dataset2
57,687,1,0.8777169966587932,True,osteoporosis,osteoporosis,OS33.jpg,Osteoporosis_85.jpg,dataset1,dataset2
57,689,1,0.791905015057111,True,osteoporosis,osteoporosis,OS33.jpg,Osteoporosis_87.jpg,dataset1,dataset2
57,695,2,0.9227317549958369,True,osteoporosis,osteoporosis,OS33.jpg,Osteoporosis_95.jpg,dataset1,dataset2
57,697,2,0.8310995065614402,True,osteoporosis,osteoporosis,OS33.jpg,Osteoporosis_98.jpg,dataset1,dataset2
57,698,5,0.8020452961638335,True,osteoporosis,osteoporosis,OS33.jpg,Osteoporosis_99.jpg,dataset1,dataset2
58,67,3,0.9191182414918652,True,osteoporosis,osteoporosis,OS34.jpg,OS43.jpg,dataset1,dataset1
58,71,5,0.7309615314334426,True,osteoporosis,osteoporosis,OS34.jpg,OS47.jpg,dataset1,dataset1
58,409,6,0.7505574070389407,False,osteoporosis,normal,OS34.jpg,Normal_159.jpg,dataset1,dataset2
58,411,6,0.6489197184259892,False,osteoporosis,normal,OS34.jpg,Normal_160.jpg,dataset1,dataset2
58,437,6,0.5508991759962116,False,osteoporosis,normal,OS34.jpg,Normal_184.jpg,dataset1,dataset2
58,439,6,0.656167679691891,False,osteoporosis,normal,OS34.jpg,Normal_186.jpg,dataset1,dataset2
58,483,5,0.7906140887285029,False,osteoporosis,normal,OS34.jpg,Normal_59.jpg,dataset1,dataset2
58,489,5,0.8815351888289258,False,osteoporosis,normal,OS34.jpg,Normal_65.jpg,dataset1,dataset2
58,497,5,0.8000809883650846,False,osteoporosis,normal,OS34.jpg,Normal_73.jpg,dataset1,dataset2
58,539,6,0.7263077725710074,True,osteoporosis,osteoporosis,OS34.jpg,Osteoporosis_110.jpg,dataset1,dataset2
58,541,5,0.8841660602196302,True,osteoporosis,osteoporosis,OS34.jpg,Osteoporosis_112.jpg,dataset1,dataset2
58,555,6,0.7154599177188565,True,osteoporosis,osteoporosis,OS34.jpg,Osteoporosis_125.jpg,dataset1,dataset2
58,562,6,0.7588650776030378,True,osteoporosis,osteoporosis,OS34.jpg,Osteoporosis_131.jpg,dataset1,dataset2
58,565,6,0.6675891623899746,True,osteoporosis,osteoporosis,OS34.jpg,Osteoporosis_134.jpg,dataset1,dataset2
58,568,5,0.7417120178541754,True,osteoporosis,osteoporosis,OS34.jpg,Osteoporosis_137.jpg,dataset1,dataset2
58,569,4,0.8488190905081461,True,osteoporosis,osteoporosis,OS34.jpg,Osteoporosis_138.jpg,dataset1,dataset2
58,599,4,0.9060081538457816,True,osteoporosis,osteoporosis,OS34.jpg,Osteoporosis_166.jpg,dataset1,dataset2
58,601,6,0.696354395876384,True,osteoporosis,osteoporosis,OS34.jpg,Osteoporosis_168.jpg,dataset1,dataset2
58,604,4,0.8530826887307402,True,osteoporosis,osteoporosis,OS34.jpg,Osteoporosis_170.jpg,dataset1,dataset2
58,606,0,0.9997166829396168,True,osteoporosis,osteoporosis,OS34.jpg,Osteoporosis_173.jpg,dataset1,dataset2
58,613,3,0.9187990758465612,True,osteoporosis,osteoporosis,OS34.jpg,Osteoporosis_180.jpg,dataset1,dataset2
58,617,6,0.729651903061774,True,osteoporosis,osteoporosis,OS34.jpg,Osteoporosis_184.jpg,dataset1,dataset2
58,686,6,0.6349900082080795,True,osteoporosis,osteoporosis,OS34.jpg,Osteoporosis_84.jpg,dataset1,dataset2
58,689,5,0.7951575335345451,True,osteoporosis,osteoporosis,OS34.jpg,Osteoporosis_87.jpg,dataset1,dataset2
58,697,4,0.7968350393644965,True,osteoporosis,osteoporosis,OS34.jpg,Osteoporosis_98.jpg,dataset1,dataset2
59,607,1,0.9997043030486518,True,osteoporosis,osteoporosis,OS35.jpg,Osteoporosis_174.jpg,dataset1,dataset2
60,483,6,0.9226917370494233,False,osteoporosis,normal,OS36.jpg,Normal_59.jpg,dataset1,dataset2
60,602,6,0.9738592618496933,True,osteoporosis,osteoporosis,OS36.jpg,Osteoporosis_169.jpg,dataset1,dataset2
60,608,1,0.9997957699000186,True,osteoporosis,osteoporosis,OS36.jpg,Osteoporosis_175.jpg,dataset1,dataset2
60,698,6,0.8707630773354531,True,osteoporosis,osteoporosis,OS36.jpg,Osteoporosis_99.jpg,dataset1,dataset2
61,435,1,0.9996703962691743,False,osteoporosis,normal,OS37.jpg,Normal_182.jpg,dataset1,dataset2
63,436,1,0.9997984000781752,False,osteoporosis,normal,OS39.jpg,Normal_183.jpg,dataset1,dataset2
65,610,2,0.9998152889887846,True,osteoporosis,osteoporosis,OS41.jpg,Osteoporosis_178.jpg,dataset1,dataset2
66,611,1,0.9997730165836378,True,osteoporosis,osteoporosis,OS42.jpg,Osteoporosis_179.jpg,dataset1,dataset2
66,696,6,0.9256156055797022,True,osteoporosis,osteoporosis,OS42.jpg,Osteoporosis_96.jpg,dataset1,dataset2
67,69,4,0.8837705279114234,True,osteoporosis,osteoporosis,OS43.jpg,OS45.jpg,dataset1,dataset1
67,71,2,0.8945558157475326,True,osteoporosis,osteoporosis,OS43.jpg,OS47.jpg,dataset1,dataset1
67,409,5,0.8916952896179375,False,osteoporosis,normal,OS43.jpg,Normal_159.jpg,dataset1,dataset2
67,411,3,0.8304514662027044,False,osteoporosis,normal,OS43.jpg,Normal_160.jpg,dataset1,dataset2
67,437,3,0.7771187823062529,False,osteoporosis,normal,OS43.jpg,Normal_184.jpg,dataset1,dataset2
67,439,3,0.8510461726338628,False,osteoporosis,normal,OS43.jpg,Normal_186.jpg,dataset1,dataset2
67,483,2,0.9233334159564629,False,osteoporosis,normal,OS43.jpg,Normal_59.jpg,dataset1,dataset2
67,489,2,0.9179432007923085,False,osteoporosis,normal,OS43.jpg,Normal_65.jpg,dataset1,dataset2
67,497,2,0.9250272822050466,False,osteoporosis,normal,OS43.jpg,Normal_73.jpg,dataset1,dataset2
67,539,3,0.883847641648694,True,osteoporosis,osteoporosis,OS43.jpg,Osteoporosis_110.jpg,dataset1,dataset2
67,541,2,0.9303319436791531,True,osteoporosis,osteoporosis,OS43.jpg,Osteoporosis_112.jpg,dataset1,dataset2
67,547,5,0.8538761531994139,True,osteoporosis,osteoporosis,OS43.jpg,Osteoporosis_118.jpg,dataset1,dataset2
67,555,5,0.8831603388373483,True,osteoporosis,osteoporosis,OS43.jpg,Osteoporosis_125.jpg,dataset1,dataset2
67,562,3,0.9052263858613809,True,osteoporosis,osteoporosis,OS43.jpg,Osteoporosis_131.jpg,dataset1,dataset2
67,565,3,0.8614668514481433,True,osteoporosis,osteoporosis,OS43.jpg,Osteoporosis_134.jpg,dataset1,dataset2
67,568,2,0.8669172205729856,True,osteoporosis,osteoporosis,OS43.jpg,Osteoporosis_137.jpg,dataset1,dataset2
67,569,1,0.9442726784761901,True,osteoporosis,osteoporosis,OS43.jpg,Osteoporosis_138.jpg,dataset1,dataset2
67,599,1,0.9166956931014167,True,osteoporosis,osteoporosis,OS43.jpg,Osteoporosis_166.jpg,dataset1,dataset2
67,601,3,0.8750137539660646,True,osteoporosis,osteoporosis,OS43.jpg,Osteoporosis_168.jpg,dataset1,dataset2
67,602,6,0.8283335018414827,True,osteoporosis,osteoporosis,OS43.jpg,Osteoporosis_169.jpg,dataset1,dataset2
67,604,1,0.9232996500572614,True,osteoporosis,osteoporosis,OS43.jpg,Osteoporosis_170.jpg,dataset1,dataset2
67,605,5,0.902416728143992,True,osteoporosis,osteoporosis,OS43.jpg,Osteoporosis_171.jpg,dataset1,dataset2
67,606,3,0.91804114261404,True,osteoporosis,osteoporosis,OS43.jpg,Osteoporosis_173.jpg,dataset1,dataset2
67,613,0,0.9998066869834283,True,osteoporosis,osteoporosis,OS43.jpg,Osteoporosis_180.jpg,dataset1,dataset2
67,614,6,0.7895057010044995,True,osteoporosis,osteoporosis,OS43.jpg,Osteoporosis_181.jpg,dataset1,dataset2
67,615,4,0.8820568897554182,True,osteoporosis,osteoporosis,OS43.jpg,Osteoporosis_182.jpg,dataset1,dataset2
67,617,3,0.8934905391065129,True,osteoporosis,osteoporosis,OS43.jpg,Osteoporosis_184.jpg,dataset1,dataset2
67,682,6,0.7446993576420603,True,osteoporosis,osteoporosis,OS43.jpg,Osteoporosis_80.jpg,dataset1,dataset2
67,686,3,0.8397318465510261,True,osteoporosis,osteoporosis,OS43.jpg,Osteoporosis_84.jpg,dataset1,dataset2
67,687,4,0.9012279427644154,True,osteoporosis,osteoporosis,OS43.jpg,Osteoporosis_85.jpg,dataset1,dataset2
67,689,2,0.8869632577853374,True,osteoporosis,osteoporosis,OS43.jpg,Osteoporosis_87.jpg,dataset1,dataset2
67,695,5,0.8724216906004665,True,osteoporosis,osteoporosis,OS43.jpg,Osteoporosis_95.jpg,dataset1,dataset2
67,697,1,0.9052235008948152,True,osteoporosis,osteoporosis,OS43.jpg,Osteoporosis_98.jpg,dataset1,dataset2
67,698,4,0.9452092846935787,True,osteoporosis,osteoporosis,OS43.jpg,Osteoporosis_99.jpg,dataset1,dataset2
68,69,5,0.924175332827075,True,osteoporosis,osteoporosis,OS44.jpg,OS45.jpg,dataset1,dataset1
68,411,4,0.8739991058068779,False,osteoporosis,normal,OS44.jpg,Normal_160.jpg,dataset1,dataset2
68,437,4,0.9419729976170945,False,osteoporosis,normal,OS44.jpg,Normal_184.jpg,dataset1,dataset2
68,439,4,0.9158821742979324,False,osteoporosis,normal,OS44.jpg,Normal_186.jpg,dataset1,dataset2
68,483,5,0.8814117998269514,False,osteoporosis,normal,OS44.jpg,Normal_59.jpg,dataset1,dataset2
68,486,2,0.9603987519092665,False,osteoporosis,normal,OS44.jpg,Normal_61.jpg,dataset1,dataset2
68,489,5,0.7410020390849816,False,osteoporosis,normal,OS44.jpg,Normal_65.jpg,dataset1,dataset2
68,496,4,0.9656392147863387,False,osteoporosis,normal,OS44.jpg,Normal_72.jpg,dataset1,dataset2
68,497,5,0.8257442344806081,False,osteoporosis,normal,OS44.jpg,Normal_73.jpg,dataset1,dataset2
68,539,4,0.8984681469880661,True,osteoporosis,osteoporosis,OS44.jpg,Osteoporosis_110.jpg,dataset1,dataset2
68,555,6,0.9227039588875854,True,osteoporosis,osteoporosis,OS44.jpg,Osteoporosis_125.jpg,dataset1,dataset2
68,562,4,0.8991747969272558,True,osteoporosis,osteoporosis,OS44.jpg,Osteoporosis_131.jpg,dataset1,dataset2
68,565,4,0.9169335180792266,True,osteoporosis,osteoporosis,OS44.jpg,Osteoporosis_134.jpg,dataset1,dataset2
68,569,6,0.8393572783295604,True,osteoporosis,osteoporosis,OS44.jpg,Osteoporosis_138.jpg,dataset1,dataset2
68,601,4,0.9202001920376486,True,osteoporosis,osteoporosis,OS44.jpg,Osteoporosis_168.jpg,dataset1,dataset2
68,604,6,0.781523864480161,True,osteoporosis,osteoporosis,OS44.jpg,Osteoporosis_170.jpg,dataset1,dataset2
68,605,6,0.8965600483939418,True,osteoporosis,osteoporosis,OS44.jpg,Osteoporosis_171.jpg,dataset1,dataset2
68,614,1,0.9998089369066014,True,osteoporosis,osteoporosis,OS44.jpg,Osteoporosis_181.jpg,dataset1,dataset2
68,615,5,0.9218519067078926,True,osteoporosis,osteoporosis,OS44.jpg,Osteoporosis_182.jpg,dataset1,dataset2
68,682,1,0.9407232706443259,True,osteoporosis,osteoporosis,OS44.jpg,Osteoporosis_80.jpg,dataset1,dataset2
68,686,4,0.9441570314887264,True,osteoporosis,osteoporosis,OS44.jpg,Osteoporosis_84.jpg,dataset1,dataset2
68,687,5,0.8546374302789415,True,osteoporosis,osteoporosis,OS44.jpg,Osteoporosis_85.jpg,dataset1,dataset2
68,689,5,0.7944040647622017,True,osteoporosis,osteoporosis,OS44.jpg,Osteoporosis_87.jpg,dataset1,dataset2
68,695,6,0.9048602580511098,True,osteoporosis,osteoporosis,OS44.jpg,Osteoporosis_95.jpg,dataset1,dataset2
68,697,6,0.8351470228657436,True,osteoporosis,osteoporosis,OS44.jpg,Osteoporosis_98.jpg,dataset1,dataset2
69,71,2,0.9435803844906039,True,osteoporosis,osteoporosis,OS45.jpg,OS47.jpg,dataset1,dataset1
69,411,3,0.9221829506030836,False,osteoporosis,normal,OS45.jpg,Normal_160.jpg,dataset1,dataset2
69,437,1,0.9134833767257613,False,osteoporosis,normal,OS45.jpg,Normal_184.jpg,dataset1,dataset2
69,439,1,0.9564436688459304,False,osteoporosis,normal,OS45.jpg,Normal_186.jpg,dataset1,dataset2
69,483,2,0.9404185443267576,False,osteoporosis,normal,OS45.jpg,Normal_59.jpg,dataset1,dataset2
69,486,5,0.893675643150821,False,osteoporosis,normal,OS45.jpg,Normal_61.jpg,dataset1,dataset2
69,489,2,0.8498167579643859,False,osteoporosis,normal,OS45.jpg,Normal_65.jpg,dataset1,dataset2
69,496,5,0.9142403973423708,False,osteoporosis,normal,OS45.jpg,Normal_72.jpg,dataset1,dataset2
69,497,2,0.9177026213252817,False,osteoporosis,normal,OS45.jpg,Normal_73.jpg,dataset1,dataset2
69,539,1,0.965394383227766,True,osteoporosis,osteoporosis,OS45.jpg,Osteoporosis_110.jpg,dataset1,dataset2
69,541,6,0.83950271221585,True,osteoporosis,osteoporosis,OS45.jpg,Osteoporosis_112.jpg,dataset1,dataset2
69,555,3,0.9422255853985984,True,osteoporosis,osteoporosis,OS45.jpg,Osteoporosis_125.jpg,dataset1,dataset2
69,562,1,0.953213093403612,True,osteoporosis,osteoporosis,OS45.jpg,Osteoporosis_131.jpg,dataset1,dataset2
69,565,1,0.9452375156419198,True,osteoporosis,osteoporosis,OS45.jpg,Osteoporosis_134.jpg,dataset1,dataset2
69,567,4,0.9233690105134432,True,osteoporosis,osteoporosis,OS45.jpg,Osteoporosis_136.jpg,dataset1,dataset2
69,568,4,0.8827367074149743,True,osteoporosis,osteoporosis,OS45.jpg,Osteoporosis_137.jpg,dataset1,dataset2
69,569,3,0.9157537229982319,True,osteoporosis,osteoporosis,OS45.jpg,Osteoporosis_138.jpg,dataset1,dataset2
69,599,5,0.7937057609878144,True,osteoporosis,osteoporosis,OS45.jpg,Osteoporosis_166.jpg,dataset1,dataset2
69,601,1,0.9717310636354901,True,osteoporosis,osteoporosis,OS45.jpg,Osteoporosis_168.jpg,dataset1,dataset2
69,602,4,0.9280741349853833,True,osteoporosis,osteoporosis,OS45.jpg,Osteoporosis_169.jpg,dataset1,dataset2
69,604,3,0.8785194791364112,True,osteoporosis,osteoporosis,OS45.jpg,Osteoporosis_170.jpg,dataset1,dataset2
69,613,4,0.8836657775266803,True,osteoporosis,osteoporosis,OS45.jpg,Osteoporosis_180.jpg,dataset1,dataset2
69,614,4,0.9252034865679344,True,osteoporosis,osteoporosis,OS45.jpg,Osteoporosis_181.jpg,dataset1,dataset2
69,615,0,0.9997906642159826,True,osteoporosis,osteoporosis,OS45.jpg,Osteoporosis_182.jpg,dataset1,dataset2
69,617,3,0.9430777861603761,True,osteoporosis,osteoporosis,OS45.jpg,Osteoporosis_184.jpg,dataset1,dataset2
69,682,4,0.8980575845768355,True,osteoporosis,osteoporosis,OS45.jpg,Osteoporosis_80.jpg,dataset1,dataset2
69,686,1,0.9399679508287364,True,osteoporosis,osteoporosis,OS45.jpg,Osteoporosis_84.jpg,dataset1,dataset2
69,687,0,0.9409850619329978,True,osteoporosis,osteoporosis,OS45.jpg,Osteoporosis_85.jpg,dataset1,dataset2
69,689,2,0.8804472516961614,True,osteoporosis,osteoporosis,OS45.jpg,Osteoporosis_87.jpg,dataset1,dataset2
69,695,1,0.9396943144468188,True,osteoporosis,osteoporosis,OS45.jpg,Osteoporosis_95.jpg,dataset1,dataset2
69,697,3,0.9043601462526724,True,osteoporosis,osteoporosis,OS45.jpg,Osteoporosis_98.jpg,dataset1,dataset2
69,698,6,0.8985725815516336,True,osteoporosis,osteoporosis,OS45.jpg,Osteoporosis_99.jpg,dataset1,dataset2
70,70,0,1.0,True,osteoporosis,osteoporosis,OS46.jpg,OS46.jpg,dataset1,dataset1
71,409,5,0.9524122890120087,False,osteoporosis,normal,OS47.jpg,Normal_159.jpg,dataset1,dataset2
71,411,5,0.8988710503433847,False,osteoporosis,normal,OS47.jpg,Normal_160.jpg,dataset1,dataset2
71,437,3,0.8898643380604985,False,osteoporosis,normal,OS47.jpg,Normal_184.jpg,dataset1,dataset2
71,439,3,0.9202237621254022,False,osteoporosis,normal,OS47.jpg,Normal_186.jpg,dataset1,dataset2
71,483,2,0.9574294070591006,False,osteoporosis,normal,OS47.jpg,Normal_59.jpg,dataset1,dataset2
71,489,4,0.8692387627889024,False,osteoporosis,normal,OS47.jpg,Normal_65.jpg,dataset1,dataset2
71,497,4,0.9078651784618161,False,osteoporosis,normal,OS47.jpg,Normal_73.jpg,dataset1,dataset2
71,539,3,0.9243019570102957,True,osteoporosis,osteoporosis,OS47.jpg,Osteoporosis_110.jpg,dataset1,dataset2
71,541,4,0.8885654610768348,True,osteoporosis,osteoporosis,OS47.jpg,Osteoporosis_112.jpg,dataset1,dataset2
71,547,5,0.9366914792896697,True,osteoporosis,osteoporosis,OS47.jpg,Osteoporosis_118.jpg,dataset1,dataset2
71,555,5,0.9607091421567646,True,osteoporosis,osteoporosis,OS47.jpg,Osteoporosis_125.jpg,dataset1,dataset2
71,562,3,0.94560132657172,True,osteoporosis,osteoporosis,OS47.jpg,Osteoporosis_131.jpg,dataset1,dataset2
71,565,3,0.92080610423659,True,osteoporosis,osteoporosis,OS47.jpg,Osteoporosis_134.jpg,dataset1,dataset2
71,567,6,0.9267645924482583,True,osteoporosis,osteoporosis,OS47.jpg,Osteoporosis_136.jpg,dataset1,dataset2
71,568,2,0.9298117569826958,True,osteoporosis,osteoporosis,OS47.jpg,Osteoporosis_137.jpg,dataset1,dataset2
71,569,1,0.9370581416752015,True,osteoporosis,osteoporosis,OS47.jpg,Osteoporosis_138.jpg,dataset1,dataset2
71,599,3,0.8158772737195179,True,osteoporosis,osteoporosis,OS47.jpg,Osteoporosis_166.jpg,dataset1,dataset2
71,601,3,0.9330903574930917,True,osteoporosis,osteoporosis,OS47.jpg,Osteoporosis_168.jpg,dataset1,dataset2
71,602,4,0.9473942248188927,True,osteoporosis,osteoporosis,OS47.jpg,Osteoporosis_169.jpg,dataset1,dataset2
71,604,3,0.8932734276020268,True,osteoporosis,osteoporosis,OS47.jpg,Osteoporosis_170.jpg,dataset1,dataset2
71,605,5,0.9508173423890113,True,osteoporosis,osteoporosis,OS47.jpg,Osteoporosis_171.jpg,dataset1,dataset2
71,606,5,0.7296304024955997,True,osteoporosis,osteoporosis,OS47.jpg,Osteoporosis_173.jpg,dataset1,dataset2
71,613,2,0.8943182684935415,True,osteoporosis,osteoporosis,OS47.jpg,Osteoporosis_180.jpg,dataset1,dataset2
71,614,6,0.912205266568221,True,osteoporosis,osteoporosis,OS47.jpg,Osteoporosis_181.jpg,dataset1,dataset2
71,615,2,0.9429970973625528,True,osteoporosis,osteoporosis,OS47.jpg,Osteoporosis_182.jpg,dataset1,dataset2
71,617,1,0.9998106304282202,True,osteoporosis,osteoporosis,OS47.jpg,Osteoporosis_184.jpg,dataset1,dataset2
71,682,6,0.849737094777513,True,osteoporosis,osteoporosis,OS47.jpg,Osteoporosis_80.jpg,dataset1,dataset2
71,686,3,0.9448871050697261,True,osteoporosis,osteoporosis,OS47.jpg,Osteoporosis_84.jpg,dataset1,dataset2
71,687,2,0.9096499193552887,True,osteoporosis,osteoporosis,OS47.jpg,Osteoporosis_85.jpg,dataset1,dataset2
71,689,4,0.8784130927592806,True,osteoporosis,osteoporosis,OS47.jpg,Osteoporosis_87.jpg,dataset1,dataset2
71,695,3,0.9412131858645787,True,osteoporosis,osteoporosis,OS47.jpg,Osteoporosis_95.jpg,dataset1,dataset2
71,697,3,0.9432420957048036,True,osteoporosis,osteoporosis,OS47.jpg,Osteoporosis_98.jpg,dataset1,dataset2
71,698,4,0.9359830875833322,True,osteoporosis,osteoporosis,OS47.jpg,Osteoporosis_99.jpg,dataset1,dataset2
72,618,1,0.9997257529054634,True,osteoporosis,osteoporosis,OS48.jpg,Osteoporosis_185.jpg,dataset1,dataset2
76,88,4,0.9574706286993839,True,osteoporosis,osteoporosis,1.JPEG,109.JPEG,dataset2,dataset2
76,107,5,0.9402997300456788,True,osteoporosis,osteoporosis,1.JPEG,124.JPEG,dataset2,dataset2
76,255,3,0.9542607408138504,True,osteoporosis,osteoporosis,1.JPEG,31.JPEG,dataset2,dataset2
76,261,6,0.9427653037245475,False,osteoporosis,normal,1.JPEG,33nn.JPEG,dataset2,dataset2
76,320,2,0.9971562262352707,True,osteoporosis,osteoporosis,1.JPEG,79.JPEG,dataset2,dataset2
76,526,1,0.998381686915625,True,osteoporosis,osteoporosis,1.JPEG,Osteoporosis.jpg,dataset2,dataset2
76,622,2,0.9544344809702459,True,osteoporosis,osteoporosis,1.JPEG,Osteoporosis_23.jpg,dataset2,dataset2
76,646,2,0.9969103924587497,True,osteoporosis,osteoporosis,1.JPEG,Osteoporosis_47.jpg,dataset2,dataset2
76,664,6,0.9579224726546424,True,osteoporosis,osteoporosis,1.JPEG,Osteoporosis_64.jpg,dataset2,dataset2
76,676,5,0.939373070593553,True,osteoporosis,osteoporosis,1.JPEG,Osteoporosis_75.jpg,dataset2,dataset2
77,77,0,1.0,True,osteoporosis,osteoporosis,10.JPEG,10.JPEG,dataset2,dataset2
77,623,6,0.7607531017472269,True,osteoporosis,osteoporosis,10.JPEG,Osteoporosis_24.jpg,dataset2,dataset2
77,638,6,0.918860266860886,True,osteoporosis,osteoporosis,10.JPEG,Osteoporosis_4.jpg,dataset2,dataset2
77,691,2,0.9968251849971639,True,osteoporosis,osteoporosis,10.JPEG,Osteoporosis_9.jpg,dataset2,dataset2
78,329,5,0.9097531314860303,True,normal,normal,10.png,87.png,dataset2,dataset2
78,333,6,0.8110773885311173,False,normal,osteoporosis,10.png,9.png,dataset2,dataset2
78,515,0,0.9979071561075449,True,normal,normal,10.png,Normal_9.jpg,dataset2,dataset2
78,516,5,0.9057433773726125,True,normal,normal,10.png,Normal_90.jpg,dataset2,dataset2
78,681,6,0.814088394251025,False,normal,osteoporosis,10.png,Osteoporosis_8.jpg,dataset2,dataset2
79,254,6,0.9253422820062959,False,osteoporosis,normal,100.JPEG,31.JPEG,dataset2,dataset2
79,460,6,0.9222609831653477,False,osteoporosis,normal,100.JPEG,Normal_37.jpg,dataset2,dataset2
79,658,0,0.9995624090972526,True,osteoporosis,osteoporosis,100.JPEG,Osteoporosis_58.jpg,dataset2,dataset2
80,244,6,0.8345745326242118,True,normal,normal,101.jpg,294n.jpg,dataset2,dataset2
80,276,6,0.8428645667237727,True,normal,normal,101.jpg,41.jpg,dataset2,dataset2
80,429,6,0.837054881704425,True,normal,normal,101.jpg,Normal_177.jpg,dataset2,dataset2
80,477,6,0.844796246419041,True,normal,normal,101.jpg,Normal_53.jpg,dataset2,dataset2
80,523,1,0.9994394527720882,True,normal,normal,101.jpg,Normal_97.jpg,dataset2,dataset2
81,659,4,0.9978126061368091,True,osteoporosis,osteoporosis,102.png,Osteoporosis_59.jpg,dataset2,dataset2
82,660,0,0.9997351991997004,True,osteoporosis,osteoporosis,103.JPEG,Osteoporosis_60.jpg,dataset2,dataset2
83,524,0,0.9995032941031736,True,normal,normal,104.jpg,Normal_98.jpg,dataset2,dataset2
84,343,2,0.9088957673039828,True,osteoporosis,osteoporosis,105.png,99.png,dataset2,dataset2
84,657,2,0.9119789598220231,True,osteoporosis,osteoporosis,105.png,Osteoporosis_57.jpg,dataset2,dataset2
84,661,1,0.9996666764322063,True,osteoporosis,osteoporosis,105.png,Osteoporosis_61.jpg,dataset2,dataset2
85,159,5,0.9125140651325112,True,osteoporosis,osteoporosis,106.JPEG,19.JPEG,dataset2,dataset2
85,285,6,0.9175197976150737,True,osteoporosis,osteoporosis,106.JPEG,4o.JPEG,dataset2,dataset2
85,290,3,0.6618939861758171,True,osteoporosis,osteoporosis,106.JPEG,52.JPEG,dataset2,dataset2
85,538,6,0.9331345138328473,True,osteoporosis,osteoporosis,106.JPEG,Osteoporosis_11.jpg,dataset2,dataset2
85,632,3,0.6636839302025896,True,osteoporosis,osteoporosis,106.JPEG,Osteoporosis_34.jpg,dataset2,dataset2
85,662,1,0.9996259293143422,True,osteoporosis,osteoporosis,106.JPEG,Osteoporosis_62.jpg,dataset2,dataset2
86,248,3,0.9221841922107146,True,normal,normal,107.jpg,29nn.jpg,dataset2,dataset2
86,297,4,0.8968326477168026,True,normal,normal,107.jpg,59.jpg,dataset2,dataset2
86,457,3,0.9222209256588833,True,normal,normal,107.jpg,Normal_34.jpg,dataset2,dataset2
86,501,5,0.899263019847012,True,normal,normal,107.jpg,Normal_77.jpg,dataset2,dataset2
86,519,6,0.8484419868587885,True,normal,normal,107.jpg,Normal_93.jpg,dataset2,dataset2
86,525,0,0.9993573674233753,True,normal,normal,107.jpg,Normal_99.jpg,dataset2,dataset2
87,329,6,0.7348577311408174,False,osteoporosis,normal,108.png,87.png,dataset2,dataset2
87,516,6,0.7325498321037929,False,osteoporosis,normal,108.png,Normal_90.jpg,dataset2,dataset2
87,663,1,0.9980142164662352,True,osteoporosis,osteoporosis,108.png,Osteoporosis_63.jpg,dataset2,dataset2
88,255,5,0.9506576926108404,True,osteoporosis,osteoporosis,109.JPEG,31.JPEG,dataset2,dataset2
88,261,6,0.9420772663448882,False,osteoporosis,normal,109.JPEG,33nn.JPEG,dataset2,dataset2
88,320,6,0.9552078112582774,True,osteoporosis,osteoporosis,109.JPEG,79.JPEG,dataset2,dataset2
88,526,5,0.9556956395777384,True,osteoporosis,osteoporosis,109.JPEG,Osteoporosis.jpg,dataset2,dataset2
88,622,4,0.9505290462847058,True,osteoporosis,osteoporosis,109.JPEG,Osteoporosis_23.jpg,dataset2,dataset2
88,646,6,0.9548970176370004,True,osteoporosis,osteoporosis,109.JPEG,Osteoporosis_47.jpg,dataset2,dataset2
88,664,2,0.9995758733729446,True,osteoporosis,osteoporosis,109.JPEG,Osteoporosis_64.jpg,dataset2,dataset2
89,264,4,0.8794213841821359,True,normal,normal,11.jpg,35.jpg,dataset2,dataset2
89,345,0,0.9992043282248715,True,normal,normal,11.jpg,Normal_10.jpg,dataset2,dataset2
89,467,4,0.8790084152849067,True,normal,normal,11.jpg,Normal_43.jpg,dataset2,dataset2
90,346,3,0.9950796910913061,True,normal,normal,110.jpg,Normal_100.jpg,dataset2,dataset2
91,97,5,0.8477400407606945,True,osteoporosis,osteoporosis,111.png,117.png,dataset2,dataset2
91,267,6,0.6782805896514734,True,osteoporosis,osteoporosis,111.png,36.png,dataset2,dataset2
91,624,6,0.6633820410740364,True,osteoporosis,osteoporosis,111.png,Osteoporosis_25.jpg,dataset2,dataset2
91,665,0,0.9996486551645081,True,osteoporosis,osteoporosis,111.png,Osteoporosis_65.jpg,dataset2,dataset2
91,671,5,0.851004292615902,True,osteoporosis,osteoporosis,111.png,Osteoporosis_70.jpg,dataset2,dataset2
92,95,4,0.6790039442433896,False,osteoporosis,normal,112.JPEG,115n.JPEG,dataset2,dataset2
92,98,6,0.856068005973333,False,osteoporosis,normal,112.JPEG,118n.JPEG,dataset2,dataset2
92,261,4,0.8999142185639868,False,osteoporosis,normal,112.JPEG,33nn.JPEG,dataset2,dataset2
92,268,5,0.9184940147672929,True,osteoporosis,osteoporosis,112.JPEG,37.JPEG,dataset2,dataset2
92,321,5,0.8945092281050065,True,osteoporosis,osteoporosis,112.JPEG,8.JPEG,dataset2,dataset2
92,347,6,0.6787738539801111,False,osteoporosis,normal,112.JPEG,Normal_101.jpg,dataset2,dataset2
92,348,5,0.8570431488201513,False,osteoporosis,normal,112.JPEG,Normal_102.jpg,dataset2,dataset2
92,465,5,0.8966094380452362,False,osteoporosis,normal,112.JPEG,Normal_41.jpg,dataset2,dataset2
92,625,5,0.9190194449611742,True,osteoporosis,osteoporosis,112.JPEG,Osteoporosis_26.jpg,dataset2,dataset2
92,666,1,0.9995118993326326,True,osteoporosis,osteoporosis,112.JPEG,Osteoporosis_66.jpg,dataset2,dataset2
92,670,6,0.8903696188924479,True,osteoporosis,osteoporosis,112.JPEG,Osteoporosis_7.jpg,dataset2,dataset2
93,105,5,0.8905777451230534,True,osteoporosis,osteoporosis,113.jpg,122.jpg,dataset2,dataset2
93,173,5,0.8145074160505464,True,osteoporosis,osteoporosis,113.jpg,208.png,dataset2,dataset2
93,191,1,0.9954388583246282,True,osteoporosis,osteoporosis,113.jpg,239.jpg,dataset2,dataset2
93,236,1,0.8972094038452274,True,osteoporosis,osteoporosis,113.jpg,288.jpg,dataset2,dataset2
93,376,6,0.7785476771542692,False,osteoporosis,normal,113.jpg,Normal_128.jpg,dataset2,dataset2
93,561,2,0.995456995540088,True,osteoporosis,osteoporosis,113.jpg,Osteoporosis_130.jpg,dataset2,dataset2
93,594,1,0.8976786614491182,True,osteoporosis,osteoporosis,113.jpg,Osteoporosis_161.jpg,dataset2,dataset2
93,667,0,0.9996193831310727,True,osteoporosis,osteoporosis,113.jpg,Osteoporosis_67.jpg,dataset2,dataset2
93,675,4,0.8707663237996848,True,osteoporosis,osteoporosis,113.jpg,Osteoporosis_74.jpg,dataset2,dataset2
94,102,5,0.845296232578244,True,osteoporosis,osteoporosis,114.png,12.png,dataset2,dataset2
94,281,6,0.6158083308856175,True,osteoporosis,osteoporosis,114.png,45.png,dataset2,dataset2
94,337,6,0.7034732093613338,True,osteoporosis,osteoporosis,114.png,93.png,dataset2,dataset2
94,527,6,0.8269077955744228,True,osteoporosis,osteoporosis,114.png,Osteoporosis_10.jpg,dataset2,dataset2
94,636,6,0.8511172061312378,True,osteoporosis,osteoporosis,114.png,Osteoporosis_38.jpg,dataset2,dataset2
94,639,6,0.8497890287256897,True,osteoporosis,osteoporosis,114.png,Osteoporosis_40.jpg,dataset2,dataset2
94,654,6,0.6847667548811254,True,osteoporosis,osteoporosis,114.png,Osteoporosis_54.jpg,dataset2,dataset2
94,668,0,0.9995753018186719,True,osteoporosis,osteoporosis,114.png,Osteoporosis_68.jpg,dataset2,dataset2
95,95,0,1.0,True,normal,normal,115n.JPEG,115n.JPEG,dataset2,dataset2
95,98,2,0.6683995522311439,True,normal,normal,115n.JPEG,118n.JPEG,dataset2,dataset2
95,226,3,0.7482664470085254,False,normal,osteoporosis,115n.JPEG,276.JPEG,dataset2,dataset2
95,261,4,0.6570738905738638,True,normal,normal,115n.JPEG,33nn.JPEG,dataset2,dataset2
95,268,3,0.6840299071525606,False,normal,osteoporosis,115n.JPEG,37.JPEG,dataset2,dataset2
95,285,6,0.7032241222468176,False,normal,osteoporosis,115n.JPEG,4o.JPEG,dataset2,dataset2
95,308,3,0.8137019259476406,True,normal,normal,115n.JPEG,68.jpg,dataset2,dataset2
95,321,3,0.6966390715831154,False,normal,osteoporosis,115n.JPEG,8.JPEG,dataset2,dataset2
95,347,2,0.9997695246554121,True,normal,normal,115n.JPEG,Normal_101.jpg,dataset2,dataset2
95,348,1,0.6713298765924645,True,normal,normal,115n.JPEG,Normal_102.jpg,dataset2,dataset2
95,465,5,0.6535286278383144,True,normal,normal,115n.JPEG,Normal_41.jpg,dataset2,dataset2
95,506,3,0.8163754989650174,True,normal,normal,115n.JPEG,Normal_81.jpg,dataset2,dataset2
95,538,6,0.7179918819874533,False,normal,osteoporosis,115n.JPEG,Osteoporosis_11.jpg,dataset2,dataset2
95,590,3,0.7491142266645414,False,normal,osteoporosis,115n.JPEG,Osteoporosis_157.jpg,dataset2,dataset2
95,625,3,0.6868947775038811,False,normal,osteoporosis,115n.JPEG,Osteoporosis_26.jpg,dataset2,dataset2
95,666,5,0.6802055835926373,False,normal,osteoporosis,115n.JPEG,Osteoporosis_66.jpg,dataset2,dataset2
95,670,4,0.6926546294921778,False,normal,osteoporosis,115n.JPEG,Osteoporosis_7.jpg,dataset2,dataset2
96,669,0,0.9994921727491934,True,osteoporosis,osteoporosis,116.jpg,Osteoporosis_69.jpg,dataset2,dataset2
96,672,4,0.9459096293814484,True,osteoporosis,osteoporosis,116.jpg,Osteoporosis_71.jpg,dataset2,dataset2
97,267,5,0.5809717862679049,True,osteoporosis,osteoporosis,117.png,36.png,dataset2,dataset2
97,624,5,0.5671425315512441,True,osteoporosis,osteoporosis,117.png,Osteoporosis_25.jpg,dataset2,dataset2
97,665,5,0.8452970371492713,True,osteoporosis,osteoporosis,117.png,Osteoporosis_65.jpg,dataset2,dataset2
97,671,0,0.9995297770390864,True,osteoporosis,osteoporosis,117.png,Osteoporosis_70.jpg,dataset2,dataset2
98,192,5,0.934531579055321,True,normal,normal,118n.JPEG,24.JPEG,dataset2,dataset2
98,226,5,0.8601772538414009,False,normal,osteoporosis,118n.JPEG,276.JPEG,dataset2,dataset2
98,261,6,0.8525263517798707,True,normal,normal,118n.JPEG,33nn.JPEG,dataset2,dataset2
98,268,5,0.9293165151673103,False,normal,osteoporosis,118n.JPEG,37.JPEG,dataset2,dataset2
98,308,5,0.4725086404595649,True,normal,normal,118n.JPEG,68.jpg,dataset2,dataset2
98,321,5,0.9010760913191149,False,normal,osteoporosis,118n.JPEG,8.JPEG,dataset2,dataset2
98,335,6,0.8122026888089607,True,normal,normal,118n.JPEG,91n.JPEG,dataset2,dataset2
98,347,4,0.6679709547593395,True,normal,normal,118n.JPEG,Normal_101.jpg,dataset2,dataset2
98,348,1,0.9995672498443899,True,normal,normal,118n.JPEG,Normal_102.jpg,dataset2,dataset2
98,447,5,0.9203098622195527,True,normal,normal,118n.JPEG,Normal_25.jpg,dataset2,dataset2
98,506,5,0.4732902357003429,True,normal,normal,118n.JPEG,Normal_81.jpg,dataset2,dataset2
98,518,5,0.8089627826239487,True,normal,normal,118n.JPEG,Normal_92.jpg,dataset2,dataset2
98,538,6,0.9404043899029473,False,normal,osteoporosis,118n.JPEG,Osteoporosis_11.jpg,dataset2,dataset2
98,590,5,0.8591515596736757,False,normal,osteoporosis,118n.JPEG,Osteoporosis_157.jpg,dataset2,dataset2
98,625,5,0.9289242171196583,False,normal,osteoporosis,118n.JPEG,Osteoporosis_26.jpg,dataset2,dataset2
98,670,6,0.8961296650773607,False,normal,osteoporosis,118n.JPEG,Osteoporosis_7.jpg,dataset2,dataset2
99,672,1,0.9993251637877705,True,osteoporosis,osteoporosis,119.jpg,Osteoporosis_71.jpg,dataset2,dataset2
100,329,6,0.8374270047053523,True,normal,normal,11nn.png,87.png,dataset2,dataset2
100,356,0,0.9990912841769115,True,normal,normal,11nn.png,Normal_11.jpg,dataset2,dataset2
100,516,6,0.8370457419088738,True,normal,normal,11nn.png,Normal_90.jpg,dataset2,dataset2
101,367,1,0.9994687902672881,True,normal,normal,12.png,Normal_12.jpg,dataset2,dataset2
102,103,5,0.5038697086152634,True,osteoporosis,osteoporosis,12.png,120.png,dataset2,dataset2
102,112,5,0.8604978957810354,True,osteoporosis,osteoporosis,12.png,129.png,dataset2,dataset2
102,292,4,0.946774757003833,True,osteoporosis,osteoporosis,12.png,54.png,dataset2,dataset2
102,299,6,0.9405157887642104,True,osteoporosis,osteoporosis,12.png,6.png,dataset2,dataset2
102,326,6,0.7928673228948968,True,osteoporosis,osteoporosis,12.png,84.png,dataset2,dataset2
102,527,1,0.9955590378665371,True,osteoporosis,osteoporosis,12.png,Osteoporosis_10.jpg,dataset2,dataset2
102,633,4,0.9474494429130691,True,osteoporosis,osteoporosis,12.png,Osteoporosis_35.jpg,dataset2,dataset2
102,636,5,0.9254786270756459,True,osteoporosis,osteoporosis,12.png,Osteoporosis_38.jpg,dataset2,dataset2
102,639,5,0.9246803976836493,True,osteoporosis,osteoporosis,12.png,Osteoporosis_40.jpg,dataset2,dataset2
102,649,5,0.9401687306324218,True,osteoporosis,osteoporosis,12.png,Osteoporosis_5.jpg,dataset2,dataset2
102,650,6,0.7898883452820746,True,osteoporosis,osteoporosis,12.png,Osteoporosis_50.jpg,dataset2,dataset2
102,668,5,0.8498156591220238,True,osteoporosis,osteoporosis,12.png,Osteoporosis_68.jpg,dataset2,dataset2
102,673,5,0.5060732242876351,True,osteoporosis,osteoporosis,12.png,Osteoporosis_72.jpg,dataset2,dataset2
102,679,6,0.8635850598653303,True,osteoporosis,osteoporosis,12.png,Osteoporosis_78.jpg,dataset2,dataset2
103,281,4,0.45668904147877576,True,osteoporosis,osteoporosis,120.png,45.png,dataset2,dataset2
103,292,5,0.432727659767177,True,osteoporosis,osteoporosis,120.png,54.png,dataset2,dataset2
103,329,4,0.6870820758407833,False,osteoporosis,normal,120.png,87.png,dataset2,dataset2
103,516,4,0.6830028244047028,False,osteoporosis,normal,120.png,Normal_90.jpg,dataset2,dataset2
103,527,4,0.493635491983903,True,osteoporosis,osteoporosis,120.png,Osteoporosis_10.jpg,dataset2,dataset2
103,628,5,0.4519393173762918,True,osteoporosis,osteoporosis,120.png,Osteoporosis_29.jpg,dataset2,dataset2
103,633,5,0.4352795006890104,True,osteoporosis,osteoporosis,120.png,Osteoporosis_35.jpg,dataset2,dataset2
103,636,6,0.44475892768445635,True,osteoporosis,osteoporosis,120.png,Osteoporosis_38.jpg,dataset2,dataset2
103,639,6,0.44258278401050244,True,osteoporosis,osteoporosis,120.png,Osteoporosis_40.jpg,dataset2,dataset2
103,649,6,0.43542152298932957,True,osteoporosis,osteoporosis,120.png,Osteoporosis_5.jpg,dataset2,dataset2
103,673,0,0.9965431055999561,True,osteoporosis,osteoporosis,120.png,Osteoporosis_72.jpg,dataset2,dataset2
104,674,0,0.9997580129612006,True,osteoporosis,osteoporosis,121.JPEG,Osteoporosis_73.jpg,dataset2,dataset2
105,108,4,0.9282215911649586,False,osteoporosis,normal,122.jpg,125.jpg,dataset2,dataset2
105,131,6,0.7814757429429315,False,osteoporosis,normal,122.jpg,14nn.jpg,dataset2,dataset2
105,191,4,0.8875524788750484,True,osteoporosis,osteoporosis,122.jpg,239.jpg,dataset2,dataset2
105,236,4,0.9375133675281239,True,osteoporosis,osteoporosis,122.jpg,288.jpg,dataset2,dataset2
105,350,4,0.9285590284693039,False,osteoporosis,normal,122.jpg,Normal_104.jpg,dataset2,dataset2
105,400,6,0.7806798988405672,False,osteoporosis,normal,122.jpg,Normal_15.jpg,dataset2,dataset2
105,561,5,0.8872177225129486,True,osteoporosis,osteoporosis,122.jpg,Osteoporosis_130.jpg,dataset2,dataset2
105,594,4,0.9378606987293814,True,osteoporosis,osteoporosis,122.jpg,Osteoporosis_161.jpg,dataset2,dataset2
105,667,5,0.8898846110963181,True,osteoporosis,osteoporosis,122.jpg,Osteoporosis_67.jpg,dataset2,dataset2
105,675,1,0.993365861980251,True,osteoporosis,osteoporosis,122.jpg,Osteoporosis_74.jpg,dataset2,dataset2
106,153,4,0.9258833107671027,False,normal,osteoporosis,123.png,18.png,dataset2,dataset2
106,298,2,0.8418681149142693,True,normal,normal,123.png,6.png,dataset2,dataset2
106,299,5,0.9179321273916641,False,normal,osteoporosis,123.png,6.png,dataset2,dataset2
106,300,6,0.8845729438086958,False,normal,osteoporosis,123.png,60.png,dataset2,dataset2
106,303,4,0.8843681303588291,False,normal,osteoporosis,123.png,63.png,dataset2,dataset2
106,326,5,0.7197542806328403,False,normal,osteoporosis,123.png,84.png,dataset2,dataset2
106,332,4,0.9283659942645458,True,normal,normal,123.png,9.png,dataset2,dataset2
106,337,4,0.7349739819244165,False,normal,osteoporosis,123.png,93.png,dataset2,dataset2
106,349,0,0.9984607411937056,True,normal,normal,123.png,Normal_103.jpg,dataset2,dataset2
106,504,3,0.9312793820615092,True,normal,normal,123.png,Normal_8.jpg,dataset2,dataset2
106,527,6,0.9058710447612892,False,normal,osteoporosis,123.png,Osteoporosis_10.jpg,dataset2,dataset2
106,571,3,0.9232275835856845,False,normal,osteoporosis,123.png,Osteoporosis_14.jpg,dataset2,dataset2
106,636,4,0.8801212343532432,False,normal,osteoporosis,123.png,Osteoporosis_38.jpg,dataset2,dataset2
106,639,4,0.8798541138989411,False,normal,osteoporosis,123.png,Osteoporosis_40.jpg,dataset2,dataset2
106,649,4,0.9263837012973908,False,normal,osteoporosis,123.png,Osteoporosis_5.jpg,dataset2,dataset2
106,650,5,0.7139344100966795,False,normal,osteoporosis,123.png,Osteoporosis_50.jpg,dataset2,dataset2
106,654,4,0.7325471524338087,False,normal,osteoporosis,123.png,Osteoporosis_54.jpg,dataset2,dataset2
107,255,6,0.9324614755870395,True,osteoporosis,osteoporosis,124.JPEG,31.JPEG,dataset2,dataset2
107,526,6,0.9393050612037844,True,osteoporosis,osteoporosis,124.JPEG,Osteoporosis.jpg,dataset2,dataset2
107,622,5,0.9340429558280909,True,osteoporosis,osteoporosis,124.JPEG,Osteoporosis_23.jpg,dataset2,dataset2
107,676,0,0.9995805403469227,True,osteoporosis,osteoporosis,124.JPEG,Osteoporosis_75.jpg,dataset2,dataset2
108,108,0,0.9999999999999998,True,normal,normal,125.jpg,125.jpg,dataset2,dataset2
108,236,4,0.9397638450613763,False,normal,osteoporosis,125.jpg,288.jpg,dataset2,dataset2
108,331,6,0.8298041386786156,True,normal,normal,125.jpg,89.jpg,dataset2,dataset2
108,350,0,0.9994036181920599,True,normal,normal,125.jpg,Normal_104.jpg,dataset2,dataset2
108,594,4,0.9412947168984652,False,normal,osteoporosis,125.jpg,Osteoporosis_161.jpg,dataset2,dataset2
108,675,5,0.9080028018386741,False,normal,osteoporosis,125.jpg,Osteoporosis_74.jpg,dataset2,dataset2
109,677,4,0.9998246355205537,True,osteoporosis,osteoporosis,126.png,Osteoporosis_76.jpg,dataset2,dataset2
110,678,1,0.9958627415553262,True,osteoporosis,osteoporosis,127.JPEG,Osteoporosis_77.jpg,dataset2,dataset2
111,351,3,0.99513811174325,True,normal,normal,128.jpg,Normal_105.jpg,dataset2,dataset2
111,493,6,0.6788696889400598,True,normal,normal,128.jpg,Normal_7.jpg,dataset2,dataset2
112,337,6,0.7690326657756184,True,osteoporosis,osteoporosis,129.png,93.png,dataset2,dataset2
112,654,6,0.7525978500220585,True,osteoporosis,osteoporosis,129.png,Osteoporosis_54.jpg,dataset2,dataset2
112,679,1,0.9996885485484845,True,osteoporosis,osteoporosis,129.png,Osteoporosis_78.jpg,dataset2,dataset2
113,113,0,1.0000000000000002,True,osteoporosis,osteoporosis,13.JPEG,13.JPEG,dataset2,dataset2
113,259,6,0.8116661652836363,False,osteoporosis,normal,13.JPEG,32nn.JPEG,dataset2,dataset2
113,290,6,0.6186544617530647,True,osteoporosis,osteoporosis,13.JPEG,52.JPEG,dataset2,dataset2
113,308,6,0.5554515164563567,False,osteoporosis,normal,13.JPEG,68.jpg,dataset2,dataset2
113,506,6,0.5556407914862638,False,osteoporosis,normal,13.JPEG,Normal_81.jpg,dataset2,dataset2
113,538,1,0.9983929987175343,True,osteoporosis,osteoporosis,13.JPEG,Osteoporosis_11.jpg,dataset2,dataset2
113,632,6,0.6206742741771603,True,osteoporosis,osteoporosis,13.JPEG,Osteoporosis_34.jpg,dataset2,dataset2
114,378,1,0.9994571346351804,True,normal,normal,13.png,Normal_13.jpg,dataset2,dataset2
115,195,5,0.7250315485747185,False,osteoporosis,normal,130.JPEG,25.JPEG,dataset2,dataset2
115,448,5,0.7199349229480501,False,osteoporosis,normal,130.JPEG,Normal_26.jpg,dataset2,dataset2
115,680,0,0.996319341243433,True,osteoporosis,osteoporosis,130.JPEG,Osteoporosis_79.jpg,dataset2,dataset2
116,352,1,0.9945642994168912,True,normal,normal,131.jpg,Normal_106.jpg,dataset2,dataset2
117,353,0,0.9995942818576586,True,normal,normal,132.png,Normal_107.jpg,dataset2,dataset2
118,269,5,0.8764545872261739,True,normal,normal,133.jpg,37.jpg,dataset2,dataset2
118,354,1,0.9992826404088305,True,normal,normal,133.jpg,Normal_108.jpg,dataset2,dataset2
118,470,6,0.8689012742047345,True,normal,normal,133.jpg,Normal_47.jpg,dataset2,dataset2
119,355,0,0.9992177344818657,True,normal,normal,135.jpg,Normal_109.jpg,dataset2,dataset2
120,357,2,0.9994239292655298,True,normal,normal,137.jpg,Normal_110.jpg,dataset2,dataset2
121,358,1,0.9993418214053281,True,normal,normal,138.png,Normal_111.jpg,dataset2,dataset2
122,359,0,0.9965183927147763,True,normal,normal,139.jpg,Normal_112.jpg,dataset2,dataset2
123,216,6,0.93865639179304,True,normal,normal,14.png,267n.png,dataset2,dataset2
123,389,0,0.9995193680825711,True,normal,normal,14.png,Normal_14.jpg,dataset2,dataset2
123,418,6,0.9388818621398679,True,normal,normal,14.png,Normal_167.jpg,dataset2,dataset2
124,360,0,0.9997427620339773,True,normal,normal,140.png,Normal_113.jpg,dataset2,dataset2
125,361,0,0.999238400906832,True,normal,normal,141.jpg,Normal_114.jpg,dataset2,dataset2
126,137,6,0.7803324954919149,True,normal,normal,142n.png,158n.png,dataset2,dataset2
126,362,0,0.995731354964655,True,normal,normal,142n.png,Normal_115.jpg,dataset2,dataset2
126,371,6,0.7772676151037988,True,normal,normal,142n.png,Normal_123.jpg,dataset2,dataset2
127,154,2,0.9032835378521507,False,osteoporosis,normal,144.png,180n.png,dataset2,dataset2
127,204,6,0.5962382959173587,False,osteoporosis,normal,144.png,258n.png,dataset2,dataset2
127,383,3,0.9022067353865266,False,osteoporosis,normal,144.png,Normal_134.jpg,dataset2,dataset2
127,413,6,0.5951047413570998,False,osteoporosis,normal,144.png,Normal_162.jpg,dataset2,dataset2
127,683,1,0.9930777236340816,True,osteoporosis,osteoporosis,144.png,Osteoporosis_81.jpg,dataset2,dataset2
128,363,0,0.9992864882642108,True,normal,normal,146n.png,Normal_116.jpg,dataset2,dataset2
129,247,1,0.9791768893320725,True,osteoporosis,osteoporosis,147.jpg,298.jpg,dataset2,dataset2
129,600,1,0.979070926005488,True,osteoporosis,osteoporosis,147.jpg,Osteoporosis_167.jpg,dataset2,dataset2
129,685,0,0.9996820020794068,True,osteoporosis,osteoporosis,147.jpg,Osteoporosis_83.jpg,dataset2,dataset2
130,202,6,0.5790680766192491,True,normal,normal,148n.png,256n.png,dataset2,dataset2
130,364,1,0.9989007244696593,True,normal,normal,148n.png,Normal_117.jpg,dataset2,dataset2
130,412,6,0.5732598811265217,True,normal,normal,148n.png,Normal_161.jpg,dataset2,dataset2
131,400,0,0.9993661586098967,True,normal,normal,14nn.jpg,Normal_15.jpg,dataset2,dataset2
132,549,0,0.9993393403813919,True,osteoporosis,osteoporosis,15.png,Osteoporosis_12.jpg,dataset2,dataset2
133,150,4,0.9209282845745714,True,normal,normal,150.png,176n.png,dataset2,dataset2
133,179,6,0.8545658831644503,True,normal,normal,150.png,214n.png,dataset2,dataset2
133,365,1,0.9921564053834386,True,normal,normal,150.png,Normal_118.jpg,dataset2,dataset2
133,381,4,0.9196844265799045,True,normal,normal,150.png,Normal_132.jpg,dataset2,dataset2
133,402,6,0.8512067832808521,True,normal,normal,150.png,Normal_151.jpg,dataset2,dataset2
134,163,5,0.8533785676253052,False,osteoporosis,normal,152.png,196.png,dataset2,dataset2
134,181,6,0.8128343120331174,False,osteoporosis,normal,152.png,218n.png,dataset2,dataset2
134,393,5,0.8571235013811227,False,osteoporosis,normal,152.png,Normal_143.jpg,dataset2,dataset2
134,394,6,0.891102252670992,False,osteoporosis,normal,152.png,Normal_144.jpg,dataset2,dataset2
134,404,6,0.8156822053365058,False,osteoporosis,normal,152.png,Normal_153.jpg,dataset2,dataset2
134,688,0,0.998718403019637,True,osteoporosis,osteoporosis,152.png,Osteoporosis_86.jpg,dataset2,dataset2
135,366,2,0.9954334009018146,True,normal,normal,154.png,Normal_119.jpg,dataset2,dataset2
135,537,6,0.7677324937285259,False,normal,osteoporosis,154.png,Osteoporosis_109.jpg,dataset2,dataset2
136,369,1,0.9986468240848906,True,normal,normal,156.png,Normal_121.jpg,dataset2,dataset2
137,147,6,0.8470578159435633,True,normal,normal,158n.png,170n.png,dataset2,dataset2
137,150,3,0.8807633565876412,True,normal,normal,158n.png,176n.png,dataset2,dataset2
137,362,6,0.7669475399188321,True,normal,normal,158n.png,Normal_115.jpg,dataset2,dataset2
137,371,0,0.9990489681847717,True,normal,normal,158n.png,Normal_123.jpg,dataset2,dataset2
137,377,6,0.8455704896726564,True,normal,normal,158n.png,Normal_129.jpg,dataset2,dataset2
137,381,3,0.8808979410840965,True,normal,normal,158n.png,Normal_132.jpg,dataset2,dataset2
138,560,2,0.9962834308845636,True,osteoporosis,osteoporosis,16.JPEG,Osteoporosis_13.jpg,dataset2,dataset2
139,187,5,0.8997887068773013,False,normal,osteoporosis,16.png,226.png,dataset2,dataset2
139,410,1,0.9994592079328987,True,normal,normal,16.png,Normal_16.jpg,dataset2,dataset2
139,551,5,0.8995744862195812,False,normal,osteoporosis,16.png,Osteoporosis_121.jpg,dataset2,dataset2
140,372,0,0.9991006953078839,True,normal,normal,160n.png,Normal_124.jpg,dataset2,dataset2
141,148,6,0.8911568013663242,True,normal,normal,162n.png,172n.png,dataset2,dataset2
141,373,1,0.9983661248956088,True,normal,normal,162n.png,Normal_125.jpg,dataset2,dataset2
141,379,6,0.8903338760318218,True,normal,normal,162n.png,Normal_130.jpg,dataset2,dataset2
142,162,6,0.7206812879521213,True,normal,normal,164n.png,194n.png,dataset2,dataset2
142,374,0,0.9967925377198795,True,normal,normal,164n.png,Normal_126.jpg,dataset2,dataset2
143,375,1,0.9983445584027628,True,normal,normal,166n.png,Normal_127.jpg,dataset2,dataset2
144,147,6,0.8939000168015017,True,normal,normal,168n.png,170n.png,dataset2,dataset2
144,161,5,0.9382999462699013,True,normal,normal,168n.png,192n.png,dataset2,dataset2
144,217,6,0.4938083377760879,False,normal,osteoporosis,168n.png,268.png,dataset2,dataset2
144,369,6,0.833606726404948,True,normal,normal,168n.png,Normal_121.jpg,dataset2,dataset2
144,376,1,0.9977023807652341,True,normal,normal,168n.png,Normal_128.jpg,dataset2,dataset2
144,377,6,0.8953014109311422,True,normal,normal,168n.png,Normal_129.jpg,dataset2,dataset2
144,391,4,0.9383365139332412,True,normal,normal,168n.png,Normal_141.jpg,dataset2,dataset2
145,693,1,0.9971017621903383,True,osteoporosis,osteoporosis,169.jpg,Osteoporosis_92.jpg,dataset2,dataset2
146,146,0,1.0,True,normal,normal,17.png,17.png,dataset2,dataset2
146,366,5,0.7815868325203194,True,normal,normal,17.png,Normal_119.jpg,dataset2,dataset2
146,421,0,0.9953494173281431,True,normal,normal,17.png,Normal_17.jpg,dataset2,dataset2
146,537,3,0.8145138241688179,False,normal,osteoporosis,17.png,Osteoporosis_109.jpg,dataset2,dataset2
147,371,6,0.847917359476278,True,normal,normal,170n.png,Normal_123.jpg,dataset2,dataset2
147,377,0,0.9989751232918687,True,normal,normal,170n.png,Normal_129.jpg,dataset2,dataset2
148,164,5,0.8035388102494367,True,normal,normal,172n.png,198n.png,dataset2,dataset2
148,373,5,0.8932245960452118,True,normal,normal,172n.png,Normal_125.jpg,dataset2,dataset2
148,379,0,0.999470553449248,True,normal,normal,172n.png,Normal_130.jpg,dataset2,dataset2
148,396,6,0.8820462010913384,True,normal,normal,172n.png,Normal_146.jpg,dataset2,dataset2
149,164,6,0.886719937361419,True,normal,normal,174n.png,198n.png,dataset2,dataset2
149,373,6,0.8251404571393677,True,normal,normal,174n.png,Normal_125.jpg,dataset2,dataset2
149,380,0,0.9996917691576342,True,normal,normal,174n.png,Normal_131.jpg,dataset2,dataset2
150,365,5,0.9064618760912074,True,normal,normal,176n.png,Normal_118.jpg,dataset2,dataset2
150,371,3,0.8819398404381387,True,normal,normal,176n.png,Normal_123.jpg,dataset2,dataset2
150,381,0,0.9995221355942396,True,normal,normal,176n.png,Normal_132.jpg,dataset2,dataset2
151,155,5,0.9180723787299196,True,normal,normal,178n.png,182n.png,dataset2,dataset2
151,382,0,0.9978919729468476,True,normal,normal,178n.png,Normal_133.jpg,dataset2,dataset2
151,384,6,0.9200577225497991,True,normal,normal,178n.png,Normal_135.jpg,dataset2,dataset2
151,415,6,0.7047971649214306,True,normal,normal,178n.png,Normal_164.jpg,dataset2,dataset2
152,432,0,0.9992034754131703,True,normal,normal,17nn.jpg,Normal_18.jpg,dataset2,dataset2
153,299,5,0.9085617906699338,True,osteoporosis,osteoporosis,18.png,6.png,dataset2,dataset2
153,303,6,0.9210700433580337,True,osteoporosis,osteoporosis,18.png,63.png,dataset2,dataset2
153,326,5,0.7626779545557614,True,osteoporosis,osteoporosis,18.png,84.png,dataset2,dataset2
153,332,6,0.9558522464919623,False,osteoporosis,normal,18.png,9.png,dataset2,dataset2
153,349,4,0.9234149328490004,False,osteoporosis,normal,18.png,Normal_103.jpg,dataset2,dataset2
153,527,6,0.9145618998090151,True,osteoporosis,osteoporosis,18.png,Osteoporosis_10.jpg,dataset2,dataset2
153,571,1,0.9976766356601695,True,osteoporosis,osteoporosis,18.png,Osteoporosis_14.jpg,dataset2,dataset2
153,636,6,0.9203622057817162,True,osteoporosis,osteoporosis,18.png,Osteoporosis_38.jpg,dataset2,dataset2
153,639,6,0.9201784627508345,True,osteoporosis,osteoporosis,18.png,Osteoporosis_40.jpg,dataset2,dataset2
153,649,4,0.9141511999944629,True,osteoporosis,osteoporosis,18.png,Osteoporosis_5.jpg,dataset2,dataset2
153,650,5,0.756945361767084,True,osteoporosis,osteoporosis,18.png,Osteoporosis_50.jpg,dataset2,dataset2
154,204,6,0.6259821693192353,True,normal,normal,180n.png,258n.png,dataset2,dataset2
154,383,1,0.9974366764628421,True,normal,normal,180n.png,Normal_134.jpg,dataset2,dataset2
154,413,6,0.6213146101649093,True,normal,normal,180n.png,Normal_162.jpg,dataset2,dataset2
154,683,3,0.8846845674518344,False,normal,osteoporosis,180n.png,Osteoporosis_81.jpg,dataset2,dataset2
155,209,4,0.6776269508436457,True,normal,normal,182n.png,260n.png,dataset2,dataset2
155,382,5,0.9142566326303689,True,normal,normal,182n.png,Normal_133.jpg,dataset2,dataset2
155,384,1,0.9970340800275201,True,normal,normal,182n.png,Normal_135.jpg,dataset2,dataset2
155,415,5,0.6704194202163807,True,normal,normal,182n.png,Normal_164.jpg,dataset2,dataset2
156,385,1,0.9982466552872419,True,normal,normal,184n.png,Normal_136.jpg,dataset2,dataset2
157,386,0,0.9980951882008969,True,normal,normal,186n.png,Normal_137.jpg,dataset2,dataset2
158,388,0,0.9952082501299999,True,normal,normal,188n.png,Normal_139.jpg,dataset2,dataset2
159,290,6,0.6531169545831241,True,osteoporosis,osteoporosis,19.JPEG,52.JPEG,dataset2,dataset2
159,582,1,0.9956576204210867,True,osteoporosis,osteoporosis,19.JPEG,Osteoporosis_15.jpg,dataset2,dataset2
159,632,6,0.656071225163311,True,osteoporosis,osteoporosis,19.JPEG,Osteoporosis_34.jpg,dataset2,dataset2
159,662,4,0.9131953957312431,True,osteoporosis,osteoporosis,19.JPEG,Osteoporosis_62.jpg,dataset2,dataset2
160,160,0,1.0,True,normal,normal,190n.png,190n.png,dataset2,dataset2
160,168,4,0.8675457780079068,True,normal,normal,190n.png,200n.png,dataset2,dataset2
160,329,5,0.5764177307125941,True,normal,normal,190n.png,87.png,dataset2,dataset2
160,340,5,0.6011987297391175,True,normal,normal,190n.png,96.png,dataset2,dataset2
160,390,0,0.9982284550638364,True,normal,normal,190n.png,Normal_140.jpg,dataset2,dataset2
160,395,4,0.8709811625954254,True,normal,normal,190n.png,Normal_145.jpg,dataset2,dataset2
160,516,5,0.574136598640709,True,normal,normal,190n.png,Normal_90.jpg,dataset2,dataset2
160,521,5,0.6027077855147904,True,normal,normal,190n.png,Normal_95.jpg,dataset2,dataset2
161,376,6,0.936467246696003,True,normal,normal,192n.png,Normal_128.jpg,dataset2,dataset2
161,391,1,0.9978576211919987,True,normal,normal,192n.png,Normal_141.jpg,dataset2,dataset2
162,210,5,0.8420231030894729,False,normal,osteoporosis,194n.png,261.png,dataset2,dataset2
162,374,6,0.7039513813177951,True,normal,normal,194n.png,Normal_126.jpg,dataset2,dataset2
162,392,3,0.9987643457622495,True,normal,normal,194n.png,Normal_142.jpg,dataset2,dataset2
162,580,5,0.8526208230598533,False,normal,osteoporosis,194n.png,Osteoporosis_148.jpg,dataset2,dataset2
163,393,0,0.9994274536355691,True,normal,normal,196.png,Normal_143.jpg,dataset2,dataset2
163,688,5,0.851485313959359,False,normal,osteoporosis,196.png,Osteoporosis_86.jpg,dataset2,dataset2
164,373,6,0.7898013820864418,True,normal,normal,198n.png,Normal_125.jpg,dataset2,dataset2
164,378,6,0.43177619941053447,True,normal,normal,198n.png,Normal_13.jpg,dataset2,dataset2
164,379,5,0.8056140685702573,True,normal,normal,198n.png,Normal_130.jpg,dataset2,dataset2
164,380,6,0.8863039185346899,True,normal,normal,198n.png,Normal_131.jpg,dataset2,dataset2
164,394,3,0.997884834137323,True,normal,normal,198n.png,Normal_144.jpg,dataset2,dataset2
165,307,5,0.7375348097624623,True,osteoporosis,osteoporosis,199.jpg,67.JPEG,dataset2,dataset2
165,317,6,0.8575536999032032,True,osteoporosis,osteoporosis,199.jpg,76.JPEG,dataset2,dataset2
165,534,0,0.9969210042896647,True,osteoporosis,osteoporosis,199.jpg,Osteoporosis_106.jpg,dataset2,dataset2
165,535,6,0.8949550389463191,True,osteoporosis,osteoporosis,199.jpg,Osteoporosis_107.jpg,dataset2,dataset2
165,641,5,0.7378183552668429,True,osteoporosis,osteoporosis,199.jpg,Osteoporosis_42.jpg,dataset2,dataset2
165,644,6,0.8569757145725033,True,osteoporosis,osteoporosis,199.jpg,Osteoporosis_45.jpg,dataset2,dataset2
166,322,6,0.8648211653001884,True,normal,normal,2.jpg,80.jpg,dataset2,dataset2
166,344,1,0.9993154881158712,True,normal,normal,2.jpg,Normal.jpg,dataset2,dataset2
166,512,6,0.8660355390807852,True,normal,normal,2.jpg,Normal_87.jpg,dataset2,dataset2
167,440,0,0.9994051279753218,True,normal,normal,20.png,Normal_19.jpg,dataset2,dataset2
168,390,4,0.8655441851653003,True,normal,normal,200n.png,Normal_140.jpg,dataset2,dataset2
168,395,0,0.9993409864863789,True,normal,normal,200n.png,Normal_145.jpg,dataset2,dataset2
169,535,3,0.9996738387461974,True,osteoporosis,osteoporosis,201.jpg,Osteoporosis_107.jpg,dataset2,dataset2
170,396,4,0.9986119953763918,True,normal,normal,202n.png,Normal_146.jpg,dataset2,dataset2
171,397,2,0.9993527380978698,True,normal,normal,204n.png,Normal_147.jpg,dataset2,dataset2
171,410,6,0.9210965046657886,True,normal,normal,204n.png,Normal_16.jpg,dataset2,dataset2
172,172,0,1.0,True,osteoporosis,osteoporosis,206.png,206.png,dataset2,dataset2
173,191,6,0.8027182405422142,True,osteoporosis,osteoporosis,208.png,239.jpg,dataset2,dataset2
173,540,2,0.9991964369378907,True,osteoporosis,osteoporosis,208.png,Osteoporosis_111.jpg,dataset2,dataset2
173,667,5,0.8154429867667711,True,osteoporosis,osteoporosis,208.png,Osteoporosis_67.jpg,dataset2,dataset2
174,442,0,0.9992302857023293,True,normal,normal,20nn.jpg,Normal_20.jpg,dataset2,dataset2
175,443,0,0.9965003475734144,True,normal,normal,21.png,Normal_21.jpg,dataset2,dataset2
176,603,0,0.9987991323391396,True,osteoporosis,osteoporosis,21.png,Osteoporosis_17.jpg,dataset2,dataset2
177,399,2,0.9993029425499806,True,normal,normal,210.png,Normal_149.jpg,dataset2,dataset2
178,401,1,0.9943550910489095,True,normal,normal,212.png,Normal_150.jpg,dataset2,dataset2
179,402,0,0.9980772396921561,True,normal,normal,214n.png,Normal_151.jpg,dataset2,dataset2
180,403,2,0.9975063419501007,True,normal,normal,216n.png,Normal_152.jpg,dataset2,dataset2
181,404,0,0.9993267203510385,True,normal,normal,218n.png,Normal_153.jpg,dataset2,dataset2
181,688,6,0.8120419542788522,False,normal,osteoporosis,218n.png,Osteoporosis_86.jpg,dataset2,dataset2
182,262,1,0.9468788943005222,False,normal,osteoporosis,22.JPEG,34.JPEG,dataset2,dataset2
183,612,1,0.996417090322055,True,osteoporosis,osteoporosis,22.JPEG,Osteoporosis_18.jpg,dataset2,dataset2
184,405,1,0.9986027862202358,True,normal,normal,220n.png,Normal_154.jpg,dataset2,dataset2
185,406,0,0.9986549161858579,True,normal,normal,222n.png,Normal_155.jpg,dataset2,dataset2
186,221,2,0.978625217920775,False,osteoporosis,normal,224.png,271n.png,dataset2,dataset2
186,419,3,0.9770149190652069,False,osteoporosis,normal,224.png,Normal_168.jpg,dataset2,dataset2
186,550,2,0.9997900945281372,True,osteoporosis,osteoporosis,224.png,Osteoporosis_120.jpg,dataset2,dataset2
187,410,6,0.8998764282275343,False,osteoporosis,normal,226.png,Normal_16.jpg,dataset2,dataset2
187,551,0,0.9989549463628822,True,osteoporosis,osteoporosis,226.png,Osteoporosis_121.jpg,dataset2,dataset2
188,223,5,0.8655800455258849,True,osteoporosis,osteoporosis,228.png,273.png,dataset2,dataset2
188,553,1,0.9992682817477205,True,osteoporosis,osteoporosis,228.png,Osteoporosis_123.jpg,dataset2,dataset2
188,588,6,0.8681180325921165,True,osteoporosis,osteoporosis,228.png,Osteoporosis_155.jpg,dataset2,dataset2
189,223,5,0.9341765507299425,False,normal,osteoporosis,230n.png,273.png,dataset2,dataset2
189,407,0,0.9996828956037789,True,normal,normal,230n.png,Normal_157.jpg,dataset2,dataset2
189,588,6,0.9355652681855778,False,normal,osteoporosis,230n.png,Osteoporosis_155.jpg,dataset2,dataset2
190,556,1,0.9991512644529834,True,osteoporosis,osteoporosis,232.png,Osteoporosis_126.jpg,dataset2,dataset2
191,236,2,0.8926723838794235,True,osteoporosis,osteoporosis,239.jpg,288.jpg,dataset2,dataset2
191,376,5,0.7913704424211152,False,osteoporosis,normal,239.jpg,Normal_128.jpg,dataset2,dataset2
191,561,1,0.9996227044052395,True,osteoporosis,osteoporosis,239.jpg,Osteoporosis_130.jpg,dataset2,dataset2
191,594,2,0.8932263403813596,True,osteoporosis,osteoporosis,239.jpg,Osteoporosis_161.jpg,dataset2,dataset2
191,667,1,0.9949821534505257,True,osteoporosis,osteoporosis,239.jpg,Osteoporosis_67.jpg,dataset2,dataset2
191,672,6,0.8590567555986162,True,osteoporosis,osteoporosis,239.jpg,Osteoporosis_71.jpg,dataset2,dataset2
191,675,5,0.8672684609171579,True,osteoporosis,osteoporosis,239.jpg,Osteoporosis_74.jpg,dataset2,dataset2
192,226,6,0.8673780577513788,False,normal,osteoporosis,24.JPEG,276.JPEG,dataset2,dataset2
192,259,6,0.7869767721805938,True,normal,normal,24.JPEG,32nn.JPEG,dataset2,dataset2
192,348,6,0.9358028944853647,True,normal,normal,24.JPEG,Normal_102.jpg,dataset2,dataset2
192,447,0,0.9961442131083366,True,normal,normal,24.JPEG,Normal_25.jpg,dataset2,dataset2
192,590,6,0.8668731982523907,False,normal,osteoporosis,24.JPEG,Osteoporosis_157.jpg,dataset2,dataset2
193,340,4,0.6664288273127943,False,osteoporosis,normal,24.png,96.png,dataset2,dataset2
193,521,4,0.6674356742304606,False,osteoporosis,normal,24.png,Normal_95.jpg,dataset2,dataset2
193,619,1,0.996152057124209,True,osteoporosis,osteoporosis,24.png,Osteoporosis_19.jpg,dataset2,dataset2
194,572,1,0.9986436921406587,True,osteoporosis,osteoporosis,249.png,Osteoporosis_140.jpg,dataset2,dataset2
195,448,0,0.9952275511216802,True,normal,normal,25.JPEG,Normal_26.jpg,dataset2,dataset2
195,680,5,0.7224069562290227,False,normal,osteoporosis,25.JPEG,Osteoporosis_79.jpg,dataset2,dataset2
196,573,1,0.9987330295309866,True,osteoporosis,osteoporosis,250.png,Osteoporosis_141.jpg,dataset2,dataset2
197,574,0,0.9995986047513817,True,osteoporosis,osteoporosis,251.png,Osteoporosis_142.jpg,dataset2,dataset2
198,575,3,0.999283396745124,True,osteoporosis,osteoporosis,252.png,Osteoporosis_143.jpg,dataset2,dataset2
199,576,2,0.9985851812853541,True,osteoporosis,osteoporosis,253.png,Osteoporosis_144.jpg,dataset2,dataset2
200,577,0,0.9982915242896708,True,osteoporosis,osteoporosis,254.png,Osteoporosis_145.jpg,dataset2,dataset2
201,578,5,0.9953533342834395,True,osteoporosis,osteoporosis,255.png,Osteoporosis_146.jpg,dataset2,dataset2
202,203,3,0.939938290181326,False,normal,osteoporosis,256n.png,257.png,dataset2,dataset2
202,412,0,0.9994901081860996,True,normal,normal,256n.png,Normal_161.jpg,dataset2,dataset2
202,579,3,0.9375927672517986,False,normal,osteoporosis,256n.png,Osteoporosis_147.jpg,dataset2,dataset2
203,412,3,0.9430991912898634,False,osteoporosis,normal,257.png,Normal_161.jpg,dataset2,dataset2
203,579,0,0.9994822781342679,True,osteoporosis,osteoporosis,257.png,Osteoporosis_147.jpg,dataset2,dataset2
204,413,0,0.9991941906147297,True,normal,normal,258n.png,Normal_162.jpg,dataset2,dataset2
205,414,0,0.9993960623271757,True,normal,normal,259n.png,Normal_163.jpg,dataset2,dataset2
206,449,0,0.999527932741874,True,normal,normal,25n.JPEG,Normal_27.jpg,dataset2,dataset2
207,451,1,0.9952045348746662,False,osteoporosis,normal,26.JPEG,Normal_29.jpg,dataset2,dataset2
208,231,4,0.9896503807870072,True,normal,normal,26.jpg,283.jpg,dataset2,dataset2
208,423,5,0.9900308070939623,True,normal,normal,26.jpg,Normal_171.jpg,dataset2,dataset2
208,450,0,0.9992388314578401,True,normal,normal,26.jpg,Normal_28.jpg,dataset2,dataset2
209,415,1,0.998988364068812,True,normal,normal,260n.png,Normal_164.jpg,dataset2,dataset2
210,210,0,1.0,True,osteoporosis,osteoporosis,261.png,261.png,dataset2,dataset2
210,211,5,0.929281127347648,True,osteoporosis,osteoporosis,261.png,262.png,dataset2,dataset2
210,212,6,0.9243642352256769,True,osteoporosis,osteoporosis,261.png,263.png,dataset2,dataset2
210,351,5,0.6611193913494484,False,osteoporosis,normal,261.png,Normal_105.jpg,dataset2,dataset2
210,580,0,0.9991690775505903,True,osteoporosis,osteoporosis,261.png,Osteoporosis_148.jpg,dataset2,dataset2
210,581,4,0.9281525033982818,True,osteoporosis,osteoporosis,261.png,Osteoporosis_149.jpg,dataset2,dataset2
210,583,6,0.9242856561266295,True,osteoporosis,osteoporosis,261.png,Osteoporosis_150.jpg,dataset2,dataset2
210,589,6,0.8645509628655634,True,osteoporosis,osteoporosis,261.png,Osteoporosis_156.jpg,dataset2,dataset2
211,212,5,0.8963536209448824,True,osteoporosis,osteoporosis,262.png,263.png,dataset2,dataset2
211,580,5,0.9284305471798671,True,osteoporosis,osteoporosis,262.png,Osteoporosis_148.jpg,dataset2,dataset2
211,581,1,0.9996910279217928,True,osteoporosis,osteoporosis,262.png,Osteoporosis_149.jpg,dataset2,dataset2
211,583,5,0.8928343710209741,True,osteoporosis,osteoporosis,262.png,Osteoporosis_150.jpg,dataset2,dataset2
212,580,6,0.9253500691195904,True,osteoporosis,osteoporosis,263.png,Osteoporosis_148.jpg,dataset2,dataset2
212,581,6,0.8982778158483302,True,osteoporosis,osteoporosis,263.png,Osteoporosis_149.jpg,dataset2,dataset2
212,583,0,0.9988650664004783,True,osteoporosis,osteoporosis,263.png,Osteoporosis_150.jpg,dataset2,dataset2
213,584,1,0.9995989891664611,True,osteoporosis,osteoporosis,264.png,Osteoporosis_151.jpg,dataset2,dataset2
214,416,0,0.9995629918158486,True,normal,normal,265n.png,Normal_165.jpg,dataset2,dataset2
215,217,6,0.9271344031841657,False,normal,osteoporosis,266.png,268.png,dataset2,dataset2
215,417,0,0.9995287869901072,True,normal,normal,266.png,Normal_166.jpg,dataset2,dataset2
215,585,5,0.9254425691204402,False,normal,osteoporosis,266.png,Osteoporosis_152.jpg,dataset2,dataset2
216,389,6,0.9397943536406872,True,normal,normal,267n.png,Normal_14.jpg,dataset2,dataset2
216,418,0,0.9995336303177549,True,normal,normal,267n.png,Normal_167.jpg,dataset2,dataset2
217,417,6,0.930865978225222,False,osteoporosis,normal,268.png,Normal_166.jpg,dataset2,dataset2
217,585,1,0.99938321438936,True,osteoporosis,osteoporosis,268.png,Osteoporosis_152.jpg,dataset2,dataset2
218,453,0,0.9982043733466552,True,normal,normal,27.JPEG,Normal_30.jpg,dataset2,dataset2
219,621,0,0.9995150855589399,True,osteoporosis,osteoporosis,27.png,Osteoporosis_21.jpg,dataset2,dataset2
220,553,6,0.9509220986136864,True,osteoporosis,osteoporosis,270.png,Osteoporosis_123.jpg,dataset2,dataset2
220,586,0,0.9997106902687503,True,osteoporosis,osteoporosis,270.png,Osteoporosis_153.jpg,dataset2,dataset2
221,419,1,0.9994761083336878,True,normal,normal,271n.png,Normal_168.jpg,dataset2,dataset2
221,550,4,0.9796267951289397,False,normal,osteoporosis,271n.png,Osteoporosis_120.jpg,dataset2,dataset2
222,587,0,0.9991690176469312,True,osteoporosis,osteoporosis,272.png,Osteoporosis_154.jpg,dataset2,dataset2
223,407,5,0.9337651221190052,False,osteoporosis,normal,273.png,Normal_157.jpg,dataset2,dataset2
223,553,6,0.8633022435474949,True,osteoporosis,osteoporosis,273.png,Osteoporosis_123.jpg,dataset2,dataset2
223,588,1,0.9997441348419072,True,osteoporosis,osteoporosis,273.png,Osteoporosis_155.jpg,dataset2,dataset2
224,266,5,0.8051268147898245,False,osteoporosis,normal,274.png,36.jpg,dataset2,dataset2
224,323,6,0.852103061874468,True,osteoporosis,osteoporosis,274.png,81.png,dataset2,dataset2
224,469,5,0.790029628797761,False,osteoporosis,normal,274.png,Normal_45.jpg,dataset2,dataset2
224,589,1,0.9995189547396485,True,osteoporosis,osteoporosis,274.png,Osteoporosis_156.jpg,dataset2,dataset2
224,647,6,0.85456020058574,True,osteoporosis,osteoporosis,274.png,Osteoporosis_48.jpg,dataset2,dataset2
225,420,0,0.9996130871364175,True,normal,normal,275n.JPEG,Normal_169.jpg,dataset2,dataset2
226,226,0,1.0,True,osteoporosis,osteoporosis,276.JPEG,276.JPEG,dataset2,dataset2
226,268,6,0.8692717011439051,True,osteoporosis,osteoporosis,276.JPEG,37.JPEG,dataset2,dataset2
226,308,4,0.5647047924779461,False,osteoporosis,normal,276.JPEG,68.jpg,dataset2,dataset2
226,321,6,0.8655378785041028,True,osteoporosis,osteoporosis,276.JPEG,8.JPEG,dataset2,dataset2
226,347,3,0.7481203165767122,False,osteoporosis,normal,276.JPEG,Normal_101.jpg,dataset2,dataset2
226,348,4,0.8619814831506883,False,osteoporosis,normal,276.JPEG,Normal_102.jpg,dataset2,dataset2
226,447,6,0.8574711762757599,False,osteoporosis,normal,276.JPEG,Normal_25.jpg,dataset2,dataset2
226,506,4,0.5657049776616203,False,osteoporosis,normal,276.JPEG,Normal_81.jpg,dataset2,dataset2
226,590,0,0.9995230364571573,True,osteoporosis,osteoporosis,276.JPEG,Osteoporosis_157.jpg,dataset2,dataset2
226,625,6,0.8715207275684131,True,osteoporosis,osteoporosis,276.JPEG,Osteoporosis_26.jpg,dataset2,dataset2
227,422,2,0.9988613373150657,True,normal,normal,278n.JPEG,Normal_170.jpg,dataset2,dataset2
228,454,0,0.9995730699599086,True,normal,normal,28.JPEG,Normal_31.jpg,dataset2,dataset2
229,591,0,0.9981096143833301,True,osteoporosis,osteoporosis,280.JPEG,Osteoporosis_158.jpg,dataset2,dataset2
231,423,1,0.9991758355956273,True,normal,normal,283.jpg,Normal_171.jpg,dataset2,dataset2
231,450,4,0.9883085099581491,True,normal,normal,283.jpg,Normal_28.jpg,dataset2,dataset2
232,284,6,0.6183581579665534,False,normal,osteoporosis,284n.jpg,49.JPEG,dataset2,dataset2
232,308,4,0.8783349653458561,True,normal,normal,284n.jpg,68.jpg,dataset2,dataset2
232,313,5,0.8530342047488534,True,normal,normal,284n.jpg,71.jpg,dataset2,dataset2
232,424,0,0.9995004787956279,True,normal,normal,284n.jpg,Normal_172.jpg,dataset2,dataset2
232,506,4,0.8813421133050791,True,normal,normal,284n.jpg,Normal_81.jpg,dataset2,dataset2
232,509,5,0.856602237778604,True,normal,normal,284n.jpg,Normal_84.jpg,dataset2,dataset2
233,425,0,0.9994112259325696,True,normal,normal,285n.jpg,Normal_173.jpg,dataset2,dataset2
234,426,2,0.9993916781888498,True,normal,normal,286n.jpg,Normal_174.jpg,dataset2,dataset2
235,593,0,0.999226362540917,True,osteoporosis,osteoporosis,287.jpg,Osteoporosis_160.jpg,dataset2,dataset2
236,350,4,0.9393213059890777,False,osteoporosis,normal,288.jpg,Normal_104.jpg,dataset2,dataset2
236,561,3,0.89294931056052,True,osteoporosis,osteoporosis,288.jpg,Osteoporosis_130.jpg,dataset2,dataset2
236,594,0,0.9997129247594359,True,osteoporosis,osteoporosis,288.jpg,Osteoporosis_161.jpg,dataset2,dataset2
236,667,1,0.8976065162677969,True,osteoporosis,osteoporosis,288.jpg,Osteoporosis_67.jpg,dataset2,dataset2
236,672,6,0.9006816823081287,True,osteoporosis,osteoporosis,288.jpg,Osteoporosis_71.jpg,dataset2,dataset2
236,675,3,0.9173405697672867,True,osteoporosis,osteoporosis,288.jpg,Osteoporosis_74.jpg,dataset2,dataset2
237,315,6,0.6565336817726128,True,osteoporosis,osteoporosis,289.jpg,73.JPEG,dataset2,dataset2
237,595,0,0.9996633110601264,True,osteoporosis,osteoporosis,289.jpg,Osteoporosis_162.jpg,dataset2,dataset2
237,643,6,0.6561640832429441,True,osteoporosis,osteoporosis,289.jpg,Osteoporosis_44.jpg,dataset2,dataset2
238,455,3,0.9997796172440145,True,normal,normal,28n.JPEG,Normal_32.jpg,dataset2,dataset2
239,456,2,0.9964297669441834,True,normal,normal,29.JPEG,Normal_33.jpg,dataset2,dataset2
240,596,0,0.9993143054843652,True,osteoporosis,osteoporosis,290.jpg,Osteoporosis_163.jpg,dataset2,dataset2
241,479,4,0.902691855550037,False,osteoporosis,normal,291.jpg,Normal_55.jpg,dataset2,dataset2
241,597,0,0.9967142733764326,True,osteoporosis,osteoporosis,291.jpg,Osteoporosis_164.jpg,dataset2,dataset2
242,427,2,0.9976840030672204,True,normal,normal,292n.jpg,Normal_175.jpg,dataset2,dataset2
243,302,6,0.9152627452306703,True,normal,normal,293n.jpg,62.jpg,dataset2,dataset2
243,428,1,0.9995006775489467,True,normal,normal,293n.jpg,Normal_176.jpg,dataset2,dataset2
243,502,6,0.9142818016296483,True,normal,normal,293n.jpg,Normal_78.jpg,dataset2,dataset2
244,339,6,0.9115615713471842,True,normal,normal,294n.jpg,95.jpg,dataset2,dataset2
244,429,0,0.9994074299934098,True,normal,normal,294n.jpg,Normal_177.jpg,dataset2,dataset2
244,520,6,0.9005596461908995,True,normal,normal,294n.jpg,Normal_94.jpg,dataset2,dataset2
245,430,2,0.9990737811028019,True,normal,normal,295.jpg,Normal_178.jpg,dataset2,dataset2
245,484,6,0.9044984084989858,True,normal,normal,295.jpg,Normal_6.jpg,dataset2,dataset2
246,598,0,0.9996275749654242,True,osteoporosis,osteoporosis,296.jpg,Osteoporosis_165.jpg,dataset2,dataset2
247,600,0,0.9996926328319116,True,osteoporosis,osteoporosis,298.jpg,Osteoporosis_167.jpg,dataset2,dataset2
247,685,1,0.9795648217384831,True,osteoporosis,osteoporosis,298.jpg,Osteoporosis_83.jpg,dataset2,dataset2
248,248,0,1.0000000000000002,True,normal,normal,29nn.jpg,29nn.jpg,dataset2,dataset2
248,280,5,0.905951276995004,True,normal,normal,29nn.jpg,44n.jpg,dataset2,dataset2
248,297,5,0.8954417286045154,True,normal,normal,29nn.jpg,59.jpg,dataset2,dataset2
248,313,4,0.9047714795835993,True,normal,normal,29nn.jpg,71.jpg,dataset2,dataset2
248,457,0,0.999263532391363,True,normal,normal,29nn.jpg,Normal_34.jpg,dataset2,dataset2
248,482,6,0.907226756194349,True,normal,normal,29nn.jpg,Normal_58.jpg,dataset2,dataset2
248,501,6,0.8998693076692252,True,normal,normal,29nn.jpg,Normal_77.jpg,dataset2,dataset2
248,509,4,0.9066277914623888,True,normal,normal,29nn.jpg,Normal_84.jpg,dataset2,dataset2
248,525,3,0.923941866680308,True,normal,normal,29nn.jpg,Normal_99.jpg,dataset2,dataset2
249,249,0,1.0,True,normal,normal,3.png,3.png,dataset2,dataset2
249,250,6,0.6647548781096444,False,normal,osteoporosis,3.png,3.png,dataset2,dataset2
249,441,0,0.9971079575613713,True,normal,normal,3.png,Normal_2.jpg,dataset2,dataset2
249,620,6,0.6748441376955248,False,normal,osteoporosis,3.png,Osteoporosis_2.jpg,dataset2,dataset2
250,441,6,0.663171700126726,False,osteoporosis,normal,3.png,Normal_2.jpg,dataset2,dataset2
250,620,2,0.9978510400683311,True,osteoporosis,osteoporosis,3.png,Osteoporosis_2.jpg,dataset2,dataset2
251,458,1,0.9964628388292538,True,normal,normal,30.png,Normal_35.jpg,dataset2,dataset2
252,434,0,0.9995183808391555,True,normal,normal,303n.jpg,Normal_181.jpg,dataset2,dataset2
253,459,1,0.9995558593379295,True,normal,normal,30nn.JPEG,Normal_36.jpg,dataset2,dataset2
254,330,6,0.9342751953478284,False,normal,osteoporosis,31.JPEG,88.JPEG,dataset2,dataset2
254,460,0,0.9983659535456276,True,normal,normal,31.JPEG,Normal_37.jpg,dataset2,dataset2
254,652,6,0.9324721322856642,False,normal,osteoporosis,31.JPEG,Osteoporosis_52.jpg,dataset2,dataset2
254,655,2,0.9124760336197631,False,normal,osteoporosis,31.JPEG,Osteoporosis_55.jpg,dataset2,dataset2
254,658,6,0.9258476997814975,False,normal,osteoporosis,31.JPEG,Osteoporosis_58.jpg,dataset2,dataset2
255,320,5,0.9497232722028679,True,osteoporosis,osteoporosis,31.JPEG,79.JPEG,dataset2,dataset2
255,526,4,0.9518413549931772,True,osteoporosis,osteoporosis,31.JPEG,Osteoporosis.jpg,dataset2,dataset2
255,622,1,0.9995466414625931,True,osteoporosis,osteoporosis,31.JPEG,Osteoporosis_23.jpg,dataset2,dataset2
255,646,5,0.949471345097732,True,osteoporosis,osteoporosis,31.JPEG,Osteoporosis_47.jpg,dataset2,dataset2
255,676,6,0.931399498776547,True,osteoporosis,osteoporosis,31.JPEG,Osteoporosis_75.jpg,dataset2,dataset2
256,609,0,0.9996172081464192,True,osteoporosis,osteoporosis,312.jpg,Osteoporosis_176.jpg,dataset2,dataset2
257,461,3,0.9993003558901932,True,normal,normal,32.jpg,Normal_38.jpg,dataset2,dataset2
258,616,0,0.9995699376724658,True,osteoporosis,osteoporosis,320.jpg,Osteoporosis_183.jpg,dataset2,dataset2
259,285,5,0.801339937737364,False,normal,osteoporosis,32nn.JPEG,4o.JPEG,dataset2,dataset2
259,308,6,0.6338816305608751,True,normal,normal,32nn.JPEG,68.jpg,dataset2,dataset2
259,318,5,0.47370408136608,True,normal,normal,32nn.JPEG,77.jpg,dataset2,dataset2
259,447,6,0.7997823058181092,True,normal,normal,32nn.JPEG,Normal_25.jpg,dataset2,dataset2
259,462,1,0.9971656877066418,True,normal,normal,32nn.JPEG,Normal_39.jpg,dataset2,dataset2
259,506,6,0.635188791331637,True,normal,normal,32nn.JPEG,Normal_81.jpg,dataset2,dataset2
259,511,5,0.48282839681150685,True,normal,normal,32nn.JPEG,Normal_86.jpg,dataset2,dataset2
259,538,5,0.8244584347788857,False,normal,osteoporosis,32nn.JPEG,Osteoporosis_11.jpg,dataset2,dataset2
259,638,4,0.8135520388691706,False,normal,osteoporosis,32nn.JPEG,Osteoporosis_4.jpg,dataset2,dataset2
260,464,1,0.9991316653184792,True,normal,normal,33.png,Normal_40.jpg,dataset2,dataset2
261,268,5,0.935332903183746,False,normal,osteoporosis,33nn.JPEG,37.JPEG,dataset2,dataset2
261,320,6,0.9415516471637834,False,normal,osteoporosis,33nn.JPEG,79.JPEG,dataset2,dataset2
261,321,5,0.9405810034318134,False,normal,osteoporosis,33nn.JPEG,8.JPEG,dataset2,dataset2
261,347,6,0.6575556124231303,True,normal,normal,33nn.JPEG,Normal_101.jpg,dataset2,dataset2
261,348,5,0.8540657767284776,True,normal,normal,33nn.JPEG,Normal_102.jpg,dataset2,dataset2
261,465,1,0.9983486539298896,True,normal,normal,33nn.JPEG,Normal_41.jpg,dataset2,dataset2
261,526,5,0.94356026921082,False,normal,osteoporosis,33nn.JPEG,Osteoporosis.jpg,dataset2,dataset2
261,622,6,0.9378130386442922,False,normal,osteoporosis,33nn.JPEG,Osteoporosis_23.jpg,dataset2,dataset2
261,625,5,0.9359389753584033,False,normal,osteoporosis,33nn.JPEG,Osteoporosis_26.jpg,dataset2,dataset2
261,646,6,0.9428418818541101,False,normal,osteoporosis,33nn.JPEG,Osteoporosis_47.jpg,dataset2,dataset2
261,666,3,0.8996793180320952,False,normal,osteoporosis,33nn.JPEG,Osteoporosis_66.jpg,dataset2,dataset2
261,670,6,0.9386450524320895,False,normal,osteoporosis,33nn.JPEG,Osteoporosis_7.jpg,dataset2,dataset2
262,623,2,0.997819051861093,True,osteoporosis,osteoporosis,34.JPEG,Osteoporosis_24.jpg,dataset2,dataset2
263,280,6,0.8727873238968811,True,normal,normal,34.jpg,44n.jpg,dataset2,dataset2
263,344,6,0.9111604530939079,True,normal,normal,34.jpg,Normal.jpg,dataset2,dataset2
263,466,0,0.9968809211678668,True,normal,normal,34.jpg,Normal_42.jpg,dataset2,dataset2
263,482,5,0.87428344085526,True,normal,normal,34.jpg,Normal_58.jpg,dataset2,dataset2
264,345,4,0.8816007566014175,True,normal,normal,35.jpg,Normal_10.jpg,dataset2,dataset2
264,467,0,0.9993725341350644,True,normal,normal,35.jpg,Normal_43.jpg,dataset2,dataset2
265,325,5,0.9514856033981843,True,normal,normal,35n.jpg,83.jpg,dataset2,dataset2
265,468,1,0.9994558813422303,True,normal,normal,35n.jpg,Normal_44.jpg,dataset2,dataset2
265,513,5,0.9513211257350289,True,normal,normal,35n.jpg,Normal_88.jpg,dataset2,dataset2
266,328,2,0.9712755928655336,True,normal,normal,36.jpg,86.jpg,dataset2,dataset2
266,469,0,0.9959635615407304,True,normal,normal,36.jpg,Normal_45.jpg,dataset2,dataset2
266,514,2,0.9720370626448761,True,normal,normal,36.jpg,Normal_89.jpg,dataset2,dataset2
267,624,0,0.9991560667813756,True,osteoporosis,osteoporosis,36.png,Osteoporosis_25.jpg,dataset2,dataset2
267,665,6,0.6852239186669575,True,osteoporosis,osteoporosis,36.png,Osteoporosis_65.jpg,dataset2,dataset2
267,671,5,0.587260498718383,True,osteoporosis,osteoporosis,36.png,Osteoporosis_70.jpg,dataset2,dataset2
268,290,6,0.5759104071989944,True,osteoporosis,osteoporosis,37.JPEG,52.JPEG,dataset2,dataset2
268,308,6,0.5475824470589956,False,osteoporosis,normal,37.JPEG,68.jpg,dataset2,dataset2
268,321,2,0.954705523619794,True,osteoporosis,osteoporosis,37.JPEG,8.JPEG,dataset2,dataset2
268,330,6,0.923336779160882,True,osteoporosis,osteoporosis,37.JPEG,88.JPEG,dataset2,dataset2
268,347,5,0.6838641039616729,False,osteoporosis,normal,37.JPEG,Normal_101.jpg,dataset2,dataset2
268,348,4,0.9299217046467283,False,osteoporosis,normal,37.JPEG,Normal_102.jpg,dataset2,dataset2
268,465,6,0.9308297725243976,False,osteoporosis,normal,37.JPEG,Normal_41.jpg,dataset2,dataset2
268,506,6,0.5472706066378613,False,osteoporosis,normal,37.JPEG,Normal_81.jpg,dataset2,dataset2
268,590,6,0.8678471640078977,True,osteoporosis,osteoporosis,37.JPEG,Osteoporosis_157.jpg,dataset2,dataset2
268,625,0,0.9994853111495152,True,osteoporosis,osteoporosis,37.JPEG,Osteoporosis_26.jpg,dataset2,dataset2
268,632,6,0.5779434188796412,True,osteoporosis,osteoporosis,37.JPEG,Osteoporosis_34.jpg,dataset2,dataset2
268,652,6,0.9234193213131718,True,osteoporosis,osteoporosis,37.JPEG,Osteoporosis_52.jpg,dataset2,dataset2
268,666,6,0.9176617322025848,True,osteoporosis,osteoporosis,37.JPEG,Osteoporosis_66.jpg,dataset2,dataset2
268,670,3,0.9494381848089436,True,osteoporosis,osteoporosis,37.JPEG,Osteoporosis_7.jpg,dataset2,dataset2
269,277,2,0.9962165362917192,True,normal,normal,37.jpg,42.jpg,dataset2,dataset2
269,354,4,0.8802994009839049,True,normal,normal,37.jpg,Normal_108.jpg,dataset2,dataset2
269,470,1,0.9972953269691677,True,normal,normal,37.jpg,Normal_47.jpg,dataset2,dataset2
269,479,4,0.9845808542292369,True,normal,normal,37.jpg,Normal_55.jpg,dataset2,dataset2
270,471,3,0.9973953308984262,True,normal,normal,38.jpg,Normal_48.jpg,dataset2,dataset2
271,310,6,0.824981393301623,True,normal,normal,38n.jpg,7.jpg,dataset2,dataset2
271,318,5,0.8450819032651449,True,normal,normal,38n.jpg,77.jpg,dataset2,dataset2
271,472,0,0.9993243573041426,True,normal,normal,38n.jpg,Normal_49.jpg,dataset2,dataset2
271,484,5,0.8225772127891722,True,normal,normal,38n.jpg,Normal_6.jpg,dataset2,dataset2
271,511,5,0.8440422386514712,True,normal,normal,38n.jpg,Normal_86.jpg,dataset2,dataset2
272,475,0,0.9992209464080731,True,normal,normal,39n.png,Normal_51.jpg,dataset2,dataset2
273,452,2,0.9965186274836566,True,normal,normal,4.png,Normal_3.jpg,dataset2,dataset2
274,626,0,0.9997067816383706,True,osteoporosis,osteoporosis,40.JPEG,Osteoporosis_27.jpg,dataset2,dataset2
275,476,5,0.9921687788282123,True,normal,normal,40.jpg,Normal_52.jpg,dataset2,dataset2
276,477,0,0.9993754126646945,True,normal,normal,41.jpg,Normal_53.jpg,dataset2,dataset2
277,354,6,0.8711653701730192,True,normal,normal,42.jpg,Normal_108.jpg,dataset2,dataset2
277,470,1,0.9991461066858405,True,normal,normal,42.jpg,Normal_47.jpg,dataset2,dataset2
277,479,2,0.9957111799008931,True,normal,normal,42.jpg,Normal_55.jpg,dataset2,dataset2
278,329,6,0.8408821742858424,False,osteoporosis,normal,42.png,87.png,dataset2,dataset2
278,340,6,0.8317667546119853,False,osteoporosis,normal,42.png,96.png,dataset2,dataset2
278,516,6,0.8377262103399128,False,osteoporosis,normal,42.png,Normal_90.jpg,dataset2,dataset2
278,521,6,0.8317549813192054,False,osteoporosis,normal,42.png,Normal_95.jpg,dataset2,dataset2
278,627,1,0.9984714239190846,True,osteoporosis,osteoporosis,42.png,Osteoporosis_28.jpg,dataset2,dataset2
278,649,6,0.8396513028135144,True,osteoporosis,osteoporosis,42.png,Osteoporosis_5.jpg,dataset2,dataset2
279,481,0,0.9964042317267869,True,normal,normal,44.jpg,Normal_57.jpg,dataset2,dataset2
280,457,5,0.9073289492170341,True,normal,normal,44n.jpg,Normal_34.jpg,dataset2,dataset2
280,466,6,0.867829779662559,True,normal,normal,44n.jpg,Normal_42.jpg,dataset2,dataset2
280,482,1,0.999121298815618,True,normal,normal,44n.jpg,Normal_58.jpg,dataset2,dataset2
281,300,6,0.6994672827630602,True,osteoporosis,osteoporosis,45.png,60.png,dataset2,dataset2
281,303,6,0.6981132606897069,True,osteoporosis,osteoporosis,45.png,63.png,dataset2,dataset2
281,527,6,0.7364085148120703,True,osteoporosis,osteoporosis,45.png,Osteoporosis_10.jpg,dataset2,dataset2
281,628,1,0.9991102252789814,True,osteoporosis,osteoporosis,45.png,Osteoporosis_29.jpg,dataset2,dataset2
281,636,6,0.7138727522705423,True,osteoporosis,osteoporosis,45.png,Osteoporosis_38.jpg,dataset2,dataset2
281,639,6,0.7125568849607713,True,osteoporosis,osteoporosis,45.png,Osteoporosis_40.jpg,dataset2,dataset2
281,668,6,0.6211097453362057,True,osteoporosis,osteoporosis,45.png,Osteoporosis_68.jpg,dataset2,dataset2
281,673,4,0.46827520257415167,True,osteoporosis,osteoporosis,45.png,Osteoporosis_72.jpg,dataset2,dataset2
282,629,1,0.9997741542531202,True,osteoporosis,osteoporosis,46.JPEG,Osteoporosis_31.jpg,dataset2,dataset2
283,487,0,0.998324621751368,True,normal,normal,47n.jpg,Normal_62.jpg,dataset2,dataset2
284,308,6,0.5964447222049765,False,osteoporosis,normal,49.JPEG,68.jpg,dataset2,dataset2
284,424,6,0.6233562419683278,False,osteoporosis,normal,49.JPEG,Normal_172.jpg,dataset2,dataset2
284,506,6,0.5981096920526856,False,osteoporosis,normal,49.JPEG,Normal_81.jpg,dataset2,dataset2
285,290,5,0.5770499190506564,True,osteoporosis,osteoporosis,4o.JPEG,52.JPEG,dataset2,dataset2
285,462,6,0.7900842027123751,False,osteoporosis,normal,4o.JPEG,Normal_39.jpg,dataset2,dataset2
285,632,5,0.5795373499087019,True,osteoporosis,osteoporosis,4o.JPEG,Osteoporosis_34.jpg,dataset2,dataset2
285,638,1,0.9966593201391049,True,osteoporosis,osteoporosis,4o.JPEG,Osteoporosis_4.jpg,dataset2,dataset2
286,463,0,0.9997527801765,True,normal,normal,5.png,Normal_4.jpg,dataset2,dataset2
287,305,5,0.8539142042812777,True,normal,normal,50n.jpg,65.jpg,dataset2,dataset2
287,313,3,0.8304136613067397,True,normal,normal,50n.jpg,71.jpg,dataset2,dataset2
287,322,1,0.9131827603721754,True,normal,normal,50n.jpg,80.jpg,dataset2,dataset2
287,331,6,0.8110391294785775,True,normal,normal,50n.jpg,89.jpg,dataset2,dataset2
287,490,0,0.9991951913490845,True,normal,normal,50n.jpg,Normal_66.jpg,dataset2,dataset2
287,505,5,0.8535203237241922,True,normal,normal,50n.jpg,Normal_80.jpg,dataset2,dataset2
287,509,3,0.8334874522267751,True,normal,normal,50n.jpg,Normal_84.jpg,dataset2,dataset2
287,512,1,0.9160599097363412,True,normal,normal,50n.jpg,Normal_87.jpg,dataset2,dataset2
288,491,1,0.9995959760220042,True,normal,normal,51.jpg,Normal_67.jpg,dataset2,dataset2
289,631,2,0.9985517104775512,True,osteoporosis,osteoporosis,51.png,Osteoporosis_33.jpg,dataset2,dataset2
290,625,6,0.5806106736583065,True,osteoporosis,osteoporosis,52.JPEG,Osteoporosis_26.jpg,dataset2,dataset2
290,632,0,0.9995157641815698,True,osteoporosis,osteoporosis,52.JPEG,Osteoporosis_34.jpg,dataset2,dataset2
290,638,6,0.5672379945560057,True,osteoporosis,osteoporosis,52.JPEG,Osteoporosis_4.jpg,dataset2,dataset2
290,662,4,0.6644742297159802,True,osteoporosis,osteoporosis,52.JPEG,Osteoporosis_62.jpg,dataset2,dataset2
291,494,0,0.9991452877342089,True,normal,normal,53n.jpg,Normal_70.jpg,dataset2,dataset2
292,527,5,0.9319773952918828,True,osteoporosis,osteoporosis,54.png,Osteoporosis_10.jpg,dataset2,dataset2
292,633,0,0.9987274136019633,True,osteoporosis,osteoporosis,54.png,Osteoporosis_35.jpg,dataset2,dataset2
292,673,5,0.4270128650307828,True,osteoporosis,osteoporosis,54.png,Osteoporosis_72.jpg,dataset2,dataset2
293,296,2,0.9910292247037664,True,osteoporosis,osteoporosis,55.JPEG,58.JPEG,dataset2,dataset2
293,338,6,0.8675054441818599,True,osteoporosis,osteoporosis,55.JPEG,94.JPEG,dataset2,dataset2
293,634,3,0.9981627163261414,True,osteoporosis,osteoporosis,55.JPEG,Osteoporosis_36.jpg,dataset2,dataset2
293,635,2,0.9907238454474279,True,osteoporosis,osteoporosis,55.JPEG,Osteoporosis_37.jpg,dataset2,dataset2
294,498,1,0.9954992292531464,True,normal,normal,56n.jpg,Normal_74.jpg,dataset2,dataset2
295,311,5,0.8538221615381436,False,normal,osteoporosis,57n.png,7.png,dataset2,dataset2
295,493,6,0.8400454712613006,True,normal,normal,57n.png,Normal_7.jpg,dataset2,dataset2
295,500,0,0.9993075579563154,True,normal,normal,57n.png,Normal_76.jpg,dataset2,dataset2
296,296,0,0.9999999999999996,True,osteoporosis,osteoporosis,58.JPEG,58.JPEG,dataset2,dataset2
296,338,4,0.8751826893976498,True,osteoporosis,osteoporosis,58.JPEG,94.JPEG,dataset2,dataset2
296,634,5,0.9872520515750599,True,osteoporosis,osteoporosis,58.JPEG,Osteoporosis_36.jpg,dataset2,dataset2
296,635,0,0.9995573129289377,True,osteoporosis,osteoporosis,58.JPEG,Osteoporosis_37.jpg,dataset2,dataset2
297,457,5,0.8933799922422031,True,normal,normal,59.jpg,Normal_34.jpg,dataset2,dataset2
297,501,1,0.9993768953932545,True,normal,normal,59.jpg,Normal_77.jpg,dataset2,dataset2
297,510,6,0.8032896553193316,True,normal,normal,59.jpg,Normal_85.jpg,dataset2,dataset2
297,525,4,0.8963303314426746,True,normal,normal,59.jpg,Normal_99.jpg,dataset2,dataset2
298,299,5,0.8670361783138567,False,normal,osteoporosis,6.png,6.png,dataset2,dataset2
298,326,5,0.8483327514635715,False,normal,osteoporosis,6.png,84.png,dataset2,dataset2
298,349,2,0.8370418780924451,True,normal,normal,6.png,Normal_103.jpg,dataset2,dataset2
298,473,2,0.998045427609729,True,normal,normal,6.png,Normal_5.jpg,dataset2,dataset2
298,649,4,0.8665767706288263,False,normal,osteoporosis,6.png,Osteoporosis_5.jpg,dataset2,dataset2
298,650,5,0.8449666362318684,False,normal,osteoporosis,6.png,Osteoporosis_50.jpg,dataset2,dataset2
299,303,5,0.9472718800651513,True,osteoporosis,osteoporosis,6.png,63.png,dataset2,dataset2
299,326,0,0.8211033446270625,True,osteoporosis,osteoporosis,6.png,84.png,dataset2,dataset2
299,349,5,0.9128895020068192,False,osteoporosis,normal,6.png,Normal_103.jpg,dataset2,dataset2
299,527,5,0.9331868042369378,True,osteoporosis,osteoporosis,6.png,Osteoporosis_10.jpg,dataset2,dataset2
299,571,6,0.9011831953013019,True,osteoporosis,osteoporosis,6.png,Osteoporosis_14.jpg,dataset2,dataset2
299,636,5,0.9470777244747033,True,osteoporosis,osteoporosis,6.png,Osteoporosis_38.jpg,dataset2,dataset2
299,639,5,0.9469478262814529,True,osteoporosis,osteoporosis,6.png,Osteoporosis_40.jpg,dataset2,dataset2
299,649,1,0.996320439345485,True,osteoporosis,osteoporosis,6.png,Osteoporosis_5.jpg,dataset2,dataset2
299,650,0,0.8173347858701465,True,osteoporosis,osteoporosis,6.png,Osteoporosis_50.jpg,dataset2,dataset2
300,303,2,0.9998614784884813,True,osteoporosis,osteoporosis,60.png,63.png,dataset2,dataset2
300,332,6,0.9196568937131617,False,osteoporosis,normal,60.png,9.png,dataset2,dataset2
300,337,6,0.7654107934643786,True,osteoporosis,osteoporosis,60.png,93.png,dataset2,dataset2
300,349,6,0.8768096599645079,False,osteoporosis,normal,60.png,Normal_103.jpg,dataset2,dataset2
300,527,6,0.907234162183642,True,osteoporosis,osteoporosis,60.png,Osteoporosis_10.jpg,dataset2,dataset2
300,628,5,0.6882480427081934,True,osteoporosis,osteoporosis,60.png,Osteoporosis_29.jpg,dataset2,dataset2
300,636,2,0.9993545286829589,True,osteoporosis,osteoporosis,60.png,Osteoporosis_38.jpg,dataset2,dataset2
300,639,2,0.9991982278642618,True,osteoporosis,osteoporosis,60.png,Osteoporosis_40.jpg,dataset2,dataset2
300,649,6,0.9355455161534734,True,osteoporosis,osteoporosis,60.png,Osteoporosis_5.jpg,dataset2,dataset2
300,654,6,0.7481038407643558,True,osteoporosis,osteoporosis,60.png,Osteoporosis_54.jpg,dataset2,dataset2
301,317,1,0.9937814839809289,True,osteoporosis,osteoporosis,61.JPEG,76.JPEG,dataset2,dataset2
301,637,2,0.9957073080721925,True,osteoporosis,osteoporosis,61.JPEG,Osteoporosis_39.jpg,dataset2,dataset2
301,644,1,0.9972454490600247,True,osteoporosis,osteoporosis,61.JPEG,Osteoporosis_45.jpg,dataset2,dataset2
302,461,6,0.8275638145903762,True,normal,normal,62.jpg,Normal_38.jpg,dataset2,dataset2
302,502,0,0.9993455153005584,True,normal,normal,62.jpg,Normal_78.jpg,dataset2,dataset2
303,326,5,0.8013066660961918,True,osteoporosis,osteoporosis,63.png,84.png,dataset2,dataset2
303,332,4,0.9192509643008899,False,osteoporosis,normal,63.png,9.png,dataset2,dataset2
303,337,4,0.7652116485258371,True,osteoporosis,osteoporosis,63.png,93.png,dataset2,dataset2
303,349,4,0.8766283917106583,False,osteoporosis,normal,63.png,Normal_103.jpg,dataset2,dataset2
303,504,5,0.9099069369716938,False,osteoporosis,normal,63.png,Normal_8.jpg,dataset2,dataset2
303,527,6,0.9065387577917343,True,osteoporosis,osteoporosis,63.png,Osteoporosis_10.jpg,dataset2,dataset2
303,628,5,0.6869398686794184,True,osteoporosis,osteoporosis,63.png,Osteoporosis_29.jpg,dataset2,dataset2
303,636,2,0.9992628589805231,True,osteoporosis,osteoporosis,63.png,Osteoporosis_38.jpg,dataset2,dataset2
303,639,2,0.9993537571729394,True,osteoporosis,osteoporosis,63.png,Osteoporosis_40.jpg,dataset2,dataset2
303,649,4,0.9355827262130283,True,osteoporosis,osteoporosis,63.png,Osteoporosis_5.jpg,dataset2,dataset2
303,650,5,0.797837826925851,True,osteoporosis,osteoporosis,63.png,Osteoporosis_50.jpg,dataset2,dataset2
303,654,4,0.7479992491305827,True,osteoporosis,osteoporosis,63.png,Osteoporosis_54.jpg,dataset2,dataset2
304,503,3,0.9984070771922651,True,normal,normal,64n.JPEG,Normal_79.jpg,dataset2,dataset2
305,322,6,0.860509454088071,True,normal,normal,65.jpg,80.jpg,dataset2,dataset2
305,328,6,0.8920515544590075,True,normal,normal,65.jpg,86.jpg,dataset2,dataset2
305,331,5,0.9332900773882176,True,normal,normal,65.jpg,89.jpg,dataset2,dataset2
305,490,5,0.8565101173285808,True,normal,normal,65.jpg,Normal_66.jpg,dataset2,dataset2
305,505,0,0.9994088768536273,True,normal,normal,65.jpg,Normal_80.jpg,dataset2,dataset2
305,512,6,0.8641637017286772,True,normal,normal,65.jpg,Normal_87.jpg,dataset2,dataset2
305,514,6,0.8934086283894456,True,normal,normal,65.jpg,Normal_89.jpg,dataset2,dataset2
305,517,6,0.933336119744879,True,normal,normal,65.jpg,Normal_91.jpg,dataset2,dataset2
306,323,2,0.9539388794543904,True,osteoporosis,osteoporosis,66.png,81.png,dataset2,dataset2
306,640,0,0.9992960022140729,True,osteoporosis,osteoporosis,66.png,Osteoporosis_41.jpg,dataset2,dataset2
306,647,2,0.9619560911323404,True,osteoporosis,osteoporosis,66.png,Osteoporosis_48.jpg,dataset2,dataset2
307,534,5,0.7312807171840794,True,osteoporosis,osteoporosis,67.JPEG,Osteoporosis_106.jpg,dataset2,dataset2
307,641,0,0.9995914775199057,True,osteoporosis,osteoporosis,67.JPEG,Osteoporosis_42.jpg,dataset2,dataset2
308,321,6,0.5890257190874656,False,normal,osteoporosis,68.jpg,8.JPEG,dataset2,dataset2
308,347,3,0.8148256843940638,True,normal,normal,68.jpg,Normal_101.jpg,dataset2,dataset2
308,348,4,0.476013687157791,True,normal,normal,68.jpg,Normal_102.jpg,dataset2,dataset2
308,385,6,0.7328471634760281,True,normal,normal,68.jpg,Normal_136.jpg,dataset2,dataset2
308,424,4,0.8738458636204973,True,normal,normal,68.jpg,Normal_172.jpg,dataset2,dataset2
308,506,0,0.9996360115802247,True,normal,normal,68.jpg,Normal_81.jpg,dataset2,dataset2
308,538,5,0.5541808829508061,False,normal,osteoporosis,68.jpg,Osteoporosis_11.jpg,dataset2,dataset2
308,590,4,0.5658870070265826,False,normal,osteoporosis,68.jpg,Osteoporosis_157.jpg,dataset2,dataset2
308,625,6,0.5518381151490981,False,normal,osteoporosis,68.jpg,Osteoporosis_26.jpg,dataset2,dataset2
309,507,1,0.9992521169404992,True,normal,normal,69.png,Normal_82.jpg,dataset2,dataset2
310,430,5,0.9099484004612192,True,normal,normal,7.jpg,Normal_178.jpg,dataset2,dataset2
310,472,6,0.8294686475204182,True,normal,normal,7.jpg,Normal_49.jpg,dataset2,dataset2
310,484,1,0.9989670901300577,True,normal,normal,7.jpg,Normal_6.jpg,dataset2,dataset2
311,493,1,0.9982124086448539,False,osteoporosis,normal,7.png,Normal_7.jpg,dataset2,dataset2
311,500,5,0.8525465921714896,False,osteoporosis,normal,7.png,Normal_76.jpg,dataset2,dataset2
311,589,5,0.8048195686101538,True,osteoporosis,osteoporosis,7.png,Osteoporosis_156.jpg,dataset2,dataset2
312,508,0,0.9985252584785657,True,normal,normal,70n.JPEG,Normal_83.jpg,dataset2,dataset2
313,424,5,0.8515137566405109,True,normal,normal,71.jpg,Normal_172.jpg,dataset2,dataset2
313,457,4,0.9049413688858385,True,normal,normal,71.jpg,Normal_34.jpg,dataset2,dataset2
313,490,3,0.829837621179955,True,normal,normal,71.jpg,Normal_66.jpg,dataset2,dataset2
313,509,0,0.9993063739593273,True,normal,normal,71.jpg,Normal_84.jpg,dataset2,dataset2
313,538,6,0.5763825434329075,False,normal,osteoporosis,71.jpg,Osteoporosis_11.jpg,dataset2,dataset2
314,642,0,0.9987840891466798,True,osteoporosis,osteoporosis,72.png,Osteoporosis_43.jpg,dataset2,dataset2
315,595,6,0.657014080320858,True,osteoporosis,osteoporosis,73.JPEG,Osteoporosis_162.jpg,dataset2,dataset2
315,643,0,0.9996675364703032,True,osteoporosis,osteoporosis,73.JPEG,Osteoporosis_44.jpg,dataset2,dataset2
316,501,6,0.8014111870797522,True,normal,normal,74.jpg,Normal_77.jpg,dataset2,dataset2
316,510,1,0.9992580525882134,True,normal,normal,74.jpg,Normal_85.jpg,dataset2,dataset2
317,534,6,0.8537348920191534,True,osteoporosis,osteoporosis,76.JPEG,Osteoporosis_106.jpg,dataset2,dataset2
317,535,6,0.8539923416023221,True,osteoporosis,osteoporosis,76.JPEG,Osteoporosis_107.jpg,dataset2,dataset2
317,637,1,0.9813965222672197,True,osteoporosis,osteoporosis,76.JPEG,Osteoporosis_39.jpg,dataset2,dataset2
317,644,0,0.9983490971390236,True,osteoporosis,osteoporosis,76.JPEG,Osteoporosis_45.jpg,dataset2,dataset2
318,336,6,0.9099380046348692,True,normal,normal,77.jpg,92.jpg,dataset2,dataset2
318,472,5,0.8475826325082406,True,normal,normal,77.jpg,Normal_49.jpg,dataset2,dataset2
318,511,0,0.9992489775403838,True,normal,normal,77.jpg,Normal_86.jpg,dataset2,dataset2
319,645,0,0.998618128817372,True,osteoporosis,osteoporosis,78.png,Osteoporosis_46.jpg,dataset2,dataset2
320,526,1,0.9939087164988747,True,osteoporosis,osteoporosis,79.JPEG,Osteoporosis.jpg,dataset2,dataset2
320,622,4,0.9498491660660902,True,osteoporosis,osteoporosis,79.JPEG,Osteoporosis_23.jpg,dataset2,dataset2
320,646,0,0.9995435316683791,True,osteoporosis,osteoporosis,79.JPEG,Osteoporosis_47.jpg,dataset2,dataset2
321,347,5,0.6969118734474107,False,osteoporosis,normal,8.JPEG,Normal_101.jpg,dataset2,dataset2
321,348,4,0.9020528866919336,False,osteoporosis,normal,8.JPEG,Normal_102.jpg,dataset2,dataset2
321,465,6,0.9393274475466964,False,osteoporosis,normal,8.JPEG,Normal_41.jpg,dataset2,dataset2
321,506,6,0.5892736687781375,False,osteoporosis,normal,8.JPEG,Normal_81.jpg,dataset2,dataset2
321,590,6,0.8646424392997479,True,osteoporosis,osteoporosis,8.JPEG,Osteoporosis_157.jpg,dataset2,dataset2
321,625,2,0.9556321623567323,True,osteoporosis,osteoporosis,8.JPEG,Osteoporosis_26.jpg,dataset2,dataset2
321,666,6,0.8945448570825123,True,osteoporosis,osteoporosis,8.JPEG,Osteoporosis_66.jpg,dataset2,dataset2
321,670,1,0.998058743964569,True,osteoporosis,osteoporosis,8.JPEG,Osteoporosis_7.jpg,dataset2,dataset2
322,344,5,0.8659966519775087,True,normal,normal,80.jpg,Normal.jpg,dataset2,dataset2
322,490,1,0.9120863462042563,True,normal,normal,80.jpg,Normal_66.jpg,dataset2,dataset2
322,505,6,0.8598404365619035,True,normal,normal,80.jpg,Normal_80.jpg,dataset2,dataset2
322,512,0,0.9991097741905496,True,normal,normal,80.jpg,Normal_87.jpg,dataset2,dataset2
323,640,2,0.948543658334381,True,osteoporosis,osteoporosis,81.png,Osteoporosis_41.jpg,dataset2,dataset2
323,647,0,0.9990398128310664,True,osteoporosis,osteoporosis,81.png,Osteoporosis_48.jpg,dataset2,dataset2
324,648,0,0.9997039282895364,True,osteoporosis,osteoporosis,82.JPEG,Osteoporosis_49.jpg,dataset2,dataset2
325,468,4,0.9528885534972403,True,normal,normal,83.jpg,Normal_44.jpg,dataset2,dataset2
325,513,0,0.9994691191016822,True,normal,normal,83.jpg,Normal_88.jpg,dataset2,dataset2
326,349,5,0.7107692346814564,False,osteoporosis,normal,84.png,Normal_103.jpg,dataset2,dataset2
326,527,5,0.7915697163672821,True,osteoporosis,osteoporosis,84.png,Osteoporosis_10.jpg,dataset2,dataset2
326,571,6,0.7658215511361746,True,osteoporosis,osteoporosis,84.png,Osteoporosis_14.jpg,dataset2,dataset2
326,636,5,0.8079553856728948,True,osteoporosis,osteoporosis,84.png,Osteoporosis_38.jpg,dataset2,dataset2
326,639,5,0.8081118282270433,True,osteoporosis,osteoporosis,84.png,Osteoporosis_40.jpg,dataset2,dataset2
326,649,1,0.8157958762084999,True,osteoporosis,osteoporosis,84.png,Osteoporosis_5.jpg,dataset2,dataset2
326,650,0,0.9992035578622092,True,osteoporosis,osteoporosis,84.png,Osteoporosis_50.jpg,dataset2,dataset2
327,651,0,0.9996968276026954,True,osteoporosis,osteoporosis,85.JPEG,Osteoporosis_51.jpg,dataset2,dataset2
328,469,2,0.9569296851227709,True,normal,normal,86.jpg,Normal_45.jpg,dataset2,dataset2
328,505,6,0.892726404574364,True,normal,normal,86.jpg,Normal_80.jpg,dataset2,dataset2
328,514,0,0.9994340559537971,True,normal,normal,86.jpg,Normal_89.jpg,dataset2,dataset2
329,340,4,0.7194080284663256,True,normal,normal,87.png,96.png,dataset2,dataset2
329,356,6,0.8431217761886307,True,normal,normal,87.png,Normal_11.jpg,dataset2,dataset2
329,390,5,0.5938370312189054,True,normal,normal,87.png,Normal_140.jpg,dataset2,dataset2
329,515,5,0.9197710793514657,True,normal,normal,87.png,Normal_9.jpg,dataset2,dataset2
329,516,0,0.9991549615544069,True,normal,normal,87.png,Normal_90.jpg,dataset2,dataset2
329,521,4,0.7212040904066449,True,normal,normal,87.png,Normal_95.jpg,dataset2,dataset2
329,627,5,0.8545496411457931,False,normal,osteoporosis,87.png,Osteoporosis_28.jpg,dataset2,dataset2
329,673,4,0.6961030761022792,False,normal,osteoporosis,87.png,Osteoporosis_72.jpg,dataset2,dataset2
330,460,6,0.9337926043244589,False,osteoporosis,normal,88.JPEG,Normal_37.jpg,dataset2,dataset2
330,625,6,0.9237157247061776,True,osteoporosis,osteoporosis,88.JPEG,Osteoporosis_26.jpg,dataset2,dataset2
330,652,0,0.9996064288821939,True,osteoporosis,osteoporosis,88.JPEG,Osteoporosis_52.jpg,dataset2,dataset2
330,655,6,0.8592952536858175,True,osteoporosis,osteoporosis,88.JPEG,Osteoporosis_55.jpg,dataset2,dataset2
331,350,6,0.8341036139263478,True,normal,normal,89.jpg,Normal_104.jpg,dataset2,dataset2
331,490,6,0.813689149686613,True,normal,normal,89.jpg,Normal_66.jpg,dataset2,dataset2
331,505,5,0.9346081539716555,True,normal,normal,89.jpg,Normal_80.jpg,dataset2,dataset2
331,517,1,0.9994730255634037,True,normal,normal,89.jpg,Normal_91.jpg,dataset2,dataset2
332,337,6,0.7384811773409103,False,normal,osteoporosis,9.png,93.png,dataset2,dataset2
332,349,4,0.9254622661876184,True,normal,normal,9.png,Normal_103.jpg,dataset2,dataset2
332,473,4,0.8713833980594227,True,normal,normal,9.png,Normal_5.jpg,dataset2,dataset2
332,504,1,0.9971686139860845,True,normal,normal,9.png,Normal_8.jpg,dataset2,dataset2
332,636,4,0.9177567273505041,False,normal,osteoporosis,9.png,Osteoporosis_38.jpg,dataset2,dataset2
332,639,4,0.9173143991675681,False,normal,osteoporosis,9.png,Osteoporosis_40.jpg,dataset2,dataset2
332,649,6,0.9200527840138268,False,normal,osteoporosis,9.png,Osteoporosis_5.jpg,dataset2,dataset2
332,654,6,0.7294998557136647,False,normal,osteoporosis,9.png,Osteoporosis_54.jpg,dataset2,dataset2
333,340,5,0.8101209396863811,False,osteoporosis,normal,9.png,96.png,dataset2,dataset2
333,515,6,0.8042033332163949,False,osteoporosis,normal,9.png,Normal_9.jpg,dataset2,dataset2
333,521,5,0.8094399928996463,False,osteoporosis,normal,9.png,Normal_95.jpg,dataset2,dataset2
333,681,0,0.9975912350928708,True,osteoporosis,osteoporosis,9.png,Osteoporosis_8.jpg,dataset2,dataset2
334,653,0,0.9988578584204566,True,osteoporosis,osteoporosis,90.png,Osteoporosis_53.jpg,dataset2,dataset2
335,348,5,0.8174485455250854,True,normal,normal,91n.JPEG,Normal_102.jpg,dataset2,dataset2
335,518,1,0.9997765828897338,True,normal,normal,91n.JPEG,Normal_92.jpg,dataset2,dataset2
336,511,6,0.9128556168185349,True,normal,normal,92.jpg,Normal_86.jpg,dataset2,dataset2
336,519,1,0.9945701310670845,True,normal,normal,92.jpg,Normal_93.jpg,dataset2,dataset2
337,349,4,0.7331932622808951,False,osteoporosis,normal,93.png,Normal_103.jpg,dataset2,dataset2
337,504,5,0.7553506761160774,False,osteoporosis,normal,93.png,Normal_8.jpg,dataset2,dataset2
337,636,4,0.7741174849232366,True,osteoporosis,osteoporosis,93.png,Osteoporosis_38.jpg,dataset2,dataset2
337,639,4,0.7738884248360154,True,osteoporosis,osteoporosis,93.png,Osteoporosis_40.jpg,dataset2,dataset2
337,649,6,0.7992026846671253,True,osteoporosis,osteoporosis,93.png,Osteoporosis_5.jpg,dataset2,dataset2
337,654,0,0.9977636520700554,True,osteoporosis,osteoporosis,93.png,Osteoporosis_54.jpg,dataset2,dataset2
337,668,6,0.7064695497921962,True,osteoporosis,osteoporosis,93.png,Osteoporosis_68.jpg,dataset2,dataset2
338,635,4,0.8756347281776419,True,osteoporosis,osteoporosis,94.JPEG,Osteoporosis_37.jpg,dataset2,dataset2
338,655,1,0.9993935037075832,True,osteoporosis,osteoporosis,94.JPEG,Osteoporosis_55.jpg,dataset2,dataset2
339,429,6,0.9087258640099076,True,normal,normal,95.jpg,Normal_177.jpg,dataset2,dataset2
339,520,0,0.9953910294732875,True,normal,normal,95.jpg,Normal_94.jpg,dataset2,dataset2
340,390,5,0.6023669018822776,True,normal,normal,96.png,Normal_140.jpg,dataset2,dataset2
340,516,4,0.716700083787749,True,normal,normal,96.png,Normal_90.jpg,dataset2,dataset2
340,521,0,0.9997882479745589,True,normal,normal,96.png,Normal_95.jpg,dataset2,dataset2
340,619,5,0.6473369711816901,False,normal,osteoporosis,96.png,Osteoporosis_19.jpg,dataset2,dataset2
340,627,5,0.8311429989908129,False,normal,osteoporosis,96.png,Osteoporosis_28.jpg,dataset2,dataset2
340,681,5,0.8086317906069944,False,normal,osteoporosis,96.png,Osteoporosis_8.jpg,dataset2,dataset2
341,656,3,0.9997042992193955,True,osteoporosis,osteoporosis,97.JPEG,Osteoporosis_56.jpg,dataset2,dataset2
342,522,2,0.9951080238489345,True,normal,normal,98n.jpg,Normal_96.jpg,dataset2,dataset2
343,343,0,1.0000000000000002,True,osteoporosis,osteoporosis,99.png,99.png,dataset2,dataset2
343,657,0,0.9994625685765443,True,osteoporosis,osteoporosis,99.png,Osteoporosis_57.jpg,dataset2,dataset2
343,661,3,0.9070188846587172,True,osteoporosis,osteoporosis,99.png,Osteoporosis_61.jpg,dataset2,dataset2
344,466,6,0.9071709378726811,True,normal,normal,Normal.jpg,Normal_42.jpg,dataset2,dataset2
344,512,5,0.8676634819216203,True,normal,normal,Normal.jpg,Normal_87.jpg,dataset2,dataset2
345,467,4,0.8819830692373392,True,normal,normal,Normal_10.jpg,Normal_43.jpg,dataset2,dataset2
347,347,0,0.9999999999999999,True,normal,normal,Normal_101.jpg,Normal_101.jpg,dataset2,dataset2
347,348,3,0.6709638624164632,True,normal,normal,Normal_101.jpg,Normal_102.jpg,dataset2,dataset2
347,506,3,0.8175293508130019,True,normal,normal,Normal_101.jpg,Normal_81.jpg,dataset2,dataset2
347,538,6,0.7175171241083638,False,normal,osteoporosis,Normal_101.jpg,Osteoporosis_11.jpg,dataset2,dataset2
347,590,3,0.7491180169255376,False,normal,osteoporosis,Normal_101.jpg,Osteoporosis_157.jpg,dataset2,dataset2
347,625,5,0.6868105234736284,False,normal,osteoporosis,Normal_101.jpg,Osteoporosis_26.jpg,dataset2,dataset2
347,670,6,0.6930910074904695,False,normal,osteoporosis,Normal_101.jpg,Osteoporosis_7.jpg,dataset2,dataset2
348,385,6,0.4675142590669142,True,normal,normal,Normal_102.jpg,Normal_136.jpg,dataset2,dataset2
348,447,6,0.9220045700413368,True,normal,normal,Normal_102.jpg,Normal_25.jpg,dataset2,dataset2
348,465,6,0.8496208207346596,True,normal,normal,Normal_102.jpg,Normal_41.jpg,dataset2,dataset2
348,506,4,0.47680545144753006,True,normal,normal,Normal_102.jpg,Normal_81.jpg,dataset2,dataset2
348,518,4,0.8142246438755951,True,normal,normal,Normal_102.jpg,Normal_92.jpg,dataset2,dataset2
348,590,4,0.8614255436467109,False,normal,osteoporosis,Normal_102.jpg,Osteoporosis_157.jpg,dataset2,dataset2
348,625,4,0.9301316332649088,False,normal,osteoporosis,Normal_102.jpg,Osteoporosis_26.jpg,dataset2,dataset2
348,666,6,0.8568539220263034,False,normal,osteoporosis,Normal_102.jpg,Osteoporosis_66.jpg,dataset2,dataset2
348,670,5,0.8976001861502862,False,normal,osteoporosis,Normal_102.jpg,Osteoporosis_7.jpg,dataset2,dataset2
349,504,3,0.9305116516325758,True,normal,normal,Normal_103.jpg,Normal_8.jpg,dataset2,dataset2
349,527,6,0.9045289072244819,False,normal,osteoporosis,Normal_103.jpg,Osteoporosis_10.jpg,dataset2,dataset2
349,571,3,0.9233576468352693,False,normal,osteoporosis,Normal_103.jpg,Osteoporosis_14.jpg,dataset2,dataset2
349,636,4,0.8727454466753476,False,normal,osteoporosis,Normal_103.jpg,Osteoporosis_38.jpg,dataset2,dataset2
349,639,4,0.8725003352373102,False,normal,osteoporosis,Normal_103.jpg,Osteoporosis_40.jpg,dataset2,dataset2
349,649,4,0.9240304718871278,False,normal,osteoporosis,Normal_103.jpg,Osteoporosis_5.jpg,dataset2,dataset2
349,650,5,0.7050890824909515,False,normal,osteoporosis,Normal_103.jpg,Osteoporosis_50.jpg,dataset2,dataset2
349,654,4,0.7333364435922354,False,normal,osteoporosis,Normal_103.jpg,Osteoporosis_54.jpg,dataset2,dataset2
350,350,0,1.0,True,normal,normal,Normal_104.jpg,Normal_104.jpg,dataset2,dataset2
350,594,4,0.9410020500428599,False,normal,osteoporosis,Normal_104.jpg,Osteoporosis_161.jpg,dataset2,dataset2
350,675,5,0.9091645162284916,False,normal,osteoporosis,Normal_104.jpg,Osteoporosis_74.jpg,dataset2,dataset2
351,580,5,0.6586652257294858,False,normal,osteoporosis,Normal_105.jpg,Osteoporosis_148.jpg,dataset2,dataset2
354,470,5,0.8732611075824582,True,normal,normal,Normal_108.jpg,Normal_47.jpg,dataset2,dataset2
356,516,6,0.8429937627996997,True,normal,normal,Normal_11.jpg,Normal_90.jpg,dataset2,dataset2
362,371,6,0.7640368016428052,True,normal,normal,Normal_115.jpg,Normal_123.jpg,dataset2,dataset2
365,381,5,0.9060214363666307,True,normal,normal,Normal_118.jpg,Normal_132.jpg,dataset2,dataset2
366,421,5,0.7859511658640445,True,normal,normal,Normal_119.jpg,Normal_17.jpg,dataset2,dataset2
366,537,4,0.7570313487712603,False,normal,osteoporosis,Normal_119.jpg,Osteoporosis_109.jpg,dataset2,dataset2
367,376,6,0.7240824563091215,True,normal,normal,Normal_12.jpg,Normal_128.jpg,dataset2,dataset2
367,561,6,0.668345890823492,False,normal,osteoporosis,Normal_12.jpg,Osteoporosis_130.jpg,dataset2,dataset2
371,377,6,0.846888274302135,True,normal,normal,Normal_123.jpg,Normal_129.jpg,dataset2,dataset2
371,381,3,0.8825601373364843,True,normal,normal,Normal_123.jpg,Normal_132.jpg,dataset2,dataset2
373,379,5,0.8927536532174458,True,normal,normal,Normal_125.jpg,Normal_130.jpg,dataset2,dataset2
373,380,6,0.8248553546445001,True,normal,normal,Normal_125.jpg,Normal_131.jpg,dataset2,dataset2
376,391,5,0.9403083460084707,True,normal,normal,Normal_128.jpg,Normal_141.jpg,dataset2,dataset2
376,561,4,0.7904484517216682,False,normal,osteoporosis,Normal_128.jpg,Osteoporosis_130.jpg,dataset2,dataset2
376,667,6,0.7776327213920754,False,normal,osteoporosis,Normal_128.jpg,Osteoporosis_67.jpg,dataset2,dataset2
379,396,6,0.8828877649168106,True,normal,normal,Normal_130.jpg,Normal_146.jpg,dataset2,dataset2
382,384,6,0.9204232909692296,True,normal,normal,Normal_133.jpg,Normal_135.jpg,dataset2,dataset2
382,415,6,0.7186758448638753,True,normal,normal,Normal_133.jpg,Normal_164.jpg,dataset2,dataset2
383,683,4,0.8875221532408983,False,normal,osteoporosis,Normal_134.jpg,Osteoporosis_81.jpg,dataset2,dataset2
385,506,6,0.7336894986639818,True,normal,normal,Normal_136.jpg,Normal_81.jpg,dataset2,dataset2
389,418,6,0.9406772801469079,True,normal,normal,Normal_14.jpg,Normal_167.jpg,dataset2,dataset2
390,390,0,1.0,True,normal,normal,Normal_140.jpg,Normal_140.jpg,dataset2,dataset2
390,395,4,0.8691542268682726,True,normal,normal,Normal_140.jpg,Normal_145.jpg,dataset2,dataset2
390,516,5,0.591413205901187,True,normal,normal,Normal_140.jpg,Normal_90.jpg,dataset2,dataset2
390,521,5,0.6039533371190355,True,normal,normal,Normal_140.jpg,Normal_95.jpg,dataset2,dataset2
393,688,5,0.8555383596705262,False,normal,osteoporosis,Normal_143.jpg,Osteoporosis_86.jpg,dataset2,dataset2
394,688,6,0.8980739889556175,False,normal,osteoporosis,Normal_144.jpg,Osteoporosis_86.jpg,dataset2,dataset2
398,398,0,1.0,True,normal,normal,Normal_148.jpg,Normal_148.jpg,dataset2,dataset2
398,692,4,0.7517358003161911,False,normal,osteoporosis,Normal_148.jpg,Osteoporosis_91.jpg,dataset2,dataset2
404,688,6,0.8151095511727569,False,normal,osteoporosis,Normal_153.jpg,Osteoporosis_86.jpg,dataset2,dataset2
405,405,0,1.0,True,normal,normal,Normal_154.jpg,Normal_154.jpg,dataset2,dataset2
407,588,6,0.9352566579912189,False,normal,osteoporosis,Normal_157.jpg,Osteoporosis_155.jpg,dataset2,dataset2
408,485,1,0.9705550181611757,True,normal,normal,Normal_158.jpg,Normal_60.jpg,dataset2,dataset2
408,495,5,0.9470483946908421,True,normal,normal,Normal_158.jpg,Normal_71.jpg,dataset2,dataset2
408,499,0,0.9622767007140169,True,normal,normal,Normal_158.jpg,Normal_75.jpg,dataset2,dataset2
408,530,1,0.948351218306766,False,normal,osteoporosis,Normal_158.jpg,Osteoporosis_102.jpg,dataset2,dataset2
408,533,0,0.9597451381534743,False,normal,osteoporosis,Normal_158.jpg,Osteoporosis_105.jpg,dataset2,dataset2
408,541,1,0.9387710699962107,False,normal,osteoporosis,Normal_158.jpg,Osteoporosis_112.jpg,dataset2,dataset2
408,552,1,0.9311334709062499,False,normal,osteoporosis,Normal_158.jpg,Osteoporosis_122.jpg,dataset2,dataset2
408,557,3,0.9679434932504307,False,normal,osteoporosis,Normal_158.jpg,Osteoporosis_127.jpg,dataset2,dataset2
408,564,3,0.9134010669772508,False,normal,osteoporosis,Normal_158.jpg,Osteoporosis_133.jpg,dataset2,dataset2
408,694,0,0.9540528434741304,False,normal,osteoporosis,Normal_158.jpg,Osteoporosis_94.jpg,dataset2,dataset2
409,547,6,0.9686974512596491,False,normal,osteoporosis,Normal_159.jpg,Osteoporosis_118.jpg,dataset2,dataset2
409,555,6,0.9591199734027034,False,normal,osteoporosis,Normal_159.jpg,Osteoporosis_125.jpg,dataset2,dataset2
409,569,6,0.9347874062779193,False,normal,osteoporosis,Normal_159.jpg,Osteoporosis_138.jpg,dataset2,dataset2
409,599,6,0.8255921878070731,False,normal,osteoporosis,Normal_159.jpg,Osteoporosis_166.jpg,dataset2,dataset2
409,604,6,0.9168353672741583,False,normal,osteoporosis,Normal_159.jpg,Osteoporosis_170.jpg,dataset2,dataset2
409,606,6,0.749691052855802,False,normal,osteoporosis,Normal_159.jpg,Osteoporosis_173.jpg,dataset2,dataset2
409,613,5,0.8918003323946574,False,normal,osteoporosis,Normal_159.jpg,Osteoporosis_180.jpg,dataset2,dataset2
409,617,4,0.9526269355671686,False,normal,osteoporosis,Normal_159.jpg,Osteoporosis_184.jpg,dataset2,dataset2
409,697,6,0.938210315007006,False,normal,osteoporosis,Normal_159.jpg,Osteoporosis_98.jpg,dataset2,dataset2
410,551,6,0.9007351024162924,False,normal,osteoporosis,Normal_16.jpg,Osteoporosis_121.jpg,dataset2,dataset2
411,437,2,0.9004383246187854,True,normal,normal,Normal_160.jpg,Normal_184.jpg,dataset2,dataset2
411,439,2,0.9666134743110789,True,normal,normal,Normal_160.jpg,Normal_186.jpg,dataset2,dataset2
411,483,3,0.9090612800782002,True,normal,normal,Normal_160.jpg,Normal_59.jpg,dataset2,dataset2
411,486,4,0.8670080194650973,True,normal,normal,Normal_160.jpg,Normal_61.jpg,dataset2,dataset2
411,489,1,0.8110632218315663,True,normal,normal,Normal_160.jpg,Normal_65.jpg,dataset2,dataset2
411,496,6,0.8731159840215017,True,normal,normal,Normal_160.jpg,Normal_72.jpg,dataset2,dataset2
411,497,1,0.8932991189846381,True,normal,normal,Normal_160.jpg,Normal_73.jpg,dataset2,dataset2
411,539,2,0.9169236537029936,False,normal,osteoporosis,Normal_160.jpg,Osteoporosis_110.jpg,dataset2,dataset2
411,541,5,0.8310418110222642,False,normal,osteoporosis,Normal_160.jpg,Osteoporosis_112.jpg,dataset2,dataset2
411,555,4,0.9088509264292312,False,normal,osteoporosis,Normal_160.jpg,Osteoporosis_125.jpg,dataset2,dataset2
411,562,2,0.9288898433785261,False,normal,osteoporosis,Normal_160.jpg,Osteoporosis_131.jpg,dataset2,dataset2
411,565,2,0.9352410962780088,False,normal,osteoporosis,Normal_160.jpg,Osteoporosis_134.jpg,dataset2,dataset2
411,568,5,0.8807263501420834,False,normal,osteoporosis,Normal_160.jpg,Osteoporosis_137.jpg,dataset2,dataset2
411,569,4,0.8899815875060425,False,normal,osteoporosis,Normal_160.jpg,Osteoporosis_138.jpg,dataset2,dataset2
411,599,4,0.7535444726532488,False,normal,osteoporosis,Normal_160.jpg,Osteoporosis_166.jpg,dataset2,dataset2
411,601,2,0.9377735127198608,False,normal,osteoporosis,Normal_160.jpg,Osteoporosis_168.jpg,dataset2,dataset2
411,604,2,0.8796925572159784,False,normal,osteoporosis,Normal_160.jpg,Osteoporosis_170.jpg,dataset2,dataset2
411,605,6,0.8786058484307702,False,normal,osteoporosis,Normal_160.jpg,Osteoporosis_171.jpg,dataset2,dataset2
411,606,6,0.6474118610434467,False,normal,osteoporosis,Normal_160.jpg,Osteoporosis_173.jpg,dataset2,dataset2
411,613,3,0.8305221405334502,False,normal,osteoporosis,Normal_160.jpg,Osteoporosis_180.jpg,dataset2,dataset2
411,614,3,0.875071367852536,False,normal,osteoporosis,Normal_160.jpg,Osteoporosis_181.jpg,dataset2,dataset2
411,615,3,0.9223486564260623,False,normal,osteoporosis,Normal_160.jpg,Osteoporosis_182.jpg,dataset2,dataset2
411,617,6,0.898926640209381,False,normal,osteoporosis,Normal_160.jpg,Osteoporosis_184.jpg,dataset2,dataset2
411,682,3,0.8895390824196964,False,normal,osteoporosis,Normal_160.jpg,Osteoporosis_80.jpg,dataset2,dataset2
411,686,2,0.9067682411227261,False,normal,osteoporosis,Normal_160.jpg,Osteoporosis_84.jpg,dataset2,dataset2
411,687,3,0.932490393499189,False,normal,osteoporosis,Normal_160.jpg,Osteoporosis_85.jpg,dataset2,dataset2
411,689,1,0.8817133377896413,False,normal,osteoporosis,Normal_160.jpg,Osteoporosis_87.jpg,dataset2,dataset2
411,695,4,0.9297641760697916,False,normal,osteoporosis,Normal_160.jpg,Osteoporosis_95.jpg,dataset2,dataset2
411,697,2,0.9069293223820988,False,normal,osteoporosis,Normal_160.jpg,Osteoporosis_98.jpg,dataset2,dataset2
412,579,3,0.9413308351847698,False,normal,osteoporosis,Normal_161.jpg,Osteoporosis_147.jpg,dataset2,dataset2
417,585,5,0.9296230558973836,False,normal,osteoporosis,Normal_166.jpg,Osteoporosis_152.jpg,dataset2,dataset2
419,550,3,0.9782031191043372,False,normal,osteoporosis,Normal_168.jpg,Osteoporosis_120.jpg,dataset2,dataset2
421,421,0,0.9999999999999998,True,normal,normal,Normal_17.jpg,Normal_17.jpg,dataset2,dataset2
421,537,3,0.8047997573356003,False,normal,osteoporosis,Normal_17.jpg,Osteoporosis_109.jpg,dataset2,dataset2
423,450,5,0.9901295789308369,True,normal,normal,Normal_171.jpg,Normal_28.jpg,dataset2,dataset2
424,506,4,0.8768986497277536,True,normal,normal,Normal_172.jpg,Normal_81.jpg,dataset2,dataset2
424,509,5,0.8557223679530921,True,normal,normal,Normal_172.jpg,Normal_84.jpg,dataset2,dataset2
429,520,6,0.8982991120699735,True,normal,normal,Normal_177.jpg,Normal_94.jpg,dataset2,dataset2
430,484,4,0.9088897622940366,True,normal,normal,Normal_178.jpg,Normal_6.jpg,dataset2,dataset2
430,538,6,0.5145771489790871,False,normal,osteoporosis,Normal_178.jpg,Osteoporosis_11.jpg,dataset2,dataset2
437,439,0,0.9425048651717727,True,normal,normal,Normal_184.jpg,Normal_186.jpg,dataset2,dataset2
437,483,1,0.8762912271487512,True,normal,normal,Normal_184.jpg,Normal_59.jpg,dataset2,dataset2
437,486,4,0.9533611984009192,True,normal,normal,Normal_184.jpg,Normal_61.jpg,dataset2,dataset2
437,489,1,0.7312909354235837,True,normal,normal,Normal_184.jpg,Normal_65.jpg,dataset2,dataset2
437,496,6,0.9503892203430528,True,normal,normal,Normal_184.jpg,Normal_72.jpg,dataset2,dataset2
437,497,1,0.8259828184590086,True,normal,normal,Normal_184.jpg,Normal_73.jpg,dataset2,dataset2
437,539,0,0.8912405911694674,False,normal,osteoporosis,Normal_184.jpg,Osteoporosis_110.jpg,dataset2,dataset2
437,541,5,0.7460380974563914,False,normal,osteoporosis,Normal_184.jpg,Osteoporosis_112.jpg,dataset2,dataset2
437,555,2,0.9220924463625787,False,normal,osteoporosis,Normal_184.jpg,Osteoporosis_125.jpg,dataset2,dataset2
437,562,0,0.9063498157105152,False,normal,osteoporosis,Normal_184.jpg,Osteoporosis_131.jpg,dataset2,dataset2
437,565,0,0.934258005277746,False,normal,osteoporosis,Normal_184.jpg,Osteoporosis_134.jpg,dataset2,dataset2
437,567,5,0.9274597178836212,False,normal,osteoporosis,Normal_184.jpg,Osteoporosis_136.jpg,dataset2,dataset2
437,568,3,0.8282429139204024,False,normal,osteoporosis,Normal_184.jpg,Osteoporosis_137.jpg,dataset2,dataset2
437,569,2,0.8468893653111527,False,normal,osteoporosis,Normal_184.jpg,Osteoporosis_138.jpg,dataset2,dataset2
437,599,4,0.6590021214064576,False,normal,osteoporosis,Normal_184.jpg,Osteoporosis_166.jpg,dataset2,dataset2
437,601,0,0.9311331858383405,False,normal,osteoporosis,Normal_184.jpg,Osteoporosis_168.jpg,dataset2,dataset2
437,602,5,0.9409811338753993,False,normal,osteoporosis,Normal_184.jpg,Osteoporosis_169.jpg,dataset2,dataset2
437,604,2,0.7834299599221772,False,normal,osteoporosis,Normal_184.jpg,Osteoporosis_170.jpg,dataset2,dataset2
437,605,6,0.8754409945290607,False,normal,osteoporosis,Normal_184.jpg,Osteoporosis_171.jpg,dataset2,dataset2
437,606,6,0.5488484765183017,False,normal,osteoporosis,Normal_184.jpg,Osteoporosis_173.jpg,dataset2,dataset2
437,608,6,0.942541342037722,False,normal,osteoporosis,Normal_184.jpg,Osteoporosis_175.jpg,dataset2,dataset2
437,613,3,0.7755220889157312,False,normal,osteoporosis,Normal_184.jpg,Osteoporosis_180.jpg,dataset2,dataset2
437,614,3,0.9419151692127827,False,normal,osteoporosis,Normal_184.jpg,Osteoporosis_181.jpg,dataset2,dataset2
437,615,1,0.9114696575202688,False,normal,osteoporosis,Normal_184.jpg,Osteoporosis_182.jpg,dataset2,dataset2
437,617,4,0.8883279949560254,False,normal,osteoporosis,Normal_184.jpg,Osteoporosis_184.jpg,dataset2,dataset2
437,682,3,0.9686634066575976,False,normal,osteoporosis,Normal_184.jpg,Osteoporosis_80.jpg,dataset2,dataset2
437,686,0,0.9458172482199722,False,normal,osteoporosis,Normal_184.jpg,Osteoporosis_84.jpg,dataset2,dataset2
437,687,1,0.8789540431387897,False,normal,osteoporosis,Normal_184.jpg,Osteoporosis_85.jpg,dataset2,dataset2
437,689,1,0.7932497275206603,False,normal,osteoporosis,Normal_184.jpg,Osteoporosis_87.jpg,dataset2,dataset2
437,695,2,0.9233888200932377,False,normal,osteoporosis,Normal_184.jpg,Osteoporosis_95.jpg,dataset2,dataset2
437,697,2,0.8312331291069854,False,normal,osteoporosis,Normal_184.jpg,Osteoporosis_98.jpg,dataset2,dataset2
437,698,5,0.8025680382614053,False,normal,osteoporosis,Normal_184.jpg,Osteoporosis_99.jpg,dataset2,dataset2
438,699,0,0.9992649064314179,True,normal,normal,Normal_185.jpg,n5.jpg,dataset2,dataset2
439,483,1,0.9198228939939598,True,normal,normal,Normal_186.jpg,Normal_59.jpg,dataset2,dataset2
439,486,4,0.9165975179528949,True,normal,normal,Normal_186.jpg,Normal_61.jpg,dataset2,dataset2
439,489,1,0.8216952572695211,True,normal,normal,Normal_186.jpg,Normal_65.jpg,dataset2,dataset2
439,496,6,0.9152862142551452,True,normal,normal,Normal_186.jpg,Normal_72.jpg,dataset2,dataset2
439,497,1,0.8950116420185992,True,normal,normal,Normal_186.jpg,Normal_73.jpg,dataset2,dataset2
439,539,0,0.9451097521069405,False,normal,osteoporosis,Normal_186.jpg,Osteoporosis_110.jpg,dataset2,dataset2
439,541,5,0.8361907834702242,False,normal,osteoporosis,Normal_186.jpg,Osteoporosis_112.jpg,dataset2,dataset2
439,555,2,0.93400922863845,False,normal,osteoporosis,Normal_186.jpg,Osteoporosis_125.jpg,dataset2,dataset2
439,562,0,0.9486699533879888,False,normal,osteoporosis,Normal_186.jpg,Osteoporosis_131.jpg,dataset2,dataset2
439,565,0,0.9487082139331695,False,normal,osteoporosis,Normal_186.jpg,Osteoporosis_134.jpg,dataset2,dataset2
439,567,5,0.9492445272109894,False,normal,osteoporosis,Normal_186.jpg,Osteoporosis_136.jpg,dataset2,dataset2
439,568,3,0.8873345946121596,False,normal,osteoporosis,Normal_186.jpg,Osteoporosis_137.jpg,dataset2,dataset2
439,569,2,0.9011874152483872,False,normal,osteoporosis,Normal_186.jpg,Osteoporosis_138.jpg,dataset2,dataset2
439,599,4,0.7582569766526821,False,normal,osteoporosis,Normal_186.jpg,Osteoporosis_166.jpg,dataset2,dataset2
439,601,0,0.9667297253586713,False,normal,osteoporosis,Normal_186.jpg,Osteoporosis_168.jpg,dataset2,dataset2
439,602,5,0.9223688088899565,False,normal,osteoporosis,Normal_186.jpg,Osteoporosis_169.jpg,dataset2,dataset2
439,604,2,0.8718826005492366,False,normal,osteoporosis,Normal_186.jpg,Osteoporosis_170.jpg,dataset2,dataset2
439,605,6,0.9119130791518155,False,normal,osteoporosis,Normal_186.jpg,Osteoporosis_171.jpg,dataset2,dataset2
439,606,6,0.654299840005389,False,normal,osteoporosis,Normal_186.jpg,Osteoporosis_173.jpg,dataset2,dataset2
439,608,6,0.9314384864589296,False,normal,osteoporosis,Normal_186.jpg,Osteoporosis_175.jpg,dataset2,dataset2
439,613,3,0.8506516160222191,False,normal,osteoporosis,Normal_186.jpg,Osteoporosis_180.jpg,dataset2,dataset2
439,614,3,0.916632575695512,False,normal,osteoporosis,Normal_186.jpg,Osteoporosis_181.jpg,dataset2,dataset2
439,615,1,0.9556448981421599,False,normal,osteoporosis,Normal_186.jpg,Osteoporosis_182.jpg,dataset2,dataset2
439,617,4,0.9194432779129439,False,normal,osteoporosis,Normal_186.jpg,Osteoporosis_184.jpg,dataset2,dataset2
439,682,3,0.933462719502376,False,normal,osteoporosis,Normal_186.jpg,Osteoporosis_80.jpg,dataset2,dataset2
439,686,0,0.9355909715363636,False,normal,osteoporosis,Normal_186.jpg,Osteoporosis_84.jpg,dataset2,dataset2
439,687,1,0.9439867322471822,False,normal,osteoporosis,Normal_186.jpg,Osteoporosis_85.jpg,dataset2,dataset2
439,689,1,0.874156963192039,False,normal,osteoporosis,Normal_186.jpg,Osteoporosis_87.jpg,dataset2,dataset2
439,695,2,0.9469935074673153,False,normal,osteoporosis,Normal_186.jpg,Osteoporosis_95.jpg,dataset2,dataset2
439,697,2,0.9127803947049237,False,normal,osteoporosis,Normal_186.jpg,Osteoporosis_98.jpg,dataset2,dataset2
439,698,5,0.8634592261997287,False,normal,osteoporosis,Normal_186.jpg,Osteoporosis_99.jpg,dataset2,dataset2
441,441,0,1.0,True,normal,normal,Normal_2.jpg,Normal_2.jpg,dataset2,dataset2
441,620,6,0.6734568190835668,False,normal,osteoporosis,Normal_2.jpg,Osteoporosis_2.jpg,dataset2,dataset2
447,590,6,0.8575893212345471,False,normal,osteoporosis,Normal_25.jpg,Osteoporosis_157.jpg,dataset2,dataset2
448,680,5,0.7249878436538755,False,normal,osteoporosis,Normal_26.jpg,Osteoporosis_79.jpg,dataset2,dataset2
457,457,0,1.0,True,normal,normal,Normal_34.jpg,Normal_34.jpg,dataset2,dataset2
457,482,6,0.9092454938286945,True,normal,normal,Normal_34.jpg,Normal_58.jpg,dataset2,dataset2
457,501,6,0.8982746465033338,True,normal,normal,Normal_34.jpg,Normal_77.jpg,dataset2,dataset2
457,509,4,0.9074292677911868,True,normal,normal,Normal_34.jpg,Normal_84.jpg,dataset2,dataset2
457,525,3,0.9245205071729731,True,normal,normal,Normal_34.jpg,Normal_99.jpg,dataset2,dataset2
460,652,6,0.9326226393521382,False,normal,osteoporosis,Normal_37.jpg,Osteoporosis_52.jpg,dataset2,dataset2
460,655,2,0.9117237394028302,False,normal,osteoporosis,Normal_37.jpg,Osteoporosis_55.jpg,dataset2,dataset2
460,658,6,0.9234160632158799,False,normal,osteoporosis,Normal_37.jpg,Osteoporosis_58.jpg,dataset2,dataset2
461,502,6,0.8276419835592188,True,normal,normal,Normal_38.jpg,Normal_78.jpg,dataset2,dataset2
462,538,6,0.8104235273147569,False,normal,osteoporosis,Normal_39.jpg,Osteoporosis_11.jpg,dataset2,dataset2
462,638,5,0.8070099951224607,False,normal,osteoporosis,Normal_39.jpg,Osteoporosis_4.jpg,dataset2,dataset2
465,526,6,0.9427920840483025,False,normal,osteoporosis,Normal_41.jpg,Osteoporosis.jpg,dataset2,dataset2
465,625,6,0.9321928793573028,False,normal,osteoporosis,Normal_41.jpg,Osteoporosis_26.jpg,dataset2,dataset2
465,666,4,0.8969526898052826,False,normal,osteoporosis,Normal_41.jpg,Osteoporosis_66.jpg,dataset2,dataset2
466,482,5,0.8698164557224636,True,normal,normal,Normal_42.jpg,Normal_58.jpg,dataset2,dataset2
468,513,4,0.9534133656193609,True,normal,normal,Normal_44.jpg,Normal_88.jpg,dataset2,dataset2
469,514,2,0.9586463567105156,True,normal,normal,Normal_45.jpg,Normal_89.jpg,dataset2,dataset2
470,479,3,0.9941918960708547,True,normal,normal,Normal_47.jpg,Normal_55.jpg,dataset2,dataset2
472,484,5,0.8275872312729309,True,normal,normal,Normal_49.jpg,Normal_6.jpg,dataset2,dataset2
472,511,5,0.8470709023363144,True,normal,normal,Normal_49.jpg,Normal_86.jpg,dataset2,dataset2
473,504,5,0.8805599792806622,True,normal,normal,Normal_5.jpg,Normal_8.jpg,dataset2,dataset2
473,649,6,0.8658030781027533,False,normal,osteoporosis,Normal_5.jpg,Osteoporosis_5.jpg,dataset2,dataset2
479,597,4,0.9130631942116023,False,normal,osteoporosis,Normal_55.jpg,Osteoporosis_164.jpg,dataset2,dataset2
480,530,6,0.9572766774289334,False,normal,osteoporosis,Normal_56.jpg,Osteoporosis_102.jpg,dataset2,dataset2
483,486,5,0.8329258579138941,True,normal,normal,Normal_59.jpg,Normal_61.jpg,dataset2,dataset2
483,489,2,0.9060136404186161,True,normal,normal,Normal_59.jpg,Normal_65.jpg,dataset2,dataset2
483,497,2,0.9301596102057893,True,normal,normal,Normal_59.jpg,Normal_73.jpg,dataset2,dataset2
483,539,1,0.943488169230269,False,normal,osteoporosis,Normal_59.jpg,Osteoporosis_110.jpg,dataset2,dataset2
483,541,4,0.9161344314760947,False,normal,osteoporosis,Normal_59.jpg,Osteoporosis_112.jpg,dataset2,dataset2
483,555,3,0.9539483050068402,False,normal,osteoporosis,Normal_59.jpg,Osteoporosis_125.jpg,dataset2,dataset2
483,562,1,0.9623462254066089,False,normal,osteoporosis,Normal_59.jpg,Osteoporosis_131.jpg,dataset2,dataset2
483,565,1,0.9227938659116557,False,normal,osteoporosis,Normal_59.jpg,Osteoporosis_134.jpg,dataset2,dataset2
483,567,6,0.9095665915669126,False,normal,osteoporosis,Normal_59.jpg,Osteoporosis_136.jpg,dataset2,dataset2
483,568,2,0.9130585071313984,False,normal,osteoporosis,Normal_59.jpg,Osteoporosis_137.jpg,dataset2,dataset2
483,569,1,0.9687976782558437,False,normal,osteoporosis,Normal_59.jpg,Osteoporosis_138.jpg,dataset2,dataset2
483,599,3,0.8639116380350443,False,normal,osteoporosis,Normal_59.jpg,Osteoporosis_166.jpg,dataset2,dataset2
483,601,1,0.9475602114099779,False,normal,osteoporosis,Normal_59.jpg,Osteoporosis_168.jpg,dataset2,dataset2
483,602,4,0.921706116096603,False,normal,osteoporosis,Normal_59.jpg,Osteoporosis_169.jpg,dataset2,dataset2
483,604,1,0.9383592095602902,False,normal,osteoporosis,Normal_59.jpg,Osteoporosis_170.jpg,dataset2,dataset2
483,605,5,0.9412522087051743,False,normal,osteoporosis,Normal_59.jpg,Osteoporosis_171.jpg,dataset2,dataset2
483,606,5,0.7898974106084631,False,normal,osteoporosis,Normal_59.jpg,Osteoporosis_173.jpg,dataset2,dataset2
483,613,2,0.9237187636082673,False,normal,osteoporosis,Normal_59.jpg,Osteoporosis_180.jpg,dataset2,dataset2
483,614,4,0.8817643043516149,False,normal,osteoporosis,Normal_59.jpg,Osteoporosis_181.jpg,dataset2,dataset2
483,615,2,0.9400175892001004,False,normal,osteoporosis,Normal_59.jpg,Osteoporosis_182.jpg,dataset2,dataset2
483,617,3,0.9570541419619967,False,normal,osteoporosis,Normal_59.jpg,Osteoporosis_184.jpg,dataset2,dataset2
483,682,4,0.8358778067815655,False,normal,osteoporosis,Normal_59.jpg,Osteoporosis_80.jpg,dataset2,dataset2
483,686,1,0.9172816543727533,False,normal,osteoporosis,Normal_59.jpg,Osteoporosis_84.jpg,dataset2,dataset2
483,687,2,0.9425835804508982,False,normal,osteoporosis,Normal_59.jpg,Osteoporosis_85.jpg,dataset2,dataset2
483,689,2,0.9235949762076572,False,normal,osteoporosis,Normal_59.jpg,Osteoporosis_87.jpg,dataset2,dataset2
483,695,3,0.9361761528631226,False,normal,osteoporosis,Normal_59.jpg,Osteoporosis_95.jpg,dataset2,dataset2
483,697,1,0.9390828452459237,False,normal,osteoporosis,Normal_59.jpg,Osteoporosis_98.jpg,dataset2,dataset2
483,698,4,0.9588322318851819,False,normal,osteoporosis,Normal_59.jpg,Osteoporosis_99.jpg,dataset2,dataset2
484,538,6,0.514178859762175,False,normal,osteoporosis,Normal_6.jpg,Osteoporosis_11.jpg,dataset2,dataset2
485,495,4,0.9621539326036561,True,normal,normal,Normal_60.jpg,Normal_71.jpg,dataset2,dataset2
485,499,1,0.973071891745751,True,normal,normal,Normal_60.jpg,Normal_75.jpg,dataset2,dataset2
485,533,1,0.9806892750948473,False,normal,osteoporosis,Normal_60.jpg,Osteoporosis_105.jpg,dataset2,dataset2
485,541,2,0.952294597045892,False,normal,osteoporosis,Normal_60.jpg,Osteoporosis_112.jpg,dataset2,dataset2
485,552,0,0.9539194745020818,False,normal,osteoporosis,Normal_60.jpg,Osteoporosis_122.jpg,dataset2,dataset2
485,557,2,0.9756638883208335,False,normal,osteoporosis,Normal_60.jpg,Osteoporosis_127.jpg,dataset2,dataset2
485,694,1,0.9633680819749713,False,normal,osteoporosis,Normal_60.jpg,Osteoporosis_94.jpg,dataset2,dataset2
486,489,5,0.6848094661553588,True,normal,normal,Normal_61.jpg,Normal_65.jpg,dataset2,dataset2
486,496,4,0.9625770597481512,True,normal,normal,Normal_61.jpg,Normal_72.jpg,dataset2,dataset2
486,497,5,0.7821322022384585,True,normal,normal,Normal_61.jpg,Normal_73.jpg,dataset2,dataset2
486,539,4,0.8584227582188901,False,normal,osteoporosis,Normal_61.jpg,Osteoporosis_110.jpg,dataset2,dataset2
486,544,6,0.9769022566646628,False,normal,osteoporosis,Normal_61.jpg,Osteoporosis_115.jpg,dataset2,dataset2
486,555,6,0.8935984986515609,False,normal,osteoporosis,Normal_61.jpg,Osteoporosis_125.jpg,dataset2,dataset2
486,562,4,0.8699643122299451,False,normal,osteoporosis,Normal_61.jpg,Osteoporosis_131.jpg,dataset2,dataset2
486,565,4,0.8846173692387423,False,normal,osteoporosis,Normal_61.jpg,Osteoporosis_134.jpg,dataset2,dataset2
486,569,6,0.8050916283102043,False,normal,osteoporosis,Normal_61.jpg,Osteoporosis_138.jpg,dataset2,dataset2
486,601,4,0.8987513243158535,False,normal,osteoporosis,Normal_61.jpg,Osteoporosis_168.jpg,dataset2,dataset2
486,604,6,0.7299500322565671,False,normal,osteoporosis,Normal_61.jpg,Osteoporosis_170.jpg,dataset2,dataset2
486,605,6,0.8696416208063824,False,normal,osteoporosis,Normal_61.jpg,Osteoporosis_171.jpg,dataset2,dataset2
486,614,1,0.9599984315546364,False,normal,osteoporosis,Normal_61.jpg,Osteoporosis_181.jpg,dataset2,dataset2
486,615,5,0.8903683249311498,False,normal,osteoporosis,Normal_61.jpg,Osteoporosis_182.jpg,dataset2,dataset2
486,682,1,0.9680331050000159,False,normal,osteoporosis,Normal_61.jpg,Osteoporosis_80.jpg,dataset2,dataset2
486,686,4,0.9209331525672004,False,normal,osteoporosis,Normal_61.jpg,Osteoporosis_84.jpg,dataset2,dataset2
486,687,5,0.8420756519385573,False,normal,osteoporosis,Normal_61.jpg,Osteoporosis_85.jpg,dataset2,dataset2
486,689,5,0.7365113030073023,False,normal,osteoporosis,Normal_61.jpg,Osteoporosis_87.jpg,dataset2,dataset2
486,695,6,0.8935919301096032,False,normal,osteoporosis,Normal_61.jpg,Osteoporosis_95.jpg,dataset2,dataset2
486,697,6,0.8067643741929154,False,normal,osteoporosis,Normal_61.jpg,Osteoporosis_98.jpg,dataset2,dataset2
489,497,0,0.8811713245303465,True,normal,normal,Normal_65.jpg,Normal_73.jpg,dataset2,dataset2
489,539,1,0.876405025277065,False,normal,osteoporosis,Normal_65.jpg,Osteoporosis_110.jpg,dataset2,dataset2
489,541,4,0.9132050095836242,False,normal,osteoporosis,Normal_65.jpg,Osteoporosis_112.jpg,dataset2,dataset2
489,555,3,0.854984379148378,False,normal,osteoporosis,Normal_65.jpg,Osteoporosis_125.jpg,dataset2,dataset2
489,562,1,0.8734800481998823,False,normal,osteoporosis,Normal_65.jpg,Osteoporosis_131.jpg,dataset2,dataset2
489,565,1,0.8093936368376644,False,normal,osteoporosis,Normal_65.jpg,Osteoporosis_134.jpg,dataset2,dataset2
489,567,6,0.7821188459831074,False,normal,osteoporosis,Normal_65.jpg,Osteoporosis_136.jpg,dataset2,dataset2
489,568,4,0.8494373492183832,False,normal,osteoporosis,Normal_65.jpg,Osteoporosis_137.jpg,dataset2,dataset2
489,569,3,0.9197710936958425,False,normal,osteoporosis,Normal_65.jpg,Osteoporosis_138.jpg,dataset2,dataset2
489,599,3,0.9120764620270441,False,normal,osteoporosis,Normal_65.jpg,Osteoporosis_166.jpg,dataset2,dataset2
489,601,1,0.8502552835460906,False,normal,osteoporosis,Normal_65.jpg,Osteoporosis_168.jpg,dataset2,dataset2
489,602,6,0.7835564643002092,False,normal,osteoporosis,Normal_65.jpg,Osteoporosis_169.jpg,dataset2,dataset2
489,604,1,0.9259102766389624,False,normal,osteoporosis,Normal_65.jpg,Osteoporosis_170.jpg,dataset2,dataset2
489,606,5,0.8805930178694509,False,normal,osteoporosis,Normal_65.jpg,Osteoporosis_173.jpg,dataset2,dataset2
489,613,2,0.9181078009960655,False,normal,osteoporosis,Normal_65.jpg,Osteoporosis_180.jpg,dataset2,dataset2
489,614,4,0.7406754290029074,False,normal,osteoporosis,Normal_65.jpg,Osteoporosis_181.jpg,dataset2,dataset2
489,615,2,0.8495836009265387,False,normal,osteoporosis,Normal_65.jpg,Osteoporosis_182.jpg,dataset2,dataset2
489,617,5,0.8692180847331079,False,normal,osteoporosis,Normal_65.jpg,Osteoporosis_184.jpg,dataset2,dataset2
489,682,4,0.6858171040561788,False,normal,osteoporosis,Normal_65.jpg,Osteoporosis_80.jpg,dataset2,dataset2
489,686,1,0.7933878061616367,False,normal,osteoporosis,Normal_65.jpg,Osteoporosis_84.jpg,dataset2,dataset2
489,687,2,0.886534052854222,False,normal,osteoporosis,Normal_65.jpg,Osteoporosis_85.jpg,dataset2,dataset2
489,689,0,0.8819171354988793,False,normal,osteoporosis,Normal_65.jpg,Osteoporosis_87.jpg,dataset2,dataset2
489,695,3,0.8391641942609399,False,normal,osteoporosis,Normal_65.jpg,Osteoporosis_95.jpg,dataset2,dataset2
489,697,1,0.9177876553433079,False,normal,osteoporosis,Normal_65.jpg,Osteoporosis_98.jpg,dataset2,dataset2
489,698,6,0.923680786482078,False,normal,osteoporosis,Normal_65.jpg,Osteoporosis_99.jpg,dataset2,dataset2
490,505,5,0.8568252909877551,True,normal,normal,Normal_66.jpg,Normal_80.jpg,dataset2,dataset2
490,509,3,0.8335304671067474,True,normal,normal,Normal_66.jpg,Normal_84.jpg,dataset2,dataset2
490,512,1,0.915822552557651,True,normal,normal,Normal_66.jpg,Normal_87.jpg,dataset2,dataset2
492,570,5,0.9528837477255141,False,normal,osteoporosis,Normal_68.jpg,Osteoporosis_139.jpg,dataset2,dataset2
493,500,6,0.8395572330515487,True,normal,normal,Normal_7.jpg,Normal_76.jpg,dataset2,dataset2
493,589,6,0.7964960793884889,False,normal,osteoporosis,Normal_7.jpg,Osteoporosis_156.jpg,dataset2,dataset2
495,499,5,0.9353653315542574,True,normal,normal,Normal_71.jpg,Normal_75.jpg,dataset2,dataset2
495,533,5,0.9576084840719694,False,normal,osteoporosis,Normal_71.jpg,Osteoporosis_105.jpg,dataset2,dataset2
495,541,6,0.9162924430820737,False,normal,osteoporosis,Normal_71.jpg,Osteoporosis_112.jpg,dataset2,dataset2
495,552,4,0.9113172587726068,False,normal,osteoporosis,Normal_71.jpg,Osteoporosis_122.jpg,dataset2,dataset2
495,557,6,0.9436294438563946,False,normal,osteoporosis,Normal_71.jpg,Osteoporosis_127.jpg,dataset2,dataset2
495,694,5,0.9402127717176418,False,normal,osteoporosis,Normal_71.jpg,Osteoporosis_94.jpg,dataset2,dataset2
496,539,6,0.8867058405328341,False,normal,osteoporosis,Normal_72.jpg,Osteoporosis_110.jpg,dataset2,dataset2
496,544,4,0.963743398808179,False,normal,osteoporosis,Normal_72.jpg,Osteoporosis_115.jpg,dataset2,dataset2
496,546,6,0.8353244849189929,False,normal,osteoporosis,Normal_72.jpg,Osteoporosis_117.jpg,dataset2,dataset2
496,555,6,0.918926249001659,False,normal,osteoporosis,Normal_72.jpg,Osteoporosis_125.jpg,dataset2,dataset2
496,562,6,0.8862678397791071,False,normal,osteoporosis,Normal_72.jpg,Osteoporosis_131.jpg,dataset2,dataset2
496,565,6,0.9145236547600991,False,normal,osteoporosis,Normal_72.jpg,Osteoporosis_134.jpg,dataset2,dataset2
496,601,6,0.920696781039235,False,normal,osteoporosis,Normal_72.jpg,Osteoporosis_168.jpg,dataset2,dataset2
496,614,3,0.9660338127376855,False,normal,osteoporosis,Normal_72.jpg,Osteoporosis_181.jpg,dataset2,dataset2
496,615,5,0.9124079885594831,False,normal,osteoporosis,Normal_72.jpg,Osteoporosis_182.jpg,dataset2,dataset2
496,682,3,0.9574729497509337,False,normal,osteoporosis,Normal_72.jpg,Osteoporosis_80.jpg,dataset2,dataset2
496,686,6,0.9458695956582235,False,normal,osteoporosis,Normal_72.jpg,Osteoporosis_84.jpg,dataset2,dataset2
496,687,5,0.8522857904129644,False,normal,osteoporosis,Normal_72.jpg,Osteoporosis_85.jpg,dataset2,dataset2
496,695,6,0.9130773746673165,False,normal,osteoporosis,Normal_72.jpg,Osteoporosis_95.jpg,dataset2,dataset2
497,539,1,0.918015065813867,False,normal,osteoporosis,Normal_73.jpg,Osteoporosis_110.jpg,dataset2,dataset2
497,541,4,0.8783973867844564,False,normal,osteoporosis,Normal_73.jpg,Osteoporosis_112.jpg,dataset2,dataset2
497,555,3,0.8978044109328704,False,normal,osteoporosis,Normal_73.jpg,Osteoporosis_125.jpg,dataset2,dataset2
497,562,1,0.9204994389113699,False,normal,osteoporosis,Normal_73.jpg,Osteoporosis_131.jpg,dataset2,dataset2
497,565,1,0.9108757504837096,False,normal,osteoporosis,Normal_73.jpg,Osteoporosis_134.jpg,dataset2,dataset2
497,567,6,0.8781105643072459,False,normal,osteoporosis,Normal_73.jpg,Osteoporosis_136.jpg,dataset2,dataset2
497,568,4,0.8836176110781617,False,normal,osteoporosis,Normal_73.jpg,Osteoporosis_137.jpg,dataset2,dataset2
497,569,3,0.9305359440374349,False,normal,osteoporosis,Normal_73.jpg,Osteoporosis_138.jpg,dataset2,dataset2
497,599,3,0.8643319860068884,False,normal,osteoporosis,Normal_73.jpg,Osteoporosis_166.jpg,dataset2,dataset2
497,601,1,0.9077079648206262,False,normal,osteoporosis,Normal_73.jpg,Osteoporosis_168.jpg,dataset2,dataset2
497,602,6,0.8668891869130116,False,normal,osteoporosis,Normal_73.jpg,Osteoporosis_169.jpg,dataset2,dataset2
497,604,1,0.9305034243227744,False,normal,osteoporosis,Normal_73.jpg,Osteoporosis_170.jpg,dataset2,dataset2
497,606,5,0.8007036908969782,False,normal,osteoporosis,Normal_73.jpg,Osteoporosis_173.jpg,dataset2,dataset2
497,613,2,0.9268884443329388,False,normal,osteoporosis,Normal_73.jpg,Osteoporosis_180.jpg,dataset2,dataset2
497,614,4,0.8269372273622068,False,normal,osteoporosis,Normal_73.jpg,Osteoporosis_181.jpg,dataset2,dataset2
497,615,2,0.9185212773360565,False,normal,osteoporosis,Normal_73.jpg,Osteoporosis_182.jpg,dataset2,dataset2
497,617,5,0.9088605513548791,False,normal,osteoporosis,Normal_73.jpg,Osteoporosis_184.jpg,dataset2,dataset2
497,682,4,0.7929244709042196,False,normal,osteoporosis,Normal_73.jpg,Osteoporosis_80.jpg,dataset2,dataset2
497,686,1,0.8833459126437084,False,normal,osteoporosis,Normal_73.jpg,Osteoporosis_84.jpg,dataset2,dataset2
497,687,2,0.922623246897196,False,normal,osteoporosis,Normal_73.jpg,Osteoporosis_85.jpg,dataset2,dataset2
497,689,0,0.9020237231933643,False,normal,osteoporosis,Normal_73.jpg,Osteoporosis_87.jpg,dataset2,dataset2
497,695,3,0.9056914756846388,False,normal,osteoporosis,Normal_73.jpg,Osteoporosis_95.jpg,dataset2,dataset2
497,697,1,0.9077799387213974,False,normal,osteoporosis,Normal_73.jpg,Osteoporosis_98.jpg,dataset2,dataset2
497,698,6,0.9131815406326489,False,normal,osteoporosis,Normal_73.jpg,Osteoporosis_99.jpg,dataset2,dataset2
499,530,1,0.9639784542239089,False,normal,osteoporosis,Normal_75.jpg,Osteoporosis_102.jpg,dataset2,dataset2
499,533,0,0.9685712772280717,False,normal,osteoporosis,Normal_75.jpg,Osteoporosis_105.jpg,dataset2,dataset2
499,541,1,0.9630871818718683,False,normal,osteoporosis,Normal_75.jpg,Osteoporosis_112.jpg,dataset2,dataset2
499,552,1,0.9759754822790321,False,normal,osteoporosis,Normal_75.jpg,Osteoporosis_122.jpg,dataset2,dataset2
499,557,3,0.9633571026003332,False,normal,osteoporosis,Normal_75.jpg,Osteoporosis_127.jpg,dataset2,dataset2
499,564,3,0.9434921926151401,False,normal,osteoporosis,Normal_75.jpg,Osteoporosis_133.jpg,dataset2,dataset2
499,694,0,0.9505340463815632,False,normal,osteoporosis,Normal_75.jpg,Osteoporosis_94.jpg,dataset2,dataset2
501,510,5,0.8044769455416534,True,normal,normal,Normal_77.jpg,Normal_85.jpg,dataset2,dataset2
501,525,5,0.8993243626114622,True,normal,normal,Normal_77.jpg,Normal_99.jpg,dataset2,dataset2
504,571,6,0.9579724962779935,False,normal,osteoporosis,Normal_8.jpg,Osteoporosis_14.jpg,dataset2,dataset2
504,636,5,0.9097128801877535,False,normal,osteoporosis,Normal_8.jpg,Osteoporosis_38.jpg,dataset2,dataset2
504,639,5,0.9093183519302775,False,normal,osteoporosis,Normal_8.jpg,Osteoporosis_40.jpg,dataset2,dataset2
504,654,5,0.7492206179816804,False,normal,osteoporosis,Normal_8.jpg,Osteoporosis_54.jpg,dataset2,dataset2
505,512,6,0.8641647569382449,True,normal,normal,Normal_80.jpg,Normal_87.jpg,dataset2,dataset2
505,514,6,0.8946249102948185,True,normal,normal,Normal_80.jpg,Normal_89.jpg,dataset2,dataset2
505,517,6,0.9354057780836212,True,normal,normal,Normal_80.jpg,Normal_91.jpg,dataset2,dataset2
506,538,5,0.554326074720968,False,normal,osteoporosis,Normal_81.jpg,Osteoporosis_11.jpg,dataset2,dataset2
506,590,4,0.5669069343548825,False,normal,osteoporosis,Normal_81.jpg,Osteoporosis_157.jpg,dataset2,dataset2
506,625,6,0.5515353775195696,False,normal,osteoporosis,Normal_81.jpg,Osteoporosis_26.jpg,dataset2,dataset2
509,538,6,0.5813644368998917,False,normal,osteoporosis,Normal_84.jpg,Osteoporosis_11.jpg,dataset2,dataset2
515,516,5,0.9162022541630028,True,normal,normal,Normal_9.jpg,Normal_90.jpg,dataset2,dataset2
515,681,6,0.8095004113186168,False,normal,osteoporosis,Normal_9.jpg,Osteoporosis_8.jpg,dataset2,dataset2
516,521,4,0.7185503655959257,True,normal,normal,Normal_90.jpg,Normal_95.jpg,dataset2,dataset2
516,627,5,0.8517428597810358,False,normal,osteoporosis,Normal_90.jpg,Osteoporosis_28.jpg,dataset2,dataset2
516,673,4,0.692314263107217,False,normal,osteoporosis,Normal_90.jpg,Osteoporosis_72.jpg,dataset2,dataset2
519,525,6,0.8487722011856216,True,normal,normal,Normal_93.jpg,Normal_99.jpg,dataset2,dataset2
521,619,5,0.6484453761399964,False,normal,osteoporosis,Normal_95.jpg,Osteoporosis_19.jpg,dataset2,dataset2
521,627,5,0.831227768534448,False,normal,osteoporosis,Normal_95.jpg,Osteoporosis_28.jpg,dataset2,dataset2
521,681,5,0.8080650882511373,False,normal,osteoporosis,Normal_95.jpg,Osteoporosis_8.jpg,dataset2,dataset2
526,622,3,0.9527028720785188,True,osteoporosis,osteoporosis,Osteoporosis.jpg,Osteoporosis_23.jpg,dataset2,dataset2
526,646,1,0.9945943840338076,True,osteoporosis,osteoporosis,Osteoporosis.jpg,Osteoporosis_47.jpg,dataset2,dataset2
526,676,6,0.9389893023949704,True,osteoporosis,osteoporosis,Osteoporosis.jpg,Osteoporosis_75.jpg,dataset2,dataset2
527,527,0,1.0,True,osteoporosis,osteoporosis,Osteoporosis_10.jpg,Osteoporosis_10.jpg,dataset2,dataset2
527,633,5,0.9346274661742665,True,osteoporosis,osteoporosis,Osteoporosis_10.jpg,Osteoporosis_35.jpg,dataset2,dataset2
527,636,4,0.9104729934098644,True,osteoporosis,osteoporosis,Osteoporosis_10.jpg,Osteoporosis_38.jpg,dataset2,dataset2
527,639,4,0.909744781479803,True,osteoporosis,osteoporosis,Osteoporosis_10.jpg,Osteoporosis_40.jpg,dataset2,dataset2
527,649,4,0.9404265532055859,True,osteoporosis,osteoporosis,Osteoporosis_10.jpg,Osteoporosis_5.jpg,dataset2,dataset2
527,650,5,0.7886389822495015,True,osteoporosis,osteoporosis,Osteoporosis_10.jpg,Osteoporosis_50.jpg,dataset2,dataset2
527,668,6,0.8317024906851943,True,osteoporosis,osteoporosis,Osteoporosis_10.jpg,Osteoporosis_68.jpg,dataset2,dataset2
527,673,4,0.5026572440174338,True,osteoporosis,osteoporosis,Osteoporosis_10.jpg,Osteoporosis_72.jpg,dataset2,dataset2
528,531,3,0.9751481051229689,True,osteoporosis,osteoporosis,Osteoporosis_100.jpg,Osteoporosis_103.jpg,dataset2,dataset2
530,533,1,0.9558533090731489,True,osteoporosis,osteoporosis,Osteoporosis_102.jpg,Osteoporosis_105.jpg,dataset2,dataset2
530,564,2,0.9567994241798377,True,osteoporosis,osteoporosis,Osteoporosis_102.jpg,Osteoporosis_133.jpg,dataset2,dataset2
530,684,2,0.9491170815609478,True,osteoporosis,osteoporosis,Osteoporosis_102.jpg,Osteoporosis_82.jpg,dataset2,dataset2
530,694,1,0.9291720801352203,True,osteoporosis,osteoporosis,Osteoporosis_102.jpg,Osteoporosis_94.jpg,dataset2,dataset2
533,541,1,0.9575421300001263,True,osteoporosis,osteoporosis,Osteoporosis_105.jpg,Osteoporosis_112.jpg,dataset2,dataset2
533,552,1,0.965950647037401,True,osteoporosis,osteoporosis,Osteoporosis_105.jpg,Osteoporosis_122.jpg,dataset2,dataset2
533,557,3,0.9559776282670943,True,osteoporosis,osteoporosis,Osteoporosis_105.jpg,Osteoporosis_127.jpg,dataset2,dataset2
533,564,3,0.916365032279807,True,osteoporosis,osteoporosis,Osteoporosis_105.jpg,Osteoporosis_133.jpg,dataset2,dataset2
533,694,0,0.9556504900443713,True,osteoporosis,osteoporosis,Osteoporosis_105.jpg,Osteoporosis_94.jpg,dataset2,dataset2
534,535,6,0.8903688724155392,True,osteoporosis,osteoporosis,Osteoporosis_106.jpg,Osteoporosis_107.jpg,dataset2,dataset2
534,641,5,0.7316162844376972,True,osteoporosis,osteoporosis,Osteoporosis_106.jpg,Osteoporosis_42.jpg,dataset2,dataset2
534,644,6,0.8572044585252405,True,osteoporosis,osteoporosis,Osteoporosis_106.jpg,Osteoporosis_45.jpg,dataset2,dataset2
535,644,6,0.8513972338650991,True,osteoporosis,osteoporosis,Osteoporosis_107.jpg,Osteoporosis_45.jpg,dataset2,dataset2
537,537,0,0.9999999999999998,True,osteoporosis,osteoporosis,Osteoporosis_109.jpg,Osteoporosis_109.jpg,dataset2,dataset2
538,538,0,1.0,True,osteoporosis,osteoporosis,Osteoporosis_11.jpg,Osteoporosis_11.jpg,dataset2,dataset2
539,541,5,0.8423512260505673,True,osteoporosis,osteoporosis,Osteoporosis_110.jpg,Osteoporosis_112.jpg,dataset2,dataset2
539,555,2,0.9306687546787463,True,osteoporosis,osteoporosis,Osteoporosis_110.jpg,Osteoporosis_125.jpg,dataset2,dataset2
539,562,0,0.951547209588637,True,osteoporosis,osteoporosis,Osteoporosis_110.jpg,Osteoporosis_131.jpg,dataset2,dataset2
539,565,0,0.9254496304187076,True,osteoporosis,osteoporosis,Osteoporosis_110.jpg,Osteoporosis_134.jpg,dataset2,dataset2
539,567,5,0.9188208058646554,True,osteoporosis,osteoporosis,Osteoporosis_110.jpg,Osteoporosis_136.jpg,dataset2,dataset2
539,568,3,0.865532350240179,True,osteoporosis,osteoporosis,Osteoporosis_110.jpg,Osteoporosis_137.jpg,dataset2,dataset2
539,569,2,0.9283400081446331,True,osteoporosis,osteoporosis,Osteoporosis_110.jpg,Osteoporosis_138.jpg,dataset2,dataset2
539,599,4,0.824263734129447,True,osteoporosis,osteoporosis,Osteoporosis_110.jpg,Osteoporosis_166.jpg,dataset2,dataset2
539,601,0,0.9690892644392743,True,osteoporosis,osteoporosis,Osteoporosis_110.jpg,Osteoporosis_168.jpg,dataset2,dataset2
539,602,5,0.9063135506764606,True,osteoporosis,osteoporosis,Osteoporosis_110.jpg,Osteoporosis_169.jpg,dataset2,dataset2
539,604,2,0.8829591732393587,True,osteoporosis,osteoporosis,Osteoporosis_110.jpg,Osteoporosis_170.jpg,dataset2,dataset2
539,605,6,0.9237857082759587,True,osteoporosis,osteoporosis,Osteoporosis_110.jpg,Osteoporosis_171.jpg,dataset2,dataset2
539,606,6,0.7257532575791286,True,osteoporosis,osteoporosis,Osteoporosis_110.jpg,Osteoporosis_173.jpg,dataset2,dataset2
539,608,6,0.8950039553776155,True,osteoporosis,osteoporosis,Osteoporosis_110.jpg,Osteoporosis_175.jpg,dataset2,dataset2
539,613,3,0.8843892505054604,True,osteoporosis,osteoporosis,Osteoporosis_110.jpg,Osteoporosis_180.jpg,dataset2,dataset2
539,614,3,0.8998539077013904,True,osteoporosis,osteoporosis,Osteoporosis_110.jpg,Osteoporosis_181.jpg,dataset2,dataset2
539,615,1,0.966044274208635,True,osteoporosis,osteoporosis,Osteoporosis_110.jpg,Osteoporosis_182.jpg,dataset2,dataset2
539,617,4,0.9243262579965535,True,osteoporosis,osteoporosis,Osteoporosis_110.jpg,Osteoporosis_184.jpg,dataset2,dataset2
539,682,3,0.8705081924220719,True,osteoporosis,osteoporosis,Osteoporosis_110.jpg,Osteoporosis_80.jpg,dataset2,dataset2
539,686,0,0.9221774726668956,True,osteoporosis,osteoporosis,Osteoporosis_110.jpg,Osteoporosis_84.jpg,dataset2,dataset2
539,687,1,0.9509105600861187,True,osteoporosis,osteoporosis,Osteoporosis_110.jpg,Osteoporosis_85.jpg,dataset2,dataset2
539,689,1,0.9018745052294059,True,osteoporosis,osteoporosis,Osteoporosis_110.jpg,Osteoporosis_87.jpg,dataset2,dataset2
539,695,2,0.9290169121780117,True,osteoporosis,osteoporosis,Osteoporosis_110.jpg,Osteoporosis_95.jpg,dataset2,dataset2
539,697,2,0.8925326415110502,True,osteoporosis,osteoporosis,Osteoporosis_110.jpg,Osteoporosis_98.jpg,dataset2,dataset2
539,698,5,0.9141488478595947,True,osteoporosis,osteoporosis,Osteoporosis_110.jpg,Osteoporosis_99.jpg,dataset2,dataset2
541,547,5,0.8782322917358943,True,osteoporosis,osteoporosis,Osteoporosis_112.jpg,Osteoporosis_118.jpg,dataset2,dataset2
541,552,2,0.9621782283054408,True,osteoporosis,osteoporosis,Osteoporosis_112.jpg,Osteoporosis_122.jpg,dataset2,dataset2
541,557,4,0.9253485913018753,True,osteoporosis,osteoporosis,Osteoporosis_112.jpg,Osteoporosis_127.jpg,dataset2,dataset2
541,562,5,0.8891994436457452,True,osteoporosis,osteoporosis,Osteoporosis_112.jpg,Osteoporosis_131.jpg,dataset2,dataset2
541,565,5,0.810589489121291,True,osteoporosis,osteoporosis,Osteoporosis_112.jpg,Osteoporosis_134.jpg,dataset2,dataset2
541,568,2,0.8866081899001058,True,osteoporosis,osteoporosis,Osteoporosis_112.jpg,Osteoporosis_137.jpg,dataset2,dataset2
541,569,3,0.9417159466268639,True,osteoporosis,osteoporosis,Osteoporosis_112.jpg,Osteoporosis_138.jpg,dataset2,dataset2
541,599,1,0.9233630269528524,True,osteoporosis,osteoporosis,Osteoporosis_112.jpg,Osteoporosis_166.jpg,dataset2,dataset2
541,601,5,0.8467054990645247,True,osteoporosis,osteoporosis,Osteoporosis_112.jpg,Osteoporosis_168.jpg,dataset2,dataset2
541,604,3,0.9488701272948851,True,osteoporosis,osteoporosis,Osteoporosis_112.jpg,Osteoporosis_170.jpg,dataset2,dataset2
541,605,3,0.8949480377397461,True,osteoporosis,osteoporosis,Osteoporosis_112.jpg,Osteoporosis_171.jpg,dataset2,dataset2
541,606,5,0.8829582025117737,True,osteoporosis,osteoporosis,Osteoporosis_112.jpg,Osteoporosis_173.jpg,dataset2,dataset2
541,613,2,0.9302088179014913,True,osteoporosis,osteoporosis,Osteoporosis_112.jpg,Osteoporosis_180.jpg,dataset2,dataset2
541,615,6,0.8377381682045917,True,osteoporosis,osteoporosis,Osteoporosis_112.jpg,Osteoporosis_182.jpg,dataset2,dataset2
541,617,5,0.887699233083938,True,osteoporosis,osteoporosis,Osteoporosis_112.jpg,Osteoporosis_184.jpg,dataset2,dataset2
541,686,5,0.806246444325136,True,osteoporosis,osteoporosis,Osteoporosis_112.jpg,Osteoporosis_84.jpg,dataset2,dataset2
541,687,6,0.8843701753240637,True,osteoporosis,osteoporosis,Osteoporosis_112.jpg,Osteoporosis_85.jpg,dataset2,dataset2
541,689,4,0.878592454899082,True,osteoporosis,osteoporosis,Osteoporosis_112.jpg,Osteoporosis_87.jpg,dataset2,dataset2
541,694,1,0.9548086728282202,True,osteoporosis,osteoporosis,Osteoporosis_112.jpg,Osteoporosis_94.jpg,dataset2,dataset2
541,697,3,0.9389550707819843,True,osteoporosis,osteoporosis,Osteoporosis_112.jpg,Osteoporosis_98.jpg,dataset2,dataset2
541,698,4,0.9287666183688467,True,osteoporosis,osteoporosis,Osteoporosis_112.jpg,Osteoporosis_99.jpg,dataset2,dataset2
547,568,5,0.902082727577701,True,osteoporosis,osteoporosis,Osteoporosis_118.jpg,Osteoporosis_137.jpg,dataset2,dataset2
547,569,6,0.9184667573912194,True,osteoporosis,osteoporosis,Osteoporosis_118.jpg,Osteoporosis_138.jpg,dataset2,dataset2
547,599,4,0.7799197798069102,True,osteoporosis,osteoporosis,Osteoporosis_118.jpg,Osteoporosis_166.jpg,dataset2,dataset2
547,602,5,0.9475938062181093,True,osteoporosis,osteoporosis,Osteoporosis_118.jpg,Osteoporosis_169.jpg,dataset2,dataset2
547,604,6,0.8980617069377378,True,osteoporosis,osteoporosis,Osteoporosis_118.jpg,Osteoporosis_170.jpg,dataset2,dataset2
547,613,5,0.8536213193563453,True,osteoporosis,osteoporosis,Osteoporosis_118.jpg,Osteoporosis_180.jpg,dataset2,dataset2
547,617,4,0.9363665125337979,True,osteoporosis,osteoporosis,Osteoporosis_118.jpg,Osteoporosis_184.jpg,dataset2,dataset2
547,697,6,0.9208528583344128,True,osteoporosis,osteoporosis,Osteoporosis_118.jpg,Osteoporosis_98.jpg,dataset2,dataset2
548,696,4,0.9706135354597316,True,osteoporosis,osteoporosis,Osteoporosis_119.jpg,Osteoporosis_96.jpg,dataset2,dataset2
552,557,2,0.9359709517499625,True,osteoporosis,osteoporosis,Osteoporosis_122.jpg,Osteoporosis_127.jpg,dataset2,dataset2
552,694,1,0.9315356119245446,True,osteoporosis,osteoporosis,Osteoporosis_122.jpg,Osteoporosis_94.jpg,dataset2,dataset2
553,586,6,0.9504833786267148,True,osteoporosis,osteoporosis,Osteoporosis_123.jpg,Osteoporosis_153.jpg,dataset2,dataset2
555,562,2,0.9700358715995494,True,osteoporosis,osteoporosis,Osteoporosis_125.jpg,Osteoporosis_131.jpg,dataset2,dataset2
555,565,2,0.9418006855497796,True,osteoporosis,osteoporosis,Osteoporosis_125.jpg,Osteoporosis_134.jpg,dataset2,dataset2
555,567,5,0.9412932029146944,True,osteoporosis,osteoporosis,Osteoporosis_125.jpg,Osteoporosis_136.jpg,dataset2,dataset2
555,568,5,0.9019733358535598,True,osteoporosis,osteoporosis,Osteoporosis_125.jpg,Osteoporosis_137.jpg,dataset2,dataset2
555,569,4,0.9356876027188168,True,osteoporosis,osteoporosis,Osteoporosis_125.jpg,Osteoporosis_138.jpg,dataset2,dataset2
555,599,6,0.8075839513624867,True,osteoporosis,osteoporosis,Osteoporosis_125.jpg,Osteoporosis_166.jpg,dataset2,dataset2
555,601,2,0.9543055797216092,True,osteoporosis,osteoporosis,Osteoporosis_125.jpg,Osteoporosis_168.jpg,dataset2,dataset2
555,604,4,0.8917557991909733,True,osteoporosis,osteoporosis,Osteoporosis_125.jpg,Osteoporosis_170.jpg,dataset2,dataset2
555,606,6,0.7141450495529649,True,osteoporosis,osteoporosis,Osteoporosis_125.jpg,Osteoporosis_173.jpg,dataset2,dataset2
555,608,6,0.9547490222824917,True,osteoporosis,osteoporosis,Osteoporosis_125.jpg,Osteoporosis_175.jpg,dataset2,dataset2
555,613,5,0.8827764282571475,True,osteoporosis,osteoporosis,Osteoporosis_125.jpg,Osteoporosis_180.jpg,dataset2,dataset2
555,614,5,0.9229757857366726,True,osteoporosis,osteoporosis,Osteoporosis_125.jpg,Osteoporosis_181.jpg,dataset2,dataset2
555,615,3,0.9414159748154272,True,osteoporosis,osteoporosis,Osteoporosis_125.jpg,Osteoporosis_182.jpg,dataset2,dataset2
555,617,6,0.9602232050914516,True,osteoporosis,osteoporosis,Osteoporosis_125.jpg,Osteoporosis_184.jpg,dataset2,dataset2
555,682,5,0.8891992147371709,True,osteoporosis,osteoporosis,Osteoporosis_125.jpg,Osteoporosis_80.jpg,dataset2,dataset2
555,686,2,0.9640978112467165,True,osteoporosis,osteoporosis,Osteoporosis_125.jpg,Osteoporosis_84.jpg,dataset2,dataset2
555,687,3,0.9291095674602827,True,osteoporosis,osteoporosis,Osteoporosis_125.jpg,Osteoporosis_85.jpg,dataset2,dataset2
555,689,3,0.894194394259824,True,osteoporosis,osteoporosis,Osteoporosis_125.jpg,Osteoporosis_87.jpg,dataset2,dataset2
555,695,4,0.9666469294137526,True,osteoporosis,osteoporosis,Osteoporosis_125.jpg,Osteoporosis_95.jpg,dataset2,dataset2
555,697,4,0.9211197509221442,True,osteoporosis,osteoporosis,Osteoporosis_125.jpg,Osteoporosis_98.jpg,dataset2,dataset2
557,694,3,0.9355805144833791,True,osteoporosis,osteoporosis,Osteoporosis_127.jpg,Osteoporosis_94.jpg,dataset2,dataset2
561,594,3,0.8935876462329662,True,osteoporosis,osteoporosis,Osteoporosis_130.jpg,Osteoporosis_161.jpg,dataset2,dataset2
561,667,2,0.9956548141234036,True,osteoporosis,osteoporosis,Osteoporosis_130.jpg,Osteoporosis_67.jpg,dataset2,dataset2
561,675,6,0.8672082984750045,True,osteoporosis,osteoporosis,Osteoporosis_130.jpg,Osteoporosis_74.jpg,dataset2,dataset2
562,565,0,0.9435251862691889,True,osteoporosis,osteoporosis,Osteoporosis_131.jpg,Osteoporosis_134.jpg,dataset2,dataset2
562,567,5,0.9355355651905507,True,osteoporosis,osteoporosis,Osteoporosis_131.jpg,Osteoporosis_136.jpg,dataset2,dataset2
562,568,3,0.8984036861636844,True,osteoporosis,osteoporosis,Osteoporosis_131.jpg,Osteoporosis_137.jpg,dataset2,dataset2
562,569,2,0.957365024290123,True,osteoporosis,osteoporosis,Osteoporosis_131.jpg,Osteoporosis_138.jpg,dataset2,dataset2
562,599,4,0.8289800552599546,True,osteoporosis,osteoporosis,Osteoporosis_131.jpg,Osteoporosis_166.jpg,dataset2,dataset2
562,601,0,0.9720530775963934,True,osteoporosis,osteoporosis,Osteoporosis_131.jpg,Osteoporosis_168.jpg,dataset2,dataset2
562,602,5,0.9352291199425516,True,osteoporosis,osteoporosis,Osteoporosis_131.jpg,Osteoporosis_169.jpg,dataset2,dataset2
562,604,2,0.9149476732093311,True,osteoporosis,osteoporosis,Osteoporosis_131.jpg,Osteoporosis_170.jpg,dataset2,dataset2
562,605,6,0.9259229183318601,True,osteoporosis,osteoporosis,Osteoporosis_131.jpg,Osteoporosis_171.jpg,dataset2,dataset2
562,606,6,0.7578201194863928,True,osteoporosis,osteoporosis,Osteoporosis_131.jpg,Osteoporosis_173.jpg,dataset2,dataset2
562,608,6,0.9333373702089192,True,osteoporosis,osteoporosis,Osteoporosis_131.jpg,Osteoporosis_175.jpg,dataset2,dataset2
562,613,3,0.9051994177820764,True,osteoporosis,osteoporosis,Osteoporosis_131.jpg,Osteoporosis_180.jpg,dataset2,dataset2
562,614,3,0.8996400211545024,True,osteoporosis,osteoporosis,Osteoporosis_131.jpg,Osteoporosis_181.jpg,dataset2,dataset2
562,615,1,0.9529053852706815,True,osteoporosis,osteoporosis,Osteoporosis_131.jpg,Osteoporosis_182.jpg,dataset2,dataset2
562,617,4,0.9450821907317764,True,osteoporosis,osteoporosis,Osteoporosis_131.jpg,Osteoporosis_184.jpg,dataset2,dataset2
562,682,3,0.8771031420130535,True,osteoporosis,osteoporosis,Osteoporosis_131.jpg,Osteoporosis_80.jpg,dataset2,dataset2
562,686,0,0.9423621195943619,True,osteoporosis,osteoporosis,Osteoporosis_131.jpg,Osteoporosis_84.jpg,dataset2,dataset2
562,687,1,0.9715143922351881,True,osteoporosis,osteoporosis,Osteoporosis_131.jpg,Osteoporosis_85.jpg,dataset2,dataset2
562,689,1,0.9196109693565893,True,osteoporosis,osteoporosis,Osteoporosis_131.jpg,Osteoporosis_87.jpg,dataset2,dataset2
562,695,2,0.9616159434332938,True,osteoporosis,osteoporosis,Osteoporosis_131.jpg,Osteoporosis_95.jpg,dataset2,dataset2
562,697,2,0.9252828701542867,True,osteoporosis,osteoporosis,Osteoporosis_131.jpg,Osteoporosis_98.jpg,dataset2,dataset2
562,698,5,0.9269393235425619,True,osteoporosis,osteoporosis,Osteoporosis_131.jpg,Osteoporosis_99.jpg,dataset2,dataset2
564,568,2,0.9142608941275148,True,osteoporosis,osteoporosis,Osteoporosis_133.jpg,Osteoporosis_137.jpg,dataset2,dataset2
564,694,3,0.9095713491582476,True,osteoporosis,osteoporosis,Osteoporosis_133.jpg,Osteoporosis_94.jpg,dataset2,dataset2
564,698,4,0.9364238171627469,True,osteoporosis,osteoporosis,Osteoporosis_133.jpg,Osteoporosis_99.jpg,dataset2,dataset2
565,567,5,0.9552609806895649,True,osteoporosis,osteoporosis,Osteoporosis_134.jpg,Osteoporosis_136.jpg,dataset2,dataset2
565,568,3,0.8678125420769337,True,osteoporosis,osteoporosis,Osteoporosis_134.jpg,Osteoporosis_137.jpg,dataset2,dataset2
565,569,2,0.8984457408264974,True,osteoporosis,osteoporosis,Osteoporosis_134.jpg,Osteoporosis_138.jpg,dataset2,dataset2
565,599,4,0.7569748202785652,True,osteoporosis,osteoporosis,Osteoporosis_134.jpg,Osteoporosis_166.jpg,dataset2,dataset2
565,601,0,0.9536381458478287,True,osteoporosis,osteoporosis,Osteoporosis_134.jpg,Osteoporosis_168.jpg,dataset2,dataset2
565,602,5,0.946046673909892,True,osteoporosis,osteoporosis,Osteoporosis_134.jpg,Osteoporosis_169.jpg,dataset2,dataset2
565,604,2,0.873558745273352,True,osteoporosis,osteoporosis,Osteoporosis_134.jpg,Osteoporosis_170.jpg,dataset2,dataset2
565,605,6,0.9021106283525222,True,osteoporosis,osteoporosis,Osteoporosis_134.jpg,Osteoporosis_171.jpg,dataset2,dataset2
565,606,6,0.6660877355699188,True,osteoporosis,osteoporosis,Osteoporosis_134.jpg,Osteoporosis_173.jpg,dataset2,dataset2
565,608,6,0.927138388163542,True,osteoporosis,osteoporosis,Osteoporosis_134.jpg,Osteoporosis_175.jpg,dataset2,dataset2
565,613,3,0.8615787067808167,True,osteoporosis,osteoporosis,Osteoporosis_134.jpg,Osteoporosis_180.jpg,dataset2,dataset2
565,614,3,0.9183079232501814,True,osteoporosis,osteoporosis,Osteoporosis_134.jpg,Osteoporosis_181.jpg,dataset2,dataset2
565,615,1,0.945222097891264,True,osteoporosis,osteoporosis,Osteoporosis_134.jpg,Osteoporosis_182.jpg,dataset2,dataset2
565,617,4,0.9206235706696068,True,osteoporosis,osteoporosis,Osteoporosis_134.jpg,Osteoporosis_184.jpg,dataset2,dataset2
565,682,3,0.9053153972638623,True,osteoporosis,osteoporosis,Osteoporosis_134.jpg,Osteoporosis_80.jpg,dataset2,dataset2
565,686,0,0.9491324896919092,True,osteoporosis,osteoporosis,Osteoporosis_134.jpg,Osteoporosis_84.jpg,dataset2,dataset2
565,687,1,0.9246349738150068,True,osteoporosis,osteoporosis,Osteoporosis_134.jpg,Osteoporosis_85.jpg,dataset2,dataset2
565,689,1,0.8684555997369087,True,osteoporosis,osteoporosis,Osteoporosis_134.jpg,Osteoporosis_87.jpg,dataset2,dataset2
565,695,2,0.94656810253236,True,osteoporosis,osteoporosis,Osteoporosis_134.jpg,Osteoporosis_95.jpg,dataset2,dataset2
565,697,2,0.8859524869182005,True,osteoporosis,osteoporosis,Osteoporosis_134.jpg,Osteoporosis_98.jpg,dataset2,dataset2
565,698,5,0.8776736625531567,True,osteoporosis,osteoporosis,Osteoporosis_134.jpg,Osteoporosis_99.jpg,dataset2,dataset2
567,601,5,0.939628179741373,True,osteoporosis,osteoporosis,Osteoporosis_136.jpg,Osteoporosis_168.jpg,dataset2,dataset2
567,615,4,0.9231414670622944,True,osteoporosis,osteoporosis,Osteoporosis_136.jpg,Osteoporosis_182.jpg,dataset2,dataset2
567,686,5,0.9629625054352066,True,osteoporosis,osteoporosis,Osteoporosis_136.jpg,Osteoporosis_84.jpg,dataset2,dataset2
567,687,4,0.8984887313471349,True,osteoporosis,osteoporosis,Osteoporosis_136.jpg,Osteoporosis_85.jpg,dataset2,dataset2
567,689,6,0.8613212504103761,True,osteoporosis,osteoporosis,Osteoporosis_136.jpg,Osteoporosis_87.jpg,dataset2,dataset2
567,695,3,0.9407871086734436,True,osteoporosis,osteoporosis,Osteoporosis_136.jpg,Osteoporosis_95.jpg,dataset2,dataset2
568,569,1,0.9087898311435356,True,osteoporosis,osteoporosis,Osteoporosis_137.jpg,Osteoporosis_138.jpg,dataset2,dataset2
568,599,1,0.8050178685218029,True,osteoporosis,osteoporosis,Osteoporosis_137.jpg,Osteoporosis_166.jpg,dataset2,dataset2
568,601,3,0.8780285631916331,True,osteoporosis,osteoporosis,Osteoporosis_137.jpg,Osteoporosis_168.jpg,dataset2,dataset2
568,602,6,0.8804243204057203,True,osteoporosis,osteoporosis,Osteoporosis_137.jpg,Osteoporosis_169.jpg,dataset2,dataset2
568,604,3,0.8939950635266701,True,osteoporosis,osteoporosis,Osteoporosis_137.jpg,Osteoporosis_170.jpg,dataset2,dataset2
568,605,3,0.9037155899237039,True,osteoporosis,osteoporosis,Osteoporosis_137.jpg,Osteoporosis_171.jpg,dataset2,dataset2
568,606,5,0.7401728503014732,True,osteoporosis,osteoporosis,Osteoporosis_137.jpg,Osteoporosis_173.jpg,dataset2,dataset2
568,613,2,0.8665489901157469,True,osteoporosis,osteoporosis,Osteoporosis_137.jpg,Osteoporosis_180.jpg,dataset2,dataset2
568,614,6,0.8372020773346783,True,osteoporosis,osteoporosis,Osteoporosis_137.jpg,Osteoporosis_181.jpg,dataset2,dataset2
568,615,4,0.8818652184446185,True,osteoporosis,osteoporosis,Osteoporosis_137.jpg,Osteoporosis_182.jpg,dataset2,dataset2
568,617,3,0.9295193797232831,True,osteoporosis,osteoporosis,Osteoporosis_137.jpg,Osteoporosis_184.jpg,dataset2,dataset2
568,682,6,0.7996356384819475,True,osteoporosis,osteoporosis,Osteoporosis_137.jpg,Osteoporosis_80.jpg,dataset2,dataset2
568,686,3,0.8719866188404823,True,osteoporosis,osteoporosis,Osteoporosis_137.jpg,Osteoporosis_84.jpg,dataset2,dataset2
568,687,4,0.8788497760051059,True,osteoporosis,osteoporosis,Osteoporosis_137.jpg,Osteoporosis_85.jpg,dataset2,dataset2
568,689,4,0.9152318824599357,True,osteoporosis,osteoporosis,Osteoporosis_137.jpg,Osteoporosis_87.jpg,dataset2,dataset2
568,695,5,0.8893953768466072,True,osteoporosis,osteoporosis,Osteoporosis_137.jpg,Osteoporosis_95.jpg,dataset2,dataset2
568,697,3,0.9256871677584108,True,osteoporosis,osteoporosis,Osteoporosis_137.jpg,Osteoporosis_98.jpg,dataset2,dataset2
568,698,2,0.8885925896369335,True,osteoporosis,osteoporosis,Osteoporosis_137.jpg,Osteoporosis_99.jpg,dataset2,dataset2
569,599,2,0.9019512831558452,True,osteoporosis,osteoporosis,Osteoporosis_138.jpg,Osteoporosis_166.jpg,dataset2,dataset2
569,601,2,0.9220643042549996,True,osteoporosis,osteoporosis,Osteoporosis_138.jpg,Osteoporosis_168.jpg,dataset2,dataset2
569,602,5,0.8961457816281114,True,osteoporosis,osteoporosis,Osteoporosis_138.jpg,Osteoporosis_169.jpg,dataset2,dataset2
569,604,2,0.9435692433774465,True,osteoporosis,osteoporosis,Osteoporosis_138.jpg,Osteoporosis_170.jpg,dataset2,dataset2
569,605,4,0.9321404292126784,True,osteoporosis,osteoporosis,Osteoporosis_138.jpg,Osteoporosis_171.jpg,dataset2,dataset2
569,606,4,0.8476621335007091,True,osteoporosis,osteoporosis,Osteoporosis_138.jpg,Osteoporosis_173.jpg,dataset2,dataset2
569,613,1,0.9439950311931149,True,osteoporosis,osteoporosis,Osteoporosis_138.jpg,Osteoporosis_180.jpg,dataset2,dataset2
569,614,5,0.8391693922075714,True,osteoporosis,osteoporosis,Osteoporosis_138.jpg,Osteoporosis_181.jpg,dataset2,dataset2
569,615,3,0.91469268196709,True,osteoporosis,osteoporosis,Osteoporosis_138.jpg,Osteoporosis_182.jpg,dataset2,dataset2
569,617,2,0.9363750210190683,True,osteoporosis,osteoporosis,Osteoporosis_138.jpg,Osteoporosis_184.jpg,dataset2,dataset2
569,682,5,0.80532800594764,True,osteoporosis,osteoporosis,Osteoporosis_138.jpg,Osteoporosis_80.jpg,dataset2,dataset2
569,686,2,0.8873887238264933,True,osteoporosis,osteoporosis,Osteoporosis_138.jpg,Osteoporosis_84.jpg,dataset2,dataset2
569,687,3,0.9542022209498121,True,osteoporosis,osteoporosis,Osteoporosis_138.jpg,Osteoporosis_85.jpg,dataset2,dataset2
569,689,3,0.9201337210793666,True,osteoporosis,osteoporosis,Osteoporosis_138.jpg,Osteoporosis_87.jpg,dataset2,dataset2
569,695,4,0.9250043729825913,True,osteoporosis,osteoporosis,Osteoporosis_138.jpg,Osteoporosis_95.jpg,dataset2,dataset2
569,697,2,0.9444855437880298,True,osteoporosis,osteoporosis,Osteoporosis_138.jpg,Osteoporosis_98.jpg,dataset2,dataset2
569,698,3,0.9668772776234681,True,osteoporosis,osteoporosis,Osteoporosis_138.jpg,Osteoporosis_99.jpg,dataset2,dataset2
571,649,5,0.9112309598869489,True,osteoporosis,osteoporosis,Osteoporosis_14.jpg,Osteoporosis_5.jpg,dataset2,dataset2
571,650,6,0.7601770536060528,True,osteoporosis,osteoporosis,Osteoporosis_14.jpg,Osteoporosis_50.jpg,dataset2,dataset2
580,580,0,1.0,True,osteoporosis,osteoporosis,Osteoporosis_148.jpg,Osteoporosis_148.jpg,dataset2,dataset2
580,581,4,0.9276502457815832,True,osteoporosis,osteoporosis,Osteoporosis_148.jpg,Osteoporosis_149.jpg,dataset2,dataset2
580,583,6,0.9266601670285332,True,osteoporosis,osteoporosis,Osteoporosis_148.jpg,Osteoporosis_150.jpg,dataset2,dataset2
580,589,6,0.864790293305638,True,osteoporosis,osteoporosis,Osteoporosis_148.jpg,Osteoporosis_156.jpg,dataset2,dataset2
581,583,6,0.895024818747292,True,osteoporosis,osteoporosis,Osteoporosis_149.jpg,Osteoporosis_150.jpg,dataset2,dataset2
582,662,5,0.8967330446850926,True,osteoporosis,osteoporosis,Osteoporosis_15.jpg,Osteoporosis_62.jpg,dataset2,dataset2
590,590,0,1.0,True,osteoporosis,osteoporosis,Osteoporosis_157.jpg,Osteoporosis_157.jpg,dataset2,dataset2
590,625,6,0.8706092968696428,True,osteoporosis,osteoporosis,Osteoporosis_157.jpg,Osteoporosis_26.jpg,dataset2,dataset2
594,667,1,0.898165040551397,True,osteoporosis,osteoporosis,Osteoporosis_161.jpg,Osteoporosis_67.jpg,dataset2,dataset2
594,672,6,0.9034430904300541,True,osteoporosis,osteoporosis,Osteoporosis_161.jpg,Osteoporosis_71.jpg,dataset2,dataset2
594,675,3,0.9179348385618953,True,osteoporosis,osteoporosis,Osteoporosis_161.jpg,Osteoporosis_74.jpg,dataset2,dataset2
595,643,6,0.6566867873949526,True,osteoporosis,osteoporosis,Osteoporosis_162.jpg,Osteoporosis_44.jpg,dataset2,dataset2
599,601,4,0.7949066683917954,True,osteoporosis,osteoporosis,Osteoporosis_166.jpg,Osteoporosis_168.jpg,dataset2,dataset2
599,604,2,0.9180976391381803,True,osteoporosis,osteoporosis,Osteoporosis_166.jpg,Osteoporosis_170.jpg,dataset2,dataset2
599,605,4,0.8298078408954382,True,osteoporosis,osteoporosis,Osteoporosis_166.jpg,Osteoporosis_171.jpg,dataset2,dataset2
599,606,4,0.9058471101816448,True,osteoporosis,osteoporosis,Osteoporosis_166.jpg,Osteoporosis_173.jpg,dataset2,dataset2
599,613,1,0.9172820890339851,True,osteoporosis,osteoporosis,Osteoporosis_166.jpg,Osteoporosis_180.jpg,dataset2,dataset2
599,615,5,0.7932158339470357,True,osteoporosis,osteoporosis,Osteoporosis_166.jpg,Osteoporosis_182.jpg,dataset2,dataset2
599,617,4,0.8160491850035057,True,osteoporosis,osteoporosis,Osteoporosis_166.jpg,Osteoporosis_184.jpg,dataset2,dataset2
599,686,4,0.7355289883660309,True,osteoporosis,osteoporosis,Osteoporosis_166.jpg,Osteoporosis_84.jpg,dataset2,dataset2
599,687,5,0.8403271890089059,True,osteoporosis,osteoporosis,Osteoporosis_166.jpg,Osteoporosis_85.jpg,dataset2,dataset2
599,689,3,0.8481049659764115,True,osteoporosis,osteoporosis,Osteoporosis_166.jpg,Osteoporosis_87.jpg,dataset2,dataset2
599,695,6,0.7890754572783087,True,osteoporosis,osteoporosis,Osteoporosis_166.jpg,Osteoporosis_95.jpg,dataset2,dataset2
599,697,2,0.8620271452280124,True,osteoporosis,osteoporosis,Osteoporosis_166.jpg,Osteoporosis_98.jpg,dataset2,dataset2
599,698,3,0.9165477195907441,True,osteoporosis,osteoporosis,Osteoporosis_166.jpg,Osteoporosis_99.jpg,dataset2,dataset2
600,685,1,0.979904769706139,True,osteoporosis,osteoporosis,Osteoporosis_167.jpg,Osteoporosis_83.jpg,dataset2,dataset2
601,602,5,0.9340993246599774,True,osteoporosis,osteoporosis,Osteoporosis_168.jpg,Osteoporosis_169.jpg,dataset2,dataset2
601,604,2,0.8888987162258948,True,osteoporosis,osteoporosis,Osteoporosis_168.jpg,Osteoporosis_170.jpg,dataset2,dataset2
601,605,6,0.9277257370468592,True,osteoporosis,osteoporosis,Osteoporosis_168.jpg,Osteoporosis_171.jpg,dataset2,dataset2
601,606,6,0.6949589475629667,True,osteoporosis,osteoporosis,Osteoporosis_168.jpg,Osteoporosis_173.jpg,dataset2,dataset2
601,608,6,0.9260319751838655,True,osteoporosis,osteoporosis,Osteoporosis_168.jpg,Osteoporosis_175.jpg,dataset2,dataset2
601,613,3,0.8748641776459855,True,osteoporosis,osteoporosis,Osteoporosis_168.jpg,Osteoporosis_180.jpg,dataset2,dataset2
601,614,3,0.9210519209324983,True,osteoporosis,osteoporosis,Osteoporosis_168.jpg,Osteoporosis_181.jpg,dataset2,dataset2
601,615,1,0.9714694879673071,True,osteoporosis,osteoporosis,Osteoporosis_168.jpg,Osteoporosis_182.jpg,dataset2,dataset2
601,617,4,0.9324505684094886,True,osteoporosis,osteoporosis,Osteoporosis_168.jpg,Osteoporosis_184.jpg,dataset2,dataset2
601,682,3,0.9078583433406033,True,osteoporosis,osteoporosis,Osteoporosis_168.jpg,Osteoporosis_80.jpg,dataset2,dataset2
601,686,0,0.9454780238765335,True,osteoporosis,osteoporosis,Osteoporosis_168.jpg,Osteoporosis_84.jpg,dataset2,dataset2
601,687,1,0.9586086636969929,True,osteoporosis,osteoporosis,Osteoporosis_168.jpg,Osteoporosis_85.jpg,dataset2,dataset2
601,689,1,0.9013408175433082,True,osteoporosis,osteoporosis,Osteoporosis_168.jpg,Osteoporosis_87.jpg,dataset2,dataset2
601,695,2,0.9519536803634481,True,osteoporosis,osteoporosis,Osteoporosis_168.jpg,Osteoporosis_95.jpg,dataset2,dataset2
601,697,2,0.8994308600849226,True,osteoporosis,osteoporosis,Osteoporosis_168.jpg,Osteoporosis_98.jpg,dataset2,dataset2
601,698,5,0.8981815262829393,True,osteoporosis,osteoporosis,Osteoporosis_168.jpg,Osteoporosis_99.jpg,dataset2,dataset2
602,604,5,0.8442576146183748,True,osteoporosis,osteoporosis,Osteoporosis_169.jpg,Osteoporosis_170.jpg,dataset2,dataset2
602,613,6,0.8275421511635928,True,osteoporosis,osteoporosis,Osteoporosis_169.jpg,Osteoporosis_180.jpg,dataset2,dataset2
602,615,4,0.9269184760952314,True,osteoporosis,osteoporosis,Osteoporosis_169.jpg,Osteoporosis_182.jpg,dataset2,dataset2
602,617,3,0.9463702374985046,True,osteoporosis,osteoporosis,Osteoporosis_169.jpg,Osteoporosis_184.jpg,dataset2,dataset2
602,686,5,0.9716034006529711,True,osteoporosis,osteoporosis,Osteoporosis_169.jpg,Osteoporosis_84.jpg,dataset2,dataset2
602,687,4,0.8818564263574463,True,osteoporosis,osteoporosis,Osteoporosis_169.jpg,Osteoporosis_85.jpg,dataset2,dataset2
602,689,6,0.8391998624276495,True,osteoporosis,osteoporosis,Osteoporosis_169.jpg,Osteoporosis_87.jpg,dataset2,dataset2
602,695,5,0.9419380084837742,True,osteoporosis,osteoporosis,Osteoporosis_169.jpg,Osteoporosis_95.jpg,dataset2,dataset2
602,697,5,0.8869616269119074,True,osteoporosis,osteoporosis,Osteoporosis_169.jpg,Osteoporosis_98.jpg,dataset2,dataset2
604,605,6,0.887554558654638,True,osteoporosis,osteoporosis,Osteoporosis_170.jpg,Osteoporosis_171.jpg,dataset2,dataset2
604,606,4,0.8527569863624735,True,osteoporosis,osteoporosis,Osteoporosis_170.jpg,Osteoporosis_173.jpg,dataset2,dataset2
604,613,1,0.9242362526962684,True,osteoporosis,osteoporosis,Osteoporosis_170.jpg,Osteoporosis_180.jpg,dataset2,dataset2
604,614,5,0.7814921292493697,True,osteoporosis,osteoporosis,Osteoporosis_170.jpg,Osteoporosis_181.jpg,dataset2,dataset2
604,615,3,0.878517920832081,True,osteoporosis,osteoporosis,Osteoporosis_170.jpg,Osteoporosis_182.jpg,dataset2,dataset2
604,617,4,0.8933880433334367,True,osteoporosis,osteoporosis,Osteoporosis_170.jpg,Osteoporosis_184.jpg,dataset2,dataset2
604,682,5,0.7340118976179686,True,osteoporosis,osteoporosis,Osteoporosis_170.jpg,Osteoporosis_80.jpg,dataset2,dataset2
604,686,2,0.8393032686390027,True,osteoporosis,osteoporosis,Osteoporosis_170.jpg,Osteoporosis_84.jpg,dataset2,dataset2
604,687,3,0.9105784833504511,True,osteoporosis,osteoporosis,Osteoporosis_170.jpg,Osteoporosis_85.jpg,dataset2,dataset2
604,689,1,0.9261539254841133,True,osteoporosis,osteoporosis,Osteoporosis_170.jpg,Osteoporosis_87.jpg,dataset2,dataset2
604,695,4,0.8807084534496696,True,osteoporosis,osteoporosis,Osteoporosis_170.jpg,Osteoporosis_95.jpg,dataset2,dataset2
604,697,0,0.9395583439477817,True,osteoporosis,osteoporosis,Osteoporosis_170.jpg,Osteoporosis_98.jpg,dataset2,dataset2
604,698,5,0.9313391567798451,True,osteoporosis,osteoporosis,Osteoporosis_170.jpg,Osteoporosis_99.jpg,dataset2,dataset2
605,613,5,0.9011032265520434,True,osteoporosis,osteoporosis,Osteoporosis_171.jpg,Osteoporosis_180.jpg,dataset2,dataset2
605,614,5,0.8965857253506414,True,osteoporosis,osteoporosis,Osteoporosis_171.jpg,Osteoporosis_181.jpg,dataset2,dataset2
605,617,6,0.9492831439900016,True,osteoporosis,osteoporosis,Osteoporosis_171.jpg,Osteoporosis_184.jpg,dataset2,dataset2
605,682,5,0.8489617439205145,True,osteoporosis,osteoporosis,Osteoporosis_171.jpg,Osteoporosis_80.jpg,dataset2,dataset2
605,686,6,0.900431821263083,True,osteoporosis,osteoporosis,Osteoporosis_171.jpg,Osteoporosis_84.jpg,dataset2,dataset2
605,697,6,0.9257476641864886,True,osteoporosis,osteoporosis,Osteoporosis_171.jpg,Osteoporosis_98.jpg,dataset2,dataset2
605,698,5,0.9257157178271858,True,osteoporosis,osteoporosis,Osteoporosis_171.jpg,Osteoporosis_99.jpg,dataset2,dataset2
606,613,3,0.91800420439653,True,osteoporosis,osteoporosis,Osteoporosis_173.jpg,Osteoporosis_180.jpg,dataset2,dataset2
606,617,6,0.7285267984843368,True,osteoporosis,osteoporosis,Osteoporosis_173.jpg,Osteoporosis_184.jpg,dataset2,dataset2
606,686,6,0.6340767554258586,True,osteoporosis,osteoporosis,Osteoporosis_173.jpg,Osteoporosis_84.jpg,dataset2,dataset2
606,689,5,0.7949271837135317,True,osteoporosis,osteoporosis,Osteoporosis_173.jpg,Osteoporosis_87.jpg,dataset2,dataset2
606,697,4,0.7956780723267958,True,osteoporosis,osteoporosis,Osteoporosis_173.jpg,Osteoporosis_98.jpg,dataset2,dataset2
608,686,6,0.9603802385696034,True,osteoporosis,osteoporosis,Osteoporosis_175.jpg,Osteoporosis_84.jpg,dataset2,dataset2
613,614,6,0.7881382489455089,True,osteoporosis,osteoporosis,Osteoporosis_180.jpg,Osteoporosis_181.jpg,dataset2,dataset2
613,615,4,0.8822025173988174,True,osteoporosis,osteoporosis,Osteoporosis_180.jpg,Osteoporosis_182.jpg,dataset2,dataset2
613,617,3,0.8934968783304087,True,osteoporosis,osteoporosis,Osteoporosis_180.jpg,Osteoporosis_184.jpg,dataset2,dataset2
613,682,6,0.7426591026596455,True,osteoporosis,osteoporosis,Osteoporosis_180.jpg,Osteoporosis_80.jpg,dataset2,dataset2
613,686,3,0.8395359737514618,True,osteoporosis,osteoporosis,Osteoporosis_180.jpg,Osteoporosis_84.jpg,dataset2,dataset2
613,687,4,0.9011140486820762,True,osteoporosis,osteoporosis,Osteoporosis_180.jpg,Osteoporosis_85.jpg,dataset2,dataset2
613,689,2,0.8877156144476289,True,osteoporosis,osteoporosis,Osteoporosis_180.jpg,Osteoporosis_87.jpg,dataset2,dataset2
613,695,5,0.8723604238030641,True,osteoporosis,osteoporosis,Osteoporosis_180.jpg,Osteoporosis_95.jpg,dataset2,dataset2
613,697,1,0.9051671985234446,True,osteoporosis,osteoporosis,Osteoporosis_180.jpg,Osteoporosis_98.jpg,dataset2,dataset2
613,698,4,0.9454893247019573,True,osteoporosis,osteoporosis,Osteoporosis_180.jpg,Osteoporosis_99.jpg,dataset2,dataset2
614,615,4,0.9231101132265036,True,osteoporosis,osteoporosis,Osteoporosis_181.jpg,Osteoporosis_182.jpg,dataset2,dataset2
614,682,0,0.9406109118721896,True,osteoporosis,osteoporosis,Osteoporosis_181.jpg,Osteoporosis_80.jpg,dataset2,dataset2
614,686,3,0.9453962728627224,True,osteoporosis,osteoporosis,Osteoporosis_181.jpg,Osteoporosis_84.jpg,dataset2,dataset2
614,687,4,0.8550427860587282,True,osteoporosis,osteoporosis,Osteoporosis_181.jpg,Osteoporosis_85.jpg,dataset2,dataset2
614,689,4,0.7947120397500206,True,osteoporosis,osteoporosis,Osteoporosis_181.jpg,Osteoporosis_87.jpg,dataset2,dataset2
614,695,5,0.9055043308790962,True,osteoporosis,osteoporosis,Osteoporosis_181.jpg,Osteoporosis_95.jpg,dataset2,dataset2
614,697,5,0.8351540114773597,True,osteoporosis,osteoporosis,Osteoporosis_181.jpg,Osteoporosis_98.jpg,dataset2,dataset2
615,617,3,0.9427497313387428,True,osteoporosis,osteoporosis,Osteoporosis_182.jpg,Osteoporosis_184.jpg,dataset2,dataset2
615,682,4,0.895582459930182,True,osteoporosis,osteoporosis,Osteoporosis_182.jpg,Osteoporosis_80.jpg,dataset2,dataset2
615,686,1,0.9393789560197221,True,osteoporosis,osteoporosis,Osteoporosis_182.jpg,Osteoporosis_84.jpg,dataset2,dataset2
615,687,0,0.9408424465722618,True,osteoporosis,osteoporosis,Osteoporosis_182.jpg,Osteoporosis_85.jpg,dataset2,dataset2
615,689,2,0.8809238873439647,True,osteoporosis,osteoporosis,Osteoporosis_182.jpg,Osteoporosis_87.jpg,dataset2,dataset2
615,695,1,0.9389628401256631,True,osteoporosis,osteoporosis,Osteoporosis_182.jpg,Osteoporosis_95.jpg,dataset2,dataset2
615,697,3,0.9031846589492719,True,osteoporosis,osteoporosis,Osteoporosis_182.jpg,Osteoporosis_98.jpg,dataset2,dataset2
615,698,6,0.8981779955360337,True,osteoporosis,osteoporosis,Osteoporosis_182.jpg,Osteoporosis_99.jpg,dataset2,dataset2
617,686,4,0.9446874931984087,True,osteoporosis,osteoporosis,Osteoporosis_184.jpg,Osteoporosis_84.jpg,dataset2,dataset2
617,687,3,0.9092505195387074,True,osteoporosis,osteoporosis,Osteoporosis_184.jpg,Osteoporosis_85.jpg,dataset2,dataset2
617,689,5,0.8786539912946743,True,osteoporosis,osteoporosis,Osteoporosis_184.jpg,Osteoporosis_87.jpg,dataset2,dataset2
617,695,4,0.9411602164453143,True,osteoporosis,osteoporosis,Osteoporosis_184.jpg,Osteoporosis_95.jpg,dataset2,dataset2
617,697,4,0.9428644299860951,True,osteoporosis,osteoporosis,Osteoporosis_184.jpg,Osteoporosis_98.jpg,dataset2,dataset2
617,698,5,0.9358980282295228,True,osteoporosis,osteoporosis,Osteoporosis_184.jpg,Osteoporosis_99.jpg,dataset2,dataset2
622,646,4,0.9502078858992848,True,osteoporosis,osteoporosis,Osteoporosis_23.jpg,Osteoporosis_47.jpg,dataset2,dataset2
622,664,6,0.951319499842787,True,osteoporosis,osteoporosis,Osteoporosis_23.jpg,Osteoporosis_64.jpg,dataset2,dataset2
622,676,5,0.9335027406492528,True,osteoporosis,osteoporosis,Osteoporosis_23.jpg,Osteoporosis_75.jpg,dataset2,dataset2
623,691,6,0.7571105508420966,True,osteoporosis,osteoporosis,Osteoporosis_24.jpg,Osteoporosis_9.jpg,dataset2,dataset2
624,665,6,0.670526867202883,True,osteoporosis,osteoporosis,Osteoporosis_25.jpg,Osteoporosis_65.jpg,dataset2,dataset2
624,671,5,0.5736528362987109,True,osteoporosis,osteoporosis,Osteoporosis_25.jpg,Osteoporosis_70.jpg,dataset2,dataset2
625,632,6,0.5826349194021787,True,osteoporosis,osteoporosis,Osteoporosis_26.jpg,Osteoporosis_34.jpg,dataset2,dataset2
625,652,6,0.9243743418282897,True,osteoporosis,osteoporosis,Osteoporosis_26.jpg,Osteoporosis_52.jpg,dataset2,dataset2
625,666,6,0.9188207887806544,True,osteoporosis,osteoporosis,Osteoporosis_26.jpg,Osteoporosis_66.jpg,dataset2,dataset2
625,670,3,0.9511762619011056,True,osteoporosis,osteoporosis,Osteoporosis_26.jpg,Osteoporosis_7.jpg,dataset2,dataset2
628,636,5,0.7026888067673736,True,osteoporosis,osteoporosis,Osteoporosis_29.jpg,Osteoporosis_38.jpg,dataset2,dataset2
628,639,5,0.7014177881307514,True,osteoporosis,osteoporosis,Osteoporosis_29.jpg,Osteoporosis_40.jpg,dataset2,dataset2
628,673,5,0.4636861840792049,True,osteoporosis,osteoporosis,Osteoporosis_29.jpg,Osteoporosis_72.jpg,dataset2,dataset2
632,638,6,0.5699830659219582,True,osteoporosis,osteoporosis,Osteoporosis_34.jpg,Osteoporosis_4.jpg,dataset2,dataset2
632,662,4,0.6662959515443694,True,osteoporosis,osteoporosis,Osteoporosis_34.jpg,Osteoporosis_62.jpg,dataset2,dataset2
633,673,5,0.43140193093892343,True,osteoporosis,osteoporosis,Osteoporosis_35.jpg,Osteoporosis_72.jpg,dataset2,dataset2
634,635,5,0.9877889285664587,True,osteoporosis,osteoporosis,Osteoporosis_36.jpg,Osteoporosis_37.jpg,dataset2,dataset2
635,635,0,0.9999999999999998,True,osteoporosis,osteoporosis,Osteoporosis_37.jpg,Osteoporosis_37.jpg,dataset2,dataset2
636,636,0,1.0,True,osteoporosis,osteoporosis,Osteoporosis_38.jpg,Osteoporosis_38.jpg,dataset2,dataset2
636,639,0,0.9998607649919269,True,osteoporosis,osteoporosis,Osteoporosis_38.jpg,Osteoporosis_40.jpg,dataset2,dataset2
636,649,4,0.9363154153507071,True,osteoporosis,osteoporosis,Osteoporosis_38.jpg,Osteoporosis_5.jpg,dataset2,dataset2
636,650,5,0.804611023037164,True,osteoporosis,osteoporosis,Osteoporosis_38.jpg,Osteoporosis_50.jpg,dataset2,dataset2
636,654,4,0.756944255236438,True,osteoporosis,osteoporosis,Osteoporosis_38.jpg,Osteoporosis_54.jpg,dataset2,dataset2
636,668,6,0.8542921984819535,True,osteoporosis,osteoporosis,Osteoporosis_38.jpg,Osteoporosis_68.jpg,dataset2,dataset2
636,673,6,0.4384565714450267,True,osteoporosis,osteoporosis,Osteoporosis_38.jpg,Osteoporosis_72.jpg,dataset2,dataset2
637,644,1,0.9900139149219243,True,osteoporosis,osteoporosis,Osteoporosis_39.jpg,Osteoporosis_45.jpg,dataset2,dataset2
639,639,0,1.0,True,osteoporosis,osteoporosis,Osteoporosis_40.jpg,Osteoporosis_40.jpg,dataset2,dataset2
639,649,4,0.9362777457855003,True,osteoporosis,osteoporosis,Osteoporosis_40.jpg,Osteoporosis_5.jpg,dataset2,dataset2
639,650,5,0.8047858195738166,True,osteoporosis,osteoporosis,Osteoporosis_40.jpg,Osteoporosis_50.jpg,dataset2,dataset2
639,654,4,0.756810031357899,True,osteoporosis,osteoporosis,Osteoporosis_40.jpg,Osteoporosis_54.jpg,dataset2,dataset2
639,668,6,0.8529683727424365,True,osteoporosis,osteoporosis,Osteoporosis_40.jpg,Osteoporosis_68.jpg,dataset2,dataset2
639,673,6,0.4363423402723461,True,osteoporosis,osteoporosis,Osteoporosis_40.jpg,Osteoporosis_72.jpg,dataset2,dataset2
640,647,2,0.9577358529785657,True,osteoporosis,osteoporosis,Osteoporosis_41.jpg,Osteoporosis_48.jpg,dataset2,dataset2
649,650,1,0.8121735809709332,True,osteoporosis,osteoporosis,Osteoporosis_5.jpg,Osteoporosis_50.jpg,dataset2,dataset2
649,654,6,0.7902654716496252,True,osteoporosis,osteoporosis,Osteoporosis_5.jpg,Osteoporosis_54.jpg,dataset2,dataset2
649,673,6,0.44051523514754387,True,osteoporosis,osteoporosis,Osteoporosis_5.jpg,Osteoporosis_72.jpg,dataset2,dataset2
652,655,6,0.8587702916658471,True,osteoporosis,osteoporosis,Osteoporosis_52.jpg,Osteoporosis_55.jpg,dataset2,dataset2
654,668,6,0.6881446790412888,True,osteoporosis,osteoporosis,Osteoporosis_54.jpg,Osteoporosis_68.jpg,dataset2,dataset2
657,657,0,0.9999999999999999,True,osteoporosis,osteoporosis,Osteoporosis_57.jpg,Osteoporosis_57.jpg,dataset2,dataset2
657,661,3,0.9105628193528363,True,osteoporosis,osteoporosis,Osteoporosis_57.jpg,Osteoporosis_61.jpg,dataset2,dataset2
659,659,0,1.0,True,osteoporosis,osteoporosis,Osteoporosis_59.jpg,Osteoporosis_59.jpg,dataset2,dataset2
665,671,5,0.8486855701650415,True,osteoporosis,osteoporosis,Osteoporosis_65.jpg,Osteoporosis_70.jpg,dataset2,dataset2
667,675,4,0.8703377310742045,True,osteoporosis,osteoporosis,Osteoporosis_67.jpg,Osteoporosis_74.jpg,dataset2,dataset2
669,672,4,0.9449251566088206,True,osteoporosis,osteoporosis,Osteoporosis_69.jpg,Osteoporosis_71.jpg,dataset2,dataset2
682,686,3,0.9177899635127241,True,osteoporosis,osteoporosis,Osteoporosis_80.jpg,Osteoporosis_84.jpg,dataset2,dataset2
682,687,4,0.8643199939898958,True,osteoporosis,osteoporosis,Osteoporosis_80.jpg,Osteoporosis_85.jpg,dataset2,dataset2
682,689,4,0.755929332440876,True,osteoporosis,osteoporosis,Osteoporosis_80.jpg,Osteoporosis_87.jpg,dataset2,dataset2
682,695,5,0.9011773064007127,True,osteoporosis,osteoporosis,Osteoporosis_80.jpg,Osteoporosis_95.jpg,dataset2,dataset2
682,697,5,0.7922237699126271,True,osteoporosis,osteoporosis,Osteoporosis_80.jpg,Osteoporosis_98.jpg,dataset2,dataset2
686,687,1,0.8943798460317287,True,osteoporosis,osteoporosis,Osteoporosis_84.jpg,Osteoporosis_85.jpg,dataset2,dataset2
686,689,1,0.847111823437315,True,osteoporosis,osteoporosis,Osteoporosis_84.jpg,Osteoporosis_87.jpg,dataset2,dataset2
686,695,2,0.9579505772622718,True,osteoporosis,osteoporosis,Osteoporosis_84.jpg,Osteoporosis_95.jpg,dataset2,dataset2
686,697,2,0.8805385462288506,True,osteoporosis,osteoporosis,Osteoporosis_84.jpg,Osteoporosis_98.jpg,dataset2,dataset2
686,698,5,0.8727316043107054,True,osteoporosis,osteoporosis,Osteoporosis_84.jpg,Osteoporosis_99.jpg,dataset2,dataset2
687,689,2,0.9191045947242036,True,osteoporosis,osteoporosis,Osteoporosis_85.jpg,Osteoporosis_87.jpg,dataset2,dataset2
687,695,1,0.9436093615183629,True,osteoporosis,osteoporosis,Osteoporosis_85.jpg,Osteoporosis_95.jpg,dataset2,dataset2
687,697,3,0.9163419437316591,True,osteoporosis,osteoporosis,Osteoporosis_85.jpg,Osteoporosis_98.jpg,dataset2,dataset2
687,698,6,0.9189492871935765,True,osteoporosis,osteoporosis,Osteoporosis_85.jpg,Osteoporosis_99.jpg,dataset2,dataset2
689,695,3,0.8772007339209493,True,osteoporosis,osteoporosis,Osteoporosis_87.jpg,Osteoporosis_95.jpg,dataset2,dataset2
689,697,1,0.894191065545939,True,osteoporosis,osteoporosis,Osteoporosis_87.jpg,Osteoporosis_98.jpg,dataset2,dataset2
689,698,6,0.9097271042366746,True,osteoporosis,osteoporosis,Osteoporosis_87.jpg,Osteoporosis_99.jpg,dataset2,dataset2
695,697,4,0.9149277566665368,True,osteoporosis,osteoporosis,Osteoporosis_95.jpg,Osteoporosis_98.jpg,dataset2,dataset2
697,698,5,0.9235128754827655,True,osteoporosis,osteoporosis,Osteoporosis_98.jpg,Osteoporosis_99.jpg,dataset2,dataset2
